# Resource object code (Python 3)
# Created by: object code
# Created by: The Resource Compiler for Qt version 6.10.1
# WARNING! All changes made in this file will be lost!

from PySide6 import QtCore

qt_resource_data = b"\
\x00\x00\x04\x87\
<\
?xml version=\x221.\
0\x22 standalone=\x22n\
o\x22?><!DOCTYPE sv\
g PUBLIC \x22-//W3C\
//DTD SVG 1.1//E\
N\x22 \x22http://www.w\
3.org/Graphics/S\
VG/1.1/DTD/svg11\
.dtd\x22><svg t=\x2217\
66155716890\x22 cla\
ss=\x22icon\x22 viewBo\
x=\x220 0 1024 1024\
\x22 version=\x221.1\x22 \
xmlns=\x22http://ww\
w.w3.org/2000/sv\
g\x22 p-id=\x227048\x22 x\
mlns:xlink=\x22http\
://www.w3.org/19\
99/xlink\x22 width=\
\x22200\x22 height=\x2220\
0\x22><path d=\x22M352\
 48c0-26.6-21.4-\
48-48-48s-48 21.\
4-48 48v80c-70.6\
 0-128 57.4-128 \
128H48c-26.6 0-4\
8 21.4-48 48s21.\
4 48 48 48h80v11\
2H48c-26.6 0-48 \
21.4-48 48s21.4 \
48 48 48h80v112H\
48c-26.6 0-48 21\
.4-48 48s21.4 48\
 48 48h80c0 70.6\
 57.4 128 128 12\
8v80c0 26.6 21.4\
 48 48 48s48-21.\
4 48-48v-80h112v\
80c0 26.6 21.4 4\
8 48 48s48-21.4 \
48-48v-80h112v80\
c0 26.6 21.4 48 \
48 48s48-21.4 48\
-48v-80c70.6 0 1\
28-57.4 128-128h\
80c26.6 0 48-21.\
4 48-48s-21.4-48\
-48-48h-80v-112h\
80c26.6 0 48-21.\
4 48-48s-21.4-48\
-48-48h-80v-112h\
80c26.6 0 48-21.\
4 48-48s-21.4-48\
-48-48h-80c0-70.\
6-57.4-128-128-1\
28V48c0-26.6-21.\
4-48-48-48s-48 2\
1.4-48 48v80h-11\
2V48c0-26.6-21.4\
-48-48-48s-48 21\
.4-48 48v80h-112\
V48z m-32 208h38\
4c35.4 0 64 28.6\
 64 64v384c0 35.\
4-28.6 64-64 64H\
320c-35.4 0-64-2\
8.6-64-64V320c0-\
35.4 28.6-64 64-\
64z m384 64H320v\
384h384V320z\x22 p-\
id=\x227049\x22 fill=\x22\
#36454F\x22></path>\
</svg>\
\x00\x00\x08=\
<\
?xml version=\x221.\
0\x22 standalone=\x22n\
o\x22?><!DOCTYPE sv\
g PUBLIC \x22-//W3C\
//DTD SVG 1.1//E\
N\x22 \x22http://www.w\
3.org/Graphics/S\
VG/1.1/DTD/svg11\
.dtd\x22><svg t=\x2217\
66208155889\x22 cla\
ss=\x22icon\x22 viewBo\
x=\x220 0 1024 1024\
\x22 version=\x221.1\x22 \
xmlns=\x22http://ww\
w.w3.org/2000/sv\
g\x22 p-id=\x2211944\x22 \
xmlns:xlink=\x22htt\
p://www.w3.org/1\
999/xlink\x22 width\
=\x22200\x22 height=\x222\
00\x22><path d=\x22M95\
5.619556 719.872\
a31.857778 31.85\
7778 0 0 1 4.380\
444 16.156444v17\
3.852445l-0.1137\
78 3.868444v0.73\
9556c-1.194667 2\
5.543111-12.9137\
78 45.511111-64.\
227555 45.511111\
H127.829333c-49.\
265778 0-63.8293\
33-22.584889-63.\
829333-50.062222\
v-173.909334c0-5\
.916444 1.592889\
-11.377778 4.380\
444-16.156444L15\
6.330667 118.727\
111q3.413333-23.\
552 21.504-39.13\
9555 17.976889-1\
5.587556 41.8133\
33-15.587556H804\
.408889q23.83644\
4 0 41.870222 15\
.587556 17.97688\
9 15.587556 21.4\
47111 39.139555l\
87.950222 601.14\
4889z m-66.95822\
3-15.872L804.352\
 128H219.591111L\
135.395556 704h7\
53.322666zM271.9\
28889 184.035556\
a24.007111 24.00\
7111 0 1 1-47.95\
7333 0 24.007111\
 24.007111 0 0 1\
 47.957333 0z m5\
28.042667 0a24.0\
07111 24.007111 \
0 1 1-48.014223 \
0 24.007111 24.0\
07111 0 0 1 48.0\
14223 0z m-287.9\
14667-15.132445c\
128.853333 0 235\
.747556 100.2951\
11 238.762667 22\
4.028445 3.072 1\
23.676444-106.38\
2222 223.971556-\
244.394667 223.9\
71555S261.575111\
 516.608 267.719\
111 392.931556c6\
.144-123.733333 \
115.541333-224.0\
28444 244.394667\
-224.028445z m0 \
64q-71.736889 0-\
124.984889 48.81\
0667-52.167111 4\
7.843556-55.4666\
67 114.346666-3.\
128889 63.203556\
 45.169778 108.6\
00889 51.484444 \
48.241778 129.70\
6667 48.241778 7\
8.563556 0 131.8\
11555-48.753778 \
50.119111-45.966\
222 48.583111-10\
9.681777-1.64977\
8-65.991111-52.0\
53333-113.208889\
-51.427556-48.35\
5556-122.766222-\
48.355556zM511.4\
31111 435.2c26.7\
37778 0 48.46933\
3-21.504 48.5831\
11-48.014222a47.\
559111 47.559111\
 0 0 0-47.445333\
-47.957334 48.92\
4444 48.924444 0\
 0 0-48.583111 4\
7.957334 47.104 \
47.104 0 0 0 47.\
445333 48.014222\
z m-287.459555 1\
88.814222a31.971\
556 31.971556 0 \
1 1-63.943112 0 \
31.971556 31.971\
556 0 0 1 63.943\
112 0z m640 0a31\
.971556 31.97155\
6 0 1 1-63.94311\
2 0 31.971556 31\
.971556 0 0 1 63\
.943112 0z m32.0\
28444 143.985778\
v128H128V768h768\
z\x22 p-id=\x2211945\x22 \
fill=\x22#36454F\x22><\
/path></svg>\
\x00\x00\x02\xce\
<\
?xml version=\x221.\
0\x22 standalone=\x22n\
o\x22?><!DOCTYPE sv\
g PUBLIC \x22-//W3C\
//DTD SVG 1.1//E\
N\x22 \x22http://www.w\
3.org/Graphics/S\
VG/1.1/DTD/svg11\
.dtd\x22><svg t=\x2217\
65648529828\x22 cla\
ss=\x22icon\x22 viewBo\
x=\x220 0 1024 1024\
\x22 version=\x221.1\x22 \
xmlns=\x22http://ww\
w.w3.org/2000/sv\
g\x22 p-id=\x225494\x22 x\
mlns:xlink=\x22http\
://www.w3.org/19\
99/xlink\x22 width=\
\x22200\x22 height=\x2220\
0\x22><path d=\x22M939\
.2 43.2H84.8C38.\
4 43.2 0 81.6 0 \
128v555.2C0 729.\
6 38.4 768 84.8 \
768h276.8l-38.4 \
128H256c-25.6 0-\
43.2 17.6-43.2 4\
3.2s17.6 43.2 43\
.2 43.2h512c25.6\
 0 43.2-17.6 43.\
2-43.2S793.6 896\
 768 896h-68.8l-\
38.4-128h276.8c4\
6.4 0 84.8-38.4 \
84.8-84.8V128c1.\
6-46.4-36.8-84.8\
-83.2-84.8zM609.\
6 896H414.4l38.4\
-128h120l36.8 12\
8zM84.8 683.2V12\
8h852.8v555.2H84\
.8z\x22 p-id=\x225495\x22\
 fill=\x22#36454F\x22>\
</path></svg>\
\x00\x00\x02;\
<\
?xml version=\x221.\
0\x22 standalone=\x22n\
o\x22?><!DOCTYPE sv\
g PUBLIC \x22-//W3C\
//DTD SVG 1.1//E\
N\x22 \x22http://www.w\
3.org/Graphics/S\
VG/1.1/DTD/svg11\
.dtd\x22><svg t=\x2217\
65647170270\x22 cla\
ss=\x22icon\x22 viewBo\
x=\x220 0 1024 1024\
\x22 version=\x221.1\x22 \
xmlns=\x22http://ww\
w.w3.org/2000/sv\
g\x22 p-id=\x224725\x22 x\
mlns:xlink=\x22http\
://www.w3.org/19\
99/xlink\x22 width=\
\x22200\x22 height=\x2220\
0\x22><path d=\x22M300\
.8 240.469333l21\
1.2 211.2 211.2-\
211.2 60.330667 \
60.330667-211.2 \
211.2 211.2 211.\
2-60.373334 60.3\
30667-211.2-211.\
2-211.157333 211\
.2-60.330667-60.\
330667 211.2-211\
.2-211.2-211.2L3\
00.8 240.469333z\
\x22 fill=\x22#000000\x22\
 p-id=\x224726\x22></p\
ath></svg>\
\x00\x00\x04\xc5\
<\
?xml version=\x221.\
0\x22 standalone=\x22n\
o\x22?><!DOCTYPE sv\
g PUBLIC \x22-//W3C\
//DTD SVG 1.1//E\
N\x22 \x22http://www.w\
3.org/Graphics/S\
VG/1.1/DTD/svg11\
.dtd\x22><svg t=\x2217\
65649327728\x22 cla\
ss=\x22icon\x22 viewBo\
x=\x220 0 1024 1024\
\x22 version=\x221.1\x22 \
xmlns=\x22http://ww\
w.w3.org/2000/sv\
g\x22 p-id=\x224641\x22 x\
mlns:xlink=\x22http\
://www.w3.org/19\
99/xlink\x22 width=\
\x22200\x22 height=\x2220\
0\x22><path d=\x22M85.\
34016 42.65984q1\
8.00192 0 30.330\
88 12.32896l268.\
32896 268.32896 \
0-195.66592q0-17\
.67424 12.4928-3\
0.16704t30.16704\
-12.4928 30.1670\
4 12.4928 12.492\
8 30.16704l0 298\
.65984q0 17.6742\
4-12.67712 30.33\
088t-30.33088 12\
.67712l-298.6598\
4 0q-17.67424 0-\
30.16704-12.4928\
t-12.4928-30.167\
04 12.4928-30.16\
704 30.16704-12.\
4928l195.66592 0\
-268.32896-268.3\
2896q-12.32896-1\
2.32896-12.32896\
-30.33088 0-18.3\
296 12.16512-30.\
49472t30.49472-1\
2.16512zM597.667\
84 554.65984l298\
.65984 0q17.6742\
4 0 30.16704 12.\
4928t12.4928 30.\
16704-12.4928 30\
.16704-30.16704 \
12.4928l-195.665\
92 0 268.00128 2\
68.32896q12.6771\
2 12.67712 12.67\
712 30.33088t-12\
.4928 30.16704-3\
0.16704 12.4928q\
-18.00192 0-30.3\
3088-12.32896l-2\
68.32896-268.328\
96 0 195.66592q0\
 17.67424-12.492\
8 30.16704t-30.1\
6704 12.4928-30.\
16704-12.4928-12\
.4928-30.16704l0\
-298.65984q0-17.\
67424 12.67712-3\
0.33088t30.33088\
-12.67712z\x22 fill\
=\x22#000000\x22 p-id=\
\x224642\x22></path></\
svg>\
\x00\x00\x02\xfc\
<\
?xml version=\x221.\
0\x22 standalone=\x22n\
o\x22?><!DOCTYPE sv\
g PUBLIC \x22-//W3C\
//DTD SVG 1.1//E\
N\x22 \x22http://www.w\
3.org/Graphics/S\
VG/1.1/DTD/svg11\
.dtd\x22><svg t=\x2217\
65633482602\x22 cla\
ss=\x22icon\x22 viewBo\
x=\x220 0 1024 1024\
\x22 version=\x221.1\x22 \
xmlns=\x22http://ww\
w.w3.org/2000/sv\
g\x22 p-id=\x226785\x22 x\
mlns:xlink=\x22http\
://www.w3.org/19\
99/xlink\x22 width=\
\x22200\x22 height=\x2220\
0\x22><path d=\x22M512\
 32C247.04 32 32\
 247.04 32 512s2\
15.04 480 480 48\
0 480-215.04 480\
-480S776.96 32 5\
12 32z m58.56 72\
5.76c0 25.92-21.\
12 47.04-47.04 4\
7.04h-23.52c-25.\
92 0-47.04-21.12\
-47.04-47.04V476\
.96c0-25.92 21.1\
2-47.04 47.04-47\
.04h23.52c25.92 \
0 47.04 21.12 47\
.04 47.04v280.8z\
M512 359.84c-32.\
16 0-58.56-26.4-\
58.56-58.56 0-32\
.16 26.4-58.56 5\
8.56-58.56s58.56\
 26.4 58.56 58.5\
6c0 32.16-26.4 5\
8.56-58.56 58.56\
z\x22 p-id=\x226786\x22 f\
ill=\x22#36454F\x22></\
path></svg>\
\x00\x00\x01\xbb\
\x00\
\x00\x06\x0ex\xda\xb5\x94ok\xa3@\x10\xc6\xbf\xcat\
\xee\xf5\xba\x7f\xd4M,1\x85&\xbdr\x90\xf4\x0a\xd7\
\xf6\xe8K\xd14J\xf74D\x89!\x9f\xfefW\x03\
\x856\xb9\x0biAV\xdcyf\xe6\xe7<0\xa3\xab\
\xed\x1f\x03\x9b\xc5\xba.\xaa2F\xe9\x09\x84\xbaI\xca\
,1U\xb9\x88\xb1\xac\xf0j<\xba\x98\xfe\x9c<<\
\xdf\xdf@\xbdY\xc2\xfd\xe3\xf5\xec\xc7\x04\x90q\xfe\xdb\
\x9fp>}\x98\xc2\xaf\xa7[\x90\x9e\xe4\xfc\xe6\x0e\x01\
\xf3\xa6Y]r\xde\xb6\xad\xd7\xfa^\xb5^\xf2\xdbu\
\xb2\xca\x8b\xb4\xe6$\xe4VHI\x9c\x8aI\xe9eM\
\x86\xe3\x91-\xdcP\xff\x81\xd62\x0c\x03\x15\xf9B#\
\xa4&\xa9\xeb\x18\x8b\xb4*\x116\xc5\xa2\xbd\xae\xb61\
\x0a\x10 \x85\x0a\xdc\x81o\xe1%\x02\xfdNI)\xef\
\x11\x94\x10\xc2\xb6DX\xb1\x22\x8bQ\xa9h/\xbf\xdc\
\x9a\xa2|\xfd(IFQ\xc4]\x14\xa1-\xb2&\xa7\
<A#\xca\x17\xc52o\xba\x8f\xf1h\x9549P\
\xc9\xb9\xaf\x04\xa8P\xa7\x02\xfc\xd0\xf35SCO\x07\
\xa0\x03\xe6\xce\x99TC I\xca\x5c\x14\x04]w\x12\
\xe6\x9e\x19\xa9H\x92\x8a>nC\x03\xc5\xf6\x15\x8cM\
\x17i\x9fKw\xb0/ok\xf7\xadws\x1d\x1cc\
0\xac\xabr\x08\xc1\x1f\xbeg\x08\xfe\x13\xa1\xef\xbc\x9b\
G\xfa\x1c\x84\x818c\x0c}\xeb\x9d\xb3\x22\x1c\x1c\xb5\
\x82x\x0fA\x18\xc1\xcer\x82:wN\x1cF\xf8\xc7\
\x18> 8\xc5\x07\x07`\x87\xf1\x99\x00'\xb9\xe0\x08\
\xec,\x86\xd1Q\x17H\xfbU.P\xe7\xce\x85\xc3\x08\
_\xeb\x82\x03\xb0\xc3\xf8L\x80\x93\x5c\xb0\x04\x08/\x85\
11~\xf3u\x10\x06\xdf\xdf,@E\xcb\x8b\xdb\xed\
E/Z\x8d\xe3\xbf\xf9\xcd]\xd8\
\x00\x00\x09\xfc\
<\
?xml version=\x221.\
0\x22 standalone=\x22n\
o\x22?><!DOCTYPE sv\
g PUBLIC \x22-//W3C\
//DTD SVG 1.1//E\
N\x22 \x22http://www.w\
3.org/Graphics/S\
VG/1.1/DTD/svg11\
.dtd\x22><svg t=\x2217\
66155905895\x22 cla\
ss=\x22icon\x22 viewBo\
x=\x220 0 1024 1024\
\x22 version=\x221.1\x22 \
xmlns=\x22http://ww\
w.w3.org/2000/sv\
g\x22 p-id=\x228044\x22 x\
mlns:xlink=\x22http\
://www.w3.org/19\
99/xlink\x22 width=\
\x22200\x22 height=\x2220\
0\x22><path d=\x22M100\
8.352978 414.758\
078l-99.257796-2\
5.726392c-7.6155\
24-24.702456-17.\
406912-48.572964\
-29.310168-71.16\
3552l51.900756-8\
8.250484c4.7997-\
8.127492 3.45578\
4-18.430848-3.13\
5804-25.086432l-\
109.177176-109.2\
41172c-6.71958-6\
.655584-17.02293\
6-7.935504-25.15\
0428-3.1998l-88.\
31448 51.900756c\
-22.526592-11.83\
926-46.333104-21\
.630648-71.09955\
6-29.310168L609.\
209924 15.423036\
C606.842072 6.33\
5604 598.586588 \
0 589.179176 0L4\
34.756828 0C425.\
413412 0 417.157\
928 6.335604 414\
.790076 15.42303\
6L388.999688 114\
.744828C364.2972\
31 122.424348 34\
0.554715 132.215\
737 318.092119 1\
44.118993L229.77\
7639 92.090244C2\
21.586151 87.354\
54 211.218799 88\
.570464 204.6912\
07 95.290044L95.\
386038 204.53121\
7C88.730454 211.\
186801 87.386538\
 221.554153 92.2\
50234 229.553653\
l51.964752 88.37\
8476C132.311731 \
340.394725 122.5\
84338 364.201237\
 114.840822 388.\
903694L15.51903 \
414.694082C6.367\
602 416.997938 0\
.031998 425.2534\
22 0.031998 434.\
660834l0 154.422\
349c0 9.407412 6\
.335604 17.66289\
6 15.487032 19.9\
66752l99.257796 \
25.726392c7.6795\
2 24.830448 17.5\
34904 48.63696 2\
9.310168 71.0355\
6l-52.028748 88.\
31448c-4.735704 \
8.127492-3.45578\
4 18.430848 3.19\
98 25.086432l109\
.177176 109.2411\
72c6.71958 6.655\
584 17.022936 7.\
935504 25.150428\
 3.135804l88.314\
48-51.964752c22.\
526592 11.83926 \
46.333104 21.758\
64 71.03556 29.3\
10168l25.662396 \
99.321792c2.4958\
44 9.215424 10.7\
51328 15.615024 \
20.15874 15.6150\
24l154.422349 0c\
9.407412 0 17.59\
89-6.335604 19.9\
66752-15.487032l\
25.790388-99.321\
792c24.766452-7.\
67952 48.572964-\
17.470908 71.099\
556-29.310168l88\
.186488 51.96475\
2c8.191488 4.671\
708 18.430848 3.\
455784 25.086432\
-3.1998l109.2411\
72-109.11318c6.7\
1958-6.655584 7.\
9995-16.95894 3.\
1998-25.086432l-\
51.964752-88.314\
48c11.967252-22.\
526592 21.75864-\
46.333104 29.374\
164-71.03556l99.\
257796-25.726392\
C1017.632398 606\
.746078 1023.968\
002 598.490594 1\
023.968002 589.0\
83182L1023.96800\
2 434.660834C102\
3.84001 425.3814\
14 1017.504406 4\
17.061934 1008.3\
52978 414.758078\
L1008.352978 414\
.758078 1008.352\
978 414.758078 1\
008.352978 414.7\
58078zM512 738.5\
13843c-124.98418\
8 0-226.545841-1\
01.625648-226.54\
5841-226.545841S\
387.079808 285.3\
58165 512 285.35\
8165c124.920192 \
0 226.481845 101\
.625648 226.4818\
45 226.545841S63\
6.856196 738.513\
843 512 738.5138\
43L512 738.51384\
3 512 738.513843\
z\x22 fill=\x22#36454F\
\x22 p-id=\x228045\x22></\
path></svg>\
\x00\x01\x03\xda\
\x89\
PNG\x0d\x0a\x1a\x0a\x00\x00\x00\x0dIHDR\x00\
\x00\x08\x98\x00\x00\x02X\x08\x06\x00\x00\x00$v\xce\xf9\
\x00\x00\x00\x09pHYs\x00\x00.#\x00\x00.#\
\x01x\xa5?v\x00\x01\x03\x8cIDATx\x9c\xec\
\xdd\x07t\x1c\xd5\xd9\xff\xf1;\xdb\x8bV\xab\xde-\xc9\
\xb2\xe5\x8a+\xc6\x80M3=\x95\x00!\x85\x00\x01\x12\
\xcc\x0b\x84\x1e\x12j\xc0&\xc4$@ @h/-\
\xf4P^zh\xa6\xd8\xc6\x18\x1b\xe3\xdee\xd9\xea\xbd\
n\xef\xf3?\x93\x88\xfc-\xad\xbc\x80=\xa3]\xc9\xdf\
\xcf9:\xb6g\xb5w\xaeV\xb3\xb3\xeb\xbd\xbfy\x1e\
I\x96e\x01\x00\x00\x00\x00\x00\x00\x00\x00\x00\x00\x00\x00\
\xec\x8dn\xaf\xb7\x00\x00\x00\x00\x00\x00\x00\x00\x00\x00\x00\
\x00\x00\x04L\x00\x00\x00\x00\x00\x00\x00\x00\x00\x00\x00\x00\
\xf0u\x08\x98\x00\x00\x00\x00\x00\x00\x00\x00\x00\x00\x00\x00\
 !\x02&\x00\x00\x00\x00\x00\x00\x00\x00\x00\x00\x00\x00\
H\x88\x80\x09\x00\x00\x00\x00\x00\x00\x00\x00\x00\x00\x00\x00\
\x12\x22`\x02\x00\x00\x00\x00\x00\x00\x00\x00\x00\x00\x00\x80\
\x84\x08\x98\x00\x00\x00\x00\x00\x00\x00\x00\x00\x00\x00\x00 \
!\x02&\x00\x00\x00\x00\x00\x00\x00\x00\x00\x00\x00\x00H\
\x88\x80\x09\x00\x00\x00\x00\x00\x00\x00\x00\x00\x00\x00\x00\x12\
\x22`\x02\x00\x00\x00\x00\x00\x00\x00\x00\x00\x00\x00\x80\x84\
\x08\x98\x00\x00\x00\x00\x00\x00\x00\x00\x00\x00\x00\x00 !\
\x02&\x00\x00\x00\x00\x00\x00\x00\x00\x00\x00\x00\x00H\x88\
\x80\x09\x00\x00\x00\x00\x00\x00\x00\x00\x00\x00\x00\x00\x12\x22\
`\x02\x00\x00\x00\x00\x00\x00\x00\x00\x00\x00\x00\x80\x84\x08\
\x98\x00\x00\x00\x00\x00\x00\x00\x00\x00\x00\x00\x00 !\x02\
&\x00\x00\x00\x00\x00\x00\x00\x00\x00\x00\x00\x00H\x88\x80\
\x09\x00\x00\x00\x00\x00\x00\x00\x00\x00\x00\x00\x00\x12\x22`\
\x02\x00\x00\x00\x00\x00\x00\x00\x00\x00\x00\x00\x80\x84\x08\x98\
\x00\x00\x00\x00\x00\x00\x00\x00\x00\x00\x00\x00 !\x02&\
\x00\x00\x00\x00\x00\x00\x00\x00\x00\x00\x00\x00H\x88\x80\x09\
\x00\x00\x00\x00\x00\x00\x00\x00\x00\x00\x00\x00\x12\x22`\x02\
\x00\x00\x00\x00\x00\x00\x00\x00\x00\x00\x00\x80\x84\x08\x98\x00\
\x00\x00\x00\x00\x00\x00\x00\x00\x00\x00\x00 !\x02&\x00\
\x00\x00\x00\x00\x00\x00\x00\x00\x00\x00\x00H\x88\x80\x09\x00\
\x00\x00\x00\x00\x00\x00\x00\x00\x00\x00\x00\x12\x22`\x02\x00\
\x00\x00\x00\x00\x00\x00\x00\x00\x00\x00\x80\x84\x08\x98\x00\x00\
\x00\x00\x00\x00\x00\x00\x00\x00\x00\x00 !\x02&\x00\x00\
\x00\x00\x00\x00\x00\x00\x00\x00\x00\x00H\x88\x80\x09\x00\x00\
\x00\x00\x00\x00\x00\x00\x00\x00\x00\x00\x12\x22`\x02\x00\x00\
\x00\x00\x00\x00\x00\x00\x00\x00\x00\x80\x84\x08\x98\x00\x00\x00\
\x00\x00\x00\x00\x00\x00\x00\x00\x00 !\x02&\x00\x00\x00\
\x00\x00\x00\x00\x00\x00\x00\x00\x00H\x88\x80\x09\x00\x00\x00\
\x00\x00\x00\x00\x00\x00\x00\x00\x00\x12\x22`\x02\x00\x00\x00\
\x00\x00\x00\x00\x00\x00\x00\x00\x80\x84\x08\x98\x00\x00\x00\x00\
\x00\x00\x00\x00\x00\x00\x00\x00 !\x02&\x00\x00\x00\x00\
\x00\x00\x00\x00\x00\x00\x00\x00H\x88\x80\x09\x00\x00\x00\x00\
\x00\x00\x00\x00\x00\x00\x00\x00\x12\x22`\x02\x00\x00\x00\x00\
\x00\x00\x00\x00\x00\x00\x00\x80\x84\x08\x98\x00\x00\x00\x00\x00\
\x00\x00\x00\x00\x00\x00\x00 !\x02&\x00\x00\x00\x00\x00\
\x00\x00\x00\x00\x00\x00\x00H\x88\x80\x09\x00\x00\x00\x00\x00\
\x00\x00\x00\x00\x00\x00\x00\x12\x22`\x02\x00\x00\x00\x00\x00\
\x00\x00\x00\x00\x00\x00\x80\x84\x08\x98\x00\x00\x00\x00\x00\x00\
\x00\x00\x00\x00\x00\x00 !\x02&\x00\x00\x00\x00\x00\x00\
\x00\x00\x00\x00\x00\x00H\x88\x80\x09\x00\x00\x00\x00\x00\x00\
\x00\x00\x00\x00\x00\x00\x12\x22`\x02\x00\x00\x00\x00\x00\x00\
\x00\x00\x00\x00\x00\x80\x84\x08\x98\x00\x00\x00\x00\x00\x00\x00\
\x00\x00\x00\x00\x00 !\x02&\x00\x00\x00\x00\x00\x00\x00\
\x00\x00\x00\x00\x00H\x88\x80\x09\x00\x00\x00\x00\x00\x00\x00\
\x00\x00\x00\x00\x00\x12\x22`\x02\x00\x00\x00\x00\x00\x00\x00\
\x00\x00\x00\x00\x80\x84\x08\x98\x00\x00\x00\x00\x00\x00\x00\x00\
\x00\x00\x00\x00 !\x02&\x00\x00\x00\x00\x00\x00\x00\x00\
\x00\x00\x00\x00H\x88\x80\x09\x00\x00\x00\x00\x00\x00\x00\x00\
\x00\x00\x00\x00\x12\x22`\x02\x00\x00\x00\x00\x00\x00\x00\x00\
\x00\x00\x00\x80\x84\x08\x98\x00\x00\x00\x00\x00\x00\x00\x00\x00\
\x00\x00\x00 !\x02&\x00\x00\x00\x00\x00\x00\x00\x00\x00\
\x00\x00\x00H\x88\x80\x09\x00\x00\x00\x00\x00\x00\x00\x00\x00\
\x00\x00\x00\x12\x22`\x02\x00\x00\x00\x00\x00\x00\x00\x00\x00\
\x00\x00\x80\x84\x08\x98\x00\x00\x00\x00\x00\x00\x00\x00\x00\x00\
\x00\x00 !\x02&\x00\x00\x00\x00\x00\x00\x00\x00\x00\x00\
\x00\x00H\x88\x80\x09\x00\x00\x00\x00\x00\x00\x00\x00\x00\x00\
\x00\x00\x12\x22`\x02\x00\x00\x00\x00\x00\x00\x00\x00\x00\x00\
\x00\x80\x84\x08\x98\x00\x00\x00\x00\x00\x00\x00\x00\x00\x00\x00\
\x00 !\x02&\x00\x00\x00\x00\x00\x00\x00\x00\x00\x00\x00\
\x00H\x88\x80\x09\x00\x00\x00\x00\x00\x00\x00\x00\x00\x00\x00\
\x00\x12\x22`\x02\x00\x00\x00\x00\x00\x00\x00\x00\x00\x00\x00\
\x80\x84\x08\x98\x00\x00\x00\x00\x00\x00\x00\x00\x00\x00\x00\x00\
 !\x02&\x00\x00\x00\x00\x00\x00\x00\x00\x00\x00\x00\x00\
H\x88\x80\x09\x00\x00\x00\x00\x00\x00\x00\x00\x00\x00\x00\x00\
\x12\x22`\x02\x00\x00\x00\x00\x00\x00\x00\x00\x00\x00\x00\x80\
\x84\x08\x98\x00\x00\x00\x00\x00\x00\x00\x00\x00\x00\x00\x00 \
!\x02&\x00\x00\x00\x00\x00\x00\x00\x00\x00\x00\x00\x00H\
\x88\x80\x09\x00\x00\x00\x00\x00\x00\x00\x00\x00\x00\x00\x00\x12\
\x22`\x02\x00\x00\x00\x00\x00\x00\x00\x00\x00\x00\x00\x80\x84\
\x08\x98\x00\x00\x00\x00\x00\x00\x00\x00\x00\x00\x00\x00 !\
\x02&\x00\x00\x00\x00\x00\x00\x00\x00\x00\x00\x00\x00H\x88\
\x80\x09\x00\x00\x00\x00\x00\x00\x00\x00\x00\x00\x00\x00\x12\x22\
`\x02\x00\x00\x00\x00\x00\x00\x00\x00\x00\x00\x00\x80\x84\x08\
\x98\x00\x00\x00\x00\x00\x00\x00\x00\x00\x00\x00\x00 !\x02\
&\x00\x00\x00\x00\x00\x00\x00\x00\x00\x00\x00\x00H\x88\x80\
\x09\x00\x00\x00\x00\x00\x00\x00\x00\x00\x00\x00\x00\x12\x22`\
\x02\x00\x00\x00\x00\x00\x00\x00\x00\x00\x00\x00\x80\x84\x08\x98\
\x00\x00\x00\x00\x00\x00\x00\x00\x00\x00\x00\x00 !\x02&\
\x00\x00\x00\x00\x00\x00\x00\x00\x00\x00\x00\x00H\x88\x80\x09\
\x00\x00\x00\x00\x00\x00\x00\x00\x00\x00\x00\x00\x12\x22`\x02\
\x00\x00\x00\x00\x00\x00\x00\x00\x00\x00\x00\x80\x84\x08\x98\x00\
\x00\x00\x00\x00\x00\x00\x00\x00\x00\x00\x00 !\x02&\x00\
\x00\x00\x00\x00\x00\x00\x00\x00\x00\x00\x00H\x88\x80\x09\x00\
\x00\x00\x00\x00\x00\x00\x00\x00\x00\x00\x00\x12\x22`\x02\x00\
\x00\x00\x00\x00\x00\x00\x00\x00\x00\x00\x80\x84\x08\x98\x00\x00\
\x00\x00\x00\x00\x00\x00\x00\x00\x00\x00 !\x02&\x00\x00\
\x00\x00\x00\x00\x00\x00\x00\x00\x00\x00H\x88\x80\x09\x00\x00\
\x00\x00\x00\x00\x00\x00\x00\x00\x00\x00\x12\x22`\x02\x00\x00\
\x00\x00\x00\x00\x00\x00\x00\x00\x00\x80\x84\x08\x98\x00\x00\x00\
\x00\x00\x00\x00\x00\x00\x00\x00\x00 !\x02&\x00\x00\x00\
\x00\x00\x00\x00\x00\x00\x00\x00\x00H\x88\x80\x09\x00\x00\x00\
\x00\x00\x00\x00\x00\x00\x00\x00\x00\x12\x22`\x02\x00\x00\x00\
\x00\x00\x00\x00\x00\x00\x00\x00\x80\x84\x08\x98\x00\x00\x00\x00\
\x00\x00\x00\x00\x00\x00\x00\x00 !\x02&\x00\x00\x00\x00\
\x00\x00\x00\x00\x00\x00\x00\x00H\x88\x80\x09\x00\x00\x00\x00\
\x00\x00\x00\x00\x00\x00\x00\x00\x12\x22`\x02\x00\x00\x00\x00\
\x00\x00\x00\x00\x00\x00\x00\x80\x84\x08\x98\x00\x00\x00\x00\x00\
\x00\x00\x00\x00\x00\x00\x00 !\x02&\x00\x00\x00\x00\x00\
\x00\x00\x00\x00\x00\x00\x00H\x88\x80\x09\x00\x00\x00\x00\x00\
\x00\x00\x00\x00\x00\x00\x00\x12\x22`\x02\x00\x00\x00\x00\x00\
\x00\x00\x00\x00\x00\x00\x80\x84\x08\x98\x00\x00\x00\x00\x00\x00\
\x00\x00\x00\x00\x00\x00 !\x02&\x00\x00\x00\x00\x00\x00\
\x00\x00\x00\x00\x00\x00H\x88\x80\x09\x00\x00\x00\x00\x00\x00\
\x00\x00\x00\x00\x00\x00\x12\x22`\x02\x00\x00\x00\x00\x00\x00\
\x00\x00\x00\x00\x00\x80\x84\x08\x98\x00\x00\x00\x00\x00\x00\x00\
\x00\x00\x00\x00\x00 !\x02&\x00\x00\x00\x00\x00\x00\x00\
\x00\x00\x00\x00\x00H\x88\x80\x09\x00\x00\x00\x00\x00\x00\x00\
\x00\x00\x00\x00\x00\x12\x22`\x02\x00\x00\x00\x00\x00\x00\x00\
\x00\x00\x00\x00\x80\x84\x08\x98\x00\x00\x00\x00\x00\x00\x00\x00\
\x00\x00\x00\x00 !\x02&\x00\x00\x00\x00\x00\x00\x00\x00\
\x00\x00\x00\x00H\x88\x80\x09\x00\x00\x00\x00\x00\x00\x00\x00\
\x00\x00\x00\x00\x12\x22`\x02\x00\x00\x00\x00\x00\x00\x00\x00\
\x00\x00\x00\x80\x84\x08\x98\x00\x00\x00\x00\x00\x00\x00\x00\x00\
\x00\x00\x00 !\x02&\x00\x00\x00\x00\x00\x00\x00\x00\x00\
\x00\x00\x00H\x88\x80\x09\x00\x00\x00\x00\x00\x00\x00\x00\x00\
\x00\x00\x00\x12\x22`\x02\x00\x00\x00\x00\x00\x00\x00\x00\x00\
\x00\x00\x80\x84\x08\x98\x00\x00\x00\x00\x00\x00\x00\x00\x00\x00\
\x00\x00 !\x02&\x00\x00\x00\x00\x00\x00\x00\x00\x00\x00\
\x00\x00H\x88\x80\x09\x00\x00\x00\x00\x00\x00\x00\x00\x00\x00\
\x00\x00\x12\x22`\x02\x00\x00\x00\x00\x00\x00\x00\x00\x00\x00\
\x00\x80\x84\x08\x98\x00\x00\x00\x00\x00\x00\x00\x00\x00\x00\x00\
\x00 !\x02&\x00\x00\x00\x00\x00\x00\x00\x00\x00\x00\x00\
\x00H\x88\x80\x09\x00\x00\x00\x00\x00\x00\x00\x00\x00\x00\x00\
\x00\x12\x22`\x02\x00\x00\x00\x00\x00\x00\x00\x00\x00\x00\x00\
\x80\x84\x08\x98\x00\x00\x00\x00\x00\x00\x00\x00\x00\x00\x00\x00\
 !\x02&\x00\x00\x00\x00\x00\x00\x00\x00\x00\x00\x00\x00\
H\x88\x80\x09\x00\x00\x00\x00\x00\x00\x00\x00\x00\x00\x00\x00\
\x12\x22`\x02\x00\x00\x00\x00\x00\x00\x00\x00\x00\x00\x00\x80\
\x84\x08\x98\x00\x00\x00\x00\x00\x00\x00\x00\x00\x00\x00\x00 \
!\x02&\x00\x00\x00\x00\x00\x00\x00\x00\x00\x00\x00\x00H\
\x88\x80\x09\x00\x00\x00\x00\x00\x00\x00\x00\x00\x00\x00\x00\x12\
\x22`\x02\x00\x00\x00\x00\x00\x00\x00\x00\x00\x00\x00\x80\x84\
\x08\x98\x00\x00\x00\x00\x00\x00\x00\x00\x00\x00\x00\x00 !\
\x02&\x00\x00\x00\x00\x00\x00\x00\x00\x00\x00\x00\x00H\x88\
\x80\x09\x00\x00\x00\x00\x00\x00\x00\x00\x00\x00\x00\x00\x12\x22\
`\x02\x00\x00\x00\x00\x00\x00\x00\x00\x00\x00\x00\x80\x84\x08\
\x98\x00\x00\x00\x00\x00\x00\x00\x00\x00\x00\x00\x00 !\x02\
&\x00\x00\x00\x00\x00\x00\x00\x00\x00\x00\x00\x00H\x88\x80\
\x09\x00\x00\x00\x00\x00\x00\x00\x00\x00\x00\x00\x00\x12\x22`\
\x02\x00\x00\x00\x00\x00\x00\x00\x00\x00\x00\x00\x80\x84\x08\x98\
\x00\x00\x00\x00\x00\x00\x00\x00\x00\x00\x00\x00 !\x02&\
\x00\x00\x00\x00\x00\x00\x00\x00\x00\x00\x00\x00H\x88\x80\x09\
\x00\x00\x00\x00\x00\x00\x00\x00\x00\x00\x00\x00\x12\x22`\x02\
\x00\x00\x00\x00\x00\x00\x00\x00\x00\x00\x00\x80\x84\x08\x98\x00\
\x00\x00\x00\x00\x00\x00\x00\x00\x00\x00\x00 !\x02&\x00\
\x00\x00\x00\x00\x00\x00\x00\x00\x00\x00\x00H\x88\x80\x09\x00\
\x00\x00\x00\x00\x00\x00\x00\x00\x00\x00\x00\x12\x22`\x02\x00\
\x00\x00\x00\x00\x00\x00\x00\x00\x00\x00\x80\x84\x08\x98\x00\x00\
\x00\x00\x00\x00\x00\x00\x00\x00\x00\x00 !\x02&\x00\x00\
\x00\x00\x00\x00\x00\x00\x00\x00\x00\x00H\x88\x80\x09\x00\x00\
\x00\x00\x00\x00\x00\x00\x00\x00\x00\x00\x12\x22`\x02\x00\x00\
\x00\x00\x00\x00\x00\x00\x00\x00\x00\x80\x84\x08\x98\x00\x00\x00\
\x00\x00\x00\x00\x00\x00\x00\x00\x00 !\x02&\x00\x00\x00\
\x00\x00\x00\x00\x00\x00\x00\x00\x00H\x88\x80\x09\x00\x00\x00\
\x00\x00\x00\x00\x00\x00\x00\x00\x00\x12\x22`\x02\x00\x00\x00\
\x00\x00\x00\x00\x00\x00\x00\x00\x80\x84\x08\x98\x00\x00\x00\x00\
\x00\x00\x00\x00\x00\x00\x00\x00 !\x02&\x00\x00\x00\x00\
\x00\x00\x00\x00\x00\x00\x00\x00H\x88\x80\x09\x00\x00\x00\x00\
\x00\x00\x00\x00\x00\x00\x00\x00\x12\x22`\x02\x00\x00\x00\x00\
\x00\x00\x00\x00\x00\x00\x00\x80\x84\x08\x98\x00\x00\x00\x00\x00\
\x00\x00\x00\x00\x00\x00\x00 !\x02&\x00\x00\x00\x00\x00\
\x00\x00\x00\x00\x00\x00\x00H\x88\x80\x09\x00\x00\x00\x00\x00\
\x00\x00\x00\x00\x00\x00\x00\x12\x22`\x02\x00\x00\x00\x00\x00\
\x00\x00\x00\x00\x00\x00\x80\x84\x08\x98\x00\x00\x00\x00\x00\x00\
\x00\x00\x00\x00\x00\x00 !\x02&\x00\x00\x00\x00\x00\x00\
\x00\x00\x00\x00\x00\x00H\xc8\x90\xf8f\x00\x00\x00\x00\x00\
\x00\x00\xc0P\x92$i\xb4\x10b\x81\x10\xe2{B\x88\
\xacox\xb7\x98\x10b\xa3\x10\xe2!!\xc4#\xb2,\
\xc74\x9ec\xa5\x10\xe2\x16!\xc4\xc9\xdfr\x8e\xeb\x85\
\x10\x0f\x08!\x1e\x93eY\x1e\xc2\xc7G\x11\x11B\xac\
\x11B\xdc-\xcb\xf2\x0bb\x84\x90$\xa9L\x08\xb1\xb0\
\xef\xf1\xc8\x16#\xc7>\x1f\xd3\xfbq\x8chM\xf9\x19\
\xba\x85\x10mB\x88:!\xc4\xd6\xbe\xe7\xc4\xa7\xb2,\
\xef\x14)H\x92$\xbb\x10\xe2H!\xc4L!\xc4\x14\
!\x84\xf2\xd8\x16\xf5\x1dk6\x15w%\xef\xf1\xd84\
\xf6=6\x9b\x84\x10\xcb\x85\x10\x9b\xf7\xf5|\x01\xf5H\
\x92d\x11B\xcc\x15B\xcc\xea;\x16\xc6\xf4\x1d\x0b9\
*\x1f\x0b_=OZ\x85\x10\xf5B\x88-}\xcf\x93\
\xa5\xb2,\xefVq?\x00\x80} \xf1\x9a\x0c\x00\x00\
\x00\x00\x00\x00\x00\xa9A\x92\xa4\x19B\x88\x8f\x85\x10\xce\
\xfd\x18\xe6Y!\xc4\xd9Z-\xc8J\x92\xa4,.~\
(\x84H\xdf\x8fa\x9e\x92e\xf9\x97Iz|D_\
\xc8\xe4*1\xccI\x924]\x08\xf1\x89\x0a\x8fG\xaa\
\xfb\xc6\xc7\xb4\x8a\xc7\xc8P\xab\x11B\xbc,\x84xZ\
\x96\xe5\x0d\xc9\x9c\x88$I\xcas\xfb\x0c!\xc4\x99}\
\xe1\x12c2\xe7#\x84h\x17B\xbc*\x84xF\x96\
\xe5eI\x9e\xcb\x81\x18*9U\x08q\x96\x10\xe2X\
!\x84\xf2\xefdR\x02&\xff\xec{\x0dQBH\x00\
\x80!F\xc0\x04\x00\x00\x00\x00\x00\x00\x00R\x84$I\
\x9f\x0b!\x0eUa\xa8\xd3dYV\x16dU'I\
\x92r%\xf9T\x15\x86\xfa\x8e,\xcb\xef&\xe9\xf1Q\
\x1c\x22\xcb\xf2j1\x8cI\x92\xa4,\xb6\x1f!\x0e\x0c\
?\x92e\xf9\xf5!>F\x92E\x09p-\x94ey\
\xe9P\xeeT\x92$\xa5*\xc95B\x88\xffI\xe1\x80\
\x8er\xfe\xf9\x93\x10\xe2%\xaa\x9ah^\xb9\xe6R!\
\xc4\x95B\x88<\x91\x9a\x94\xd7\x8f[dY^\x99\xec\
\x89\x00\xc0\x81D\x97\xec\x09\x00\x00\x00\x00\x00\x00\x00\x00\
\xfe\xbd\xa0gSqa\x5c\xb9\xd2\x5c\xab\x05h5\xc2\
%\xdfz\x8e*?>\xdfz\xff\xa9F\x92$\xd3\x01\
\x14.Q\x1c\x93\x84c$Y\x8e\x13B,\x91$\xe9\
\x05I\x92\x0a\xb5\xde\x99\xf4\x1f\xf3\x85\x10UB\x88\xdf\
\xa7p\xb8D1\xad\xaf\x82\xc52I\x92&%{2\
#\x91$I?\xeakQ\xb4(\x85\xc3%\xa2\xafE\
\xdb\xe7\x92$\xfdC\x92$\xa5M\x0f\x00`\x08\x100\
\x01\x00\x00\x00\x00\x00\x00\x80\xd4\xa0\x04\x06\xd4\xe2Pq\
,\xad\xc65%\xf1\xf1Q(a\x84\xe1l\xb8\xcf\xff\
\xdb\xcaL\xc21\x92l?\x15B\xac\x95$I\xb30\
\x94$IYB\x88\xd7\x84\x10\x0f\x7f\xc3\xc78U\xcc\
\x15B\xac\x96$\xe9W\xc9\x9e\xc8H!I\x92Y\x92\
\xa4\xbf\xf7\xb5#\x1a%\x86\x8fs\x84\x10\xeb$IR\
\x8e\x09\x00\x80\xc6\x08\x98\x00\x00\x00\x00\x00\x00\x00\x00\x00\
\xa4\xa6|!\xc4\x07\x92$\x9d\xad\xf6\xc0\x92$\x95\x08\
!\x946<?\x14\xc3\x93U\x08\xf1\xa8$I\x0b\x92\
=\x91\x11\xd2\x12\xe7\x1d!\xc4\xc5bx*\x16B|\
,I\xd2\xa9\xc9\x9e\x08\x00\x8ct\x04L\x00\x00\x00\x00\
\x00\x00\x00\x00\x00R{-\xe7)I\x92\xceTk\xc0\
\xbe\x96\x22\x1f\x09!&\x8b\xe1\xef\x0f\x92$\xdd\x90\xec\
I\x0c\xe7\xca%B\x88\xf7\x84\x10\xf3\xc4\xf0f\x14B\
\xbc,I\xd2p\x0dL\x01\xc0\xb0@\xc0\x04\x00\x00\x00\
\x00\x00\x00\x00\x00 \xf5=!I\xd2\xe1\xfb;\x88$\
Iz!\xc4\xff\x09!*\xc5\xc8\xf1G\xaaW\xec\xb3\
\xff\xedk94R\xd6=\x9f\x97$ij\xb2'\x02\
\x00#\x15\x01\x13\x00\x00\x00\x00\x00\x00\x00\x00\x80\xd4g\
\xea\xabdb\xdb\xcfq\xae\x11B\x1c)F\x9eG$\
I\xcaM\xf6$\x86\x13I\x92\xce\x10B\xa8\xde~)\
\xc9l}\xcf\x13\xa5\xa2\x09\x00@e\x04L\x00\x00\x00\
\x00\x00\x00\x00\x00\x00\x86\x87\xb1B\x88\xdf\xed\xeb\x9d%\
I*\x14B\xdc,F&\xa5\xed\xcf\xad\xc9\x9e\xc4p\
!I\x92U\x08q\xaf\x18\x99\xa6\x09!.I\xf6$\
\x00`$\x22`\x02\x00\x00\x00\x00\x00\x00\x00\xc0\xf0\x13\
\x14\x07\x16\x7f\xb2'\x90B\xae\x90$\xc9\xb9\x1f\xd5K\
,b\xe4:_\x92\xa4\xe2dOb\x98\xb8H\x08Q\
 F\xae\xeb%I\xb2'{\x12\x000\xd2\x100\x01\
\x00\x00\x00\x00\x00\x00\x00`\x98\x91eY\x09\x5c\xec\x10\
\x07\x8e\xd5\xc9\x9e@\x0aQ\xc2%?\xff\xb6w\x92$\
\xc9,\x848O\x8clJ[\x94s\x92=\x89T'\
I\x92$\x84\xb8X\x8clJ\xbb\xa4\xd3\x92=\x09\x00\
\x18i\x08\x98\x00\x00\x00\x00\x00\x00\x00\x000<]-\
\x84\x88\x89\x91o\x83\x10\xe2\x99dO\x22\xc5\x9c\xb9\x0f\
\xf79Y\x08\x91!F\xbe\x9f${\x02\xc3\xc0\xa1B\
\x881b\xe4\xfbE\xb2'\x00\x00#\x0d\x01\x13\x00\x00\
\x00\x00\x00\x00\x00\x00\x86!Y\x96\xdf\xea\x0b\x0dl\x16\
#SX\x08\xf1\x98\x10\xe2hY\x96\x0f\xb4\x96@_\
\xe70I\x92l\xdf\xf2>\xf3\xc4\x81a\x9a$IY\
\xc9\x9eD\x8a;^\x1c\x18\x8e\x92$\xc9\x94\xecI\x00\
\xc0HbH\xf6\x04\x00\x00\x00\x00\x00\x00\x00\x00\xc0\xbe\
\x91e\xf9\x03!\xc4A\x92$\x8d\x16B\x14\x0a!\xf6\
g1U\x09\xac\xd8U\x9a\xda{B\x88\xdb\xf7\xe3\xfe\
.!\xc4vY\x96\xbd*\xcdg\x7f\xe6\xf1\x8a\x10b\
\x85\x10\xa2A\x08\xa1\xb4&\xfa6\x94\xa0CE\xdf\x82\
\xfeI*\xb7\x82\x99%\x84X\xfa-\xees\xb080\
\x1e\x1b\xa9\xefgU\x9e\x1b\x18\xdc\x5c\x95\xc7\xeb\x11B\
\xbc$\x84X%\x84h\xdc\x87cAigS)\x84\
\xf8\x9e\x10b\x8e\x8a\xf3\xb2\x0a!f\x08!V\xaa8\
&\x00\x1c\xd0\x08\x98\x00\x00\x00\x00\x00\x00\x00\x000\xcc\
\xc9\xb2\xbc[\x08\xa1|\xed3I\x92\x22\xea\xcdH\xb4\
\xc8\xb2\xfc\x89\x18\xde\xbeT\x16\xbceYnUa\xac\
;%I:\xb1/\xc4\xa3\x84C\xd4P\xf9-\x03&\
\xca\xf7\xabE\x09\x95\x9c\x22\xcbr\xbbJ\x8f\xcdq}\
\x8f\x8dE\xa8c,\x01\x93\x84\xc6\xa98\xd6g}\xc7\
B\x87\x0ac\xfdI\x92$\xa5\xfd\xd3\xd3*vaP\
~V\x02&\x00\xa0\x12Z\xe4\x00\x00\x00\x00\x00\x00\x00\
\x00\x00\xf4'\x0b!~\xa1R\xb8\xe4?\x03\xca\xf2\xfb\
B\x88\xffUk<!D\xc9\xb7\xfc\xfe|\x95\xf6\x1b\
\x13B\x9c\xa3R\xb8\xe4\xdfdY\xfeP\x08\xf1\xb0Z\
\xe3\xa9\xf8\xb3\x8eTe*\x1e\x0bg\xaa\x14.\xf97\
Y\x96\x9f\x13B<\x91\x82?+\x00\x80\x80\x09\x00\x00\
\x00\x00\x00\x00\x00\x00@\x9cu\xb2,o\xd7`\xdc7\
U\x1c+\xfd\x9b~\xa3$IN\x15\xf7\xbbF\x96\xe5\
\x9dB}\xffRq,5\x7f\xde\x11E\x92$\x9b\x10\
B\xaf\xd2p_\xc8\xb2\x5c+\xd4\xf7r2\x9e'\x00\
\x80\xafG\xc0\x04\x00\x00\x00\x00\x00\x00\x00\x00\xa0\xbf*\
\x8d\xc6\xadQq\xaco\x13\x12\x90T\xdco\xb5\xd0\x86\
\x9aA\x055\x7f\xde\x91\xc6\xa4\xe2X\xfb\xd5\x96k\x88\
\xc6U\xf3\xe7\x05\x80\x03\x1e\x01\x13\x00\x00\x00\x00\x00\x00\
\x00\x00\x80\xfe\xfc\x1a\x8d\x1b\x10\xc3\x9fV?CP\xa3\
q\xa1\x1d\xad~g\x1c\x0b\x00\x90\xa2\x08\x98\x00\x00\x00\
\x00\x00\x00\x00\x00\x00\x00\x00\x00 !\x02&\x00\x00\x00\
\x00\x00\x00\x00\x00\x00\x00\x00\x00H\x88\x80\x09\x00\x00\x00\
\x00\x00\x00\x00\x00\x00\x80o+\x9a\xec\x09\x00\x00\x86\x16\
\x01\x13\x00\x00\x00\x00\x00\x00\x00\x00\x00\xe0\x00 \xcbr\
\x8f\x10\xa2]\xa5\xe1\xaaU\x1a\x07\x000L\x100\x01\
\x00\x00\x00\x00\x00\x00\x00\x00\x00\x0e\x1c\x8bT\x18C\x09\
\xa9<\xa6\xc28\x00\x80a\x84\x80\x09\x00\x00\x00\x00\x00\
\x00\x00\x00\x00p\x80\x90e\xf9n!\xc4\xef\x84\x10\xfe\
}\x1cb\x83\x10b\x9e,\xcb\xad*O\x0d\x00\x90\xe2\
\x0c\xc9\x9e\x00\x00\x00\x00\x00\x00\x00\x00\x00\x00\x80\xa1#\
\xcb\xf2\x1d\x92$)\x15H\x8e\x15B\x14}\xc3\x8b\xd2\
\x95@\xcaF!\xc4\x0aY\x96\xe5!\x98&\x00 \xc5\
\x100\x01\x00\x00\x00\x00\x00\x00\x00\x00\x00\x0e0\xb2,\
w\x09!^N\xf6<\x00\x00\xc3\x07-r\x00\x00\x00\
\x00\x00\x00\x00\x00\x00\x00\x00\x00\x90\x10\x01\x13\x00\x00\x00\
\x00\x00\x00\x00\x00\x80\xa1aM\xf6\x04\x00\x00\x00\xf6\x15\
\x01\x13\x00\x00\x00\x00\x00\x00\x00\x00\x80\xa1Q\xa9\xe2X\
\x11\x15\xc7\x02\x00\x00\xf8Z\x04L\x00\x00\x00\x00\x00\x00\
\x00\x00\x00\x86\xc6\x19*\x8e\xe5Vq,\x00\x00\x80\xaf\
E\xc0\x04\x00\x00\x00\x00\x00\x00\x00\x00@c\x92$\x9d\
/\x848K\xc5!\x1bU\x1c\x0b\x00\x00\xe0k\x19\xbe\
\xfe[\x00\x00\x00\x00\x00\x00\x00\x00\x00\x0e(\x05\x92$\
\x1d\xb3\x9fcHB\x88\x1c!\xc4\x04!\xc4\x0f\x84\x10\
\x87\x08um\x17\xc9\xf1KI\x92~\x99\xa4}\x03\x00\
\x80$\x22`\x02\x00\x00\x00\x00\x00\x00\x00\x00\xd0\xdfI\
}_\xa9**\x84X\x9f\xecI\x00\x1aa\xfd\x12\x00\
R\x14-r\x00\x00\x00\x00\x00\x00\x00\x00\x00\x86\x97O\
eYv%{\x12\x80F\x8aU\x0ec\x01\x00TB\
\xc0\x04\x00\x00\x00\x00\x00\x00\x00\x00`x\xf9\xbfdO\
\x00\xd0\x90\x9a\xd5\x83\x08b\x01\x80\x8a\x08\x98\x00\x00\x00\
\x00\x00\x00\x00\x00\x00\x0c\x1f\x1e!\xc4\x93\xc9\x9e\x04\xa0\
\x05I\x92\xa6\x0a!.Uq\xc8F\x15\xc7\x02\x80\x03\
\x1e=\xcc\x00\x00\x00\x00\x00\x00\x00\x00\x00\x86\x8f{h\
\x8f\x83\x91@\x92$I\x08\xe1\x14B\xa4\x0b!&\x08\
!\xbe+\x84\xb8P\x08aQq7\xd5*\x8e\x05\x00\
\x07<\x02&\x00\x00\x00\x00\x00\x00\x00\x00\x00\xc3C\x9d\
\x10bQ\xb2'\x81\x03\x8f$I6!\xc4\x5c!\xc4\
,!\xc4\x14!D\x85\x10\xa2H\x08\x91-\x84Pn\
KEQ!\xc4\x17\xc9\x9e\x04\x00\x8c$\x04L\x00\x00\
\x00\x00\x00\x00\x00\x00\x00R_X\x08\xf1sY\x96}\
\xc9\x9e\x08\x0e\x0c\x92$\xd9\x85\x10?\x16B\x9c)\x84\
8F\x08a\x12\xc3\xcb\x1aY\x96\x95\x96R\x00\x00\x95\
\x100\x01\x00\x00\x00\x00\x00\x00\x00\x00H}\x17\xcb\xb2\
\xfcY\xb2'\x81\x91O\x92$\xa5m\xcdUB\x88\xdf\
\x08!\xb2\xc4\xf0\xf5|\xb2'\x00\x00#\x0d\x01\x13\x00\
\x00\x00\x00\x00\x00\x00\x00\x80\xd4\x0f\x97<\x9a\xecI`\
\xe4\x93$\xe9,!\xc4]B\x88<1\xbc\x05\x84\x10\
\xcf&{\x12\x000\xd2\x100\x01\x00\x00\x00\x00\x00\x00\
\x00\x00HM=B\x88seY~=\xd9\x13\xc1\xc8\
&IR\x9a\x10\xe2!!\xc4/\xc4\xc8\xf0\xb0,\xcb\
m\xc9\x9e\x04\x00\x8c4\x04L\x00\x00\x00\x00\x00\x00\x00\
\x00\x00R\xd3I\xb2,\xafJ\xf6$0\xb2I\x92\x94\
+\x84x[\x08q\x88\x18\x19Z\x85\x10\xb7&{\x12\
\x000\x12\x110\x01\x00\x00\x00\x00\x00\x00\x00\x00HM\
\xc1dO\x00#\x9b$I\xe9B\x88\xc5B\x88\xa9b\
\xe4\xf8\xb5,\xcb\x9d\xc9\x9e\x04\x00\x8cD\xbadO\x00\
\x00\x00\x00\x00\x00\x00\x00\x00\x00\x83\xb2${\x02\x18\xb9\
$I\x92\x84\x10/\x8c\xb0p\xc9u\xb2,\xbf\x95\xec\
I\x00\xc0HE\x05\x13\x00\x00\x00\x00\x00\x00\x00\x00\x80\
\xd4d\x15\xa9\xe7=!\xc4\xed\x1a\x8c[ \x84x^\
\x83q\xb1w\x17\x0b!\xbe#F\x8e[eY\xd6\xe2\
\xd8\x04\x00\xf4!`\x02\x00\x00\x00\x00\x00\x00\x00\x00\xd0\
\xdf\xf3}\x8b\xef\xfb\x22[\x08\xb1S\xa5y8E\xea\
i\x91e\xf9\x13\xb5\x07\x95$\xa9\x5c\xed1\xb1w\x92\
$)\xc7\xe9mbd\x08\x09!.\x97e\xf9\xa1d\
O\x04\x00F:\x02&\x00\x00\x00\x00\x00\x00\x00\x00\x00\
\xfd\x85dY\xee\xd9\x97;J\x92\xe4Wq\x1ef\x15\
\xc7\x02\xf6tu\x8a\x06\x98\xbe\xad\x0dB\x88\xf3eY\
\xfe2\xd9\x13\x01\x80\x03\x81.\xd9\x13\x00\x00\x00\x00\x00\
\x00\x00\x00\x00\x18)dY\x0e\xf6UTP\x83M\xa5\
q\x80\xff\x92$I\xb9\x00\xfd|1\xbc5\x08!.\
\x15B\x1cL\xb8\x04\x00\x86\x0e\x15L\x00\x00\x00\x00\x00\
\x00\x00\x00\x00\xd4\xd5+\x84\xc8Ua\x9ct\x15\xc6\x00\
\x06\x9a'\x84\xc8\x17\xc3\x8f,\x84\xf8P\x08\xf1\xb4\x10\
\xe2\x05Y\x96\xd5\x0ar\x01\x00\xbe!\x02&H\x9a\xd3\
N;\xcd`2\x99~\xfe\xee\xbb\xef>\x15\x0e\x87\x95\
\xc4\xac8P(?k,\x16\x13\x06\x83!\x94\x96\x96\
\xd6h\xb7\xdb\xd7\x94\x95\x95}RQQ\xb1\xceh4\
n\xbd\xff\xfe\xfb;\x93=G|{\xa7\x9f~zf\
gg\xe7\x98\xde\xde\xde\x09]]]\x87\xe4\xe6\xe6\xce\
\xaa\xab\xab\xab\xf4\xf9|9\x92$I\xb2\xac\xbc\xf7\x1d\
y\x22\x91\x88p:\x9d\xdeSO=\xf5w3g\xce\
\xfc\xc7\xfc\xf9\xf3\xbd\xc9\x98\xc7\x99g\x9ei\xdd\xbau\
\xeb\xc4@ 0\xd1\xe1pL\xed\xee\xee\x9e\xe3\xf3\xf9\
\xc6\xf5\xf4\xf4d\xe9\xf5z\x83\xf2\xf8\x8f\xa4\xdfA\xdf\
9\xd3?j\xd4\xa8]===[\x0f>\xf8\xe0\xd5\
\xf5\xf5\xf5\x9fVVV\xae~\xe9\xa5\x97\x94\xabd\x86\
\xcc\xaf\x7f\xfd\xeb\x82\xcd\x9b7\xdf\xbff\xcd\x9a\xd3\x8d\
F\xa3\x18I\x94\xc7\xd9`0\x08\xe5u*##\xa3\
---\xad\xa9\xb9\xb9\xb9\xf1\xb0\xc3\x0e\xdbVRR\
\xb2q\xf9\xf2\xe5\xdb\xbf\xff\xfd\xef7\xdcy\xe7\x9d\xca\
\x15\x13)\xeb\xba\xeb\xaes,^\xbc\xf8\x9f\xdb\xb7o\
\xffN4\x1aU\xe55\xd7\xeb\xf5\x8a\xca\xca\xca\x9a\xb3\
\xcf>\xfb\x7fn\xba\xe9\xa6\xf7\x84\x8aN:\xe9\xa4\xa7\
\xbf\xf8\xe2\x8b\xb3\x02\x81\x80\xd0\xe9\xf6\xbf\xe0\x9e\xcf\xe7\
\x13\x13'Nl8\xfe\xf8\xe3\x7f\xf3\xb7\xbf\xfd\xedu\
\x91\xa2\x1e~\xf8\xe1\xf4O>\xf9\xe4\xae\x7f\xfe\xf3\x9f\
\xbf\xb6\xd9\xd4\xb9@M\xf9}\x8f\x193\xa6\xc6\xe9t\
\xfe\xea\xe4\x93O^~\xd3M7\xa9r~\xf8\xd1\x8f\
~4o\xe3\xc6\x8dO666\x96*\xcf\x115(\
\xbf\xa7\x0b/\xbc\xf0\xba\xc9\x93'\xdf\xf7\x9b\xdf\xfc&\
)\xaf%Z\xb9\xf9\xe6\x9b\xcf\xb8\xf7\xde{\x9f\x0a\x06\
\x83\x96\xfd9\xa6\x95\xe7\xc4\x94)S\x96^u\xd5U\
\x97\x9f}\xf6\xd9\xebT\x9d$\x00\x00\x00\x00\xb5\xb9T\
\x0a\x98XT\x18\x03\x18\xe881<t\x09!6\x09\
!6\x0a!\x96\x08!>\x92e\x99\xf5\x13\x00H\x22\
\x02&H\x9a\xc2\xc2B\xd1\xdd\xdd]\xe6\xf7\xfb\x03\xa1\
P\xe8@}\x93lr\xb9\x5c\xa3\x85\x10\xa3\xab\xaa\xaa\
N\xcf\xcf\xcf\xaf\x9b={\xf6?g\xcf\x9e\xfd\xc4\xaa\
U\xab\xb6&{r\xf8f\xe6\xcf\x9fo\xfe\xfc\xf3\xcf\
\xa7\xa7\xa5\xa5\x9d\xda\xd3\xd3s\xd2\xd6\xad[\xa7+\xdb\
\xeb\xea\xea\xc4\x81\xa2\xad\xad\xcd\xfe\xd1G\x1f\xfd\xa6\xa1\
\xa1a\xd3\xfc\xf9\xf3\x97\x0e\xe5\xbe\xcf:\xeb,\xbd\xdb\
\xed\x9e\xd4\xd3\xd3\xf3\xbd\xce\xce\xce\x1f\xd7\xd7\xd7\x1f,\
\x0e\x1cJ\xa8f\xb2\x10b\xf2[o\xbd\xf5c\xbb\xdd\
\xbe5##\xe3\xb1\x1f\xfc\xe0\x07o\x1eq\xc4\x11U\
\xbf\xff\xfd\xef\x87$Q\x93\x95\x95\x95\x11\x8dF\xed\xa1\
PH(_#\x95\xd7\xeb\xcd\x13B(_\xd3\xdf\x7f\
\xff\xfd\xef)\xdbF\x8d\x1a\xb5}\xe7\xce\x9d+N?\
\xfd\xf4\x0f7m\xda\xb4*++\xabz\xc5\x8a\x15Q\
\x91b***\x0c^\xaf7\xd3\xe3\xf1\xc8\xb2,\xab\
\x96\xe8\xac\xaa\xaa*\x7f\xf7\xddw/\x1f3f\xcc\xca\
3\xcf<s\x9f\xfaR\x0f\xf4\xc4\x13O\x18\xda\xdb\xdb\
s{{{\xa3\xb1XL/T\xb2e\xcb\x96\x12\x8f\
\xc7sI(\x14z\xef\xc1\x07\x1f\x0c\x88\x14\xf4\xe9\xa7\
\x9f\x16m\xdb\xb6\xadP\x09\xc3)\x01\x1e\xb5l\xde\xbc\
\xb9|\xe2\xc4\x89\x7f\x91e\xf9'B\x88]j\x8c9\
i\xd2$\xc7\x87\x1f~\x98\x16\x0c\x06\x85\xf2\xa5\x96\x8f\
>\xfa\xe8g\xb3f\xcdzE9\xbc\xc4\x08\xf0\xe4\x93\
OJ]]]\xc7\xff\xf5\xaf\x7f}\xc0\xe3\xf1\xa8\xf2\
~w\xdd\xbauG\xadZ\xb5\xeaD\x02&\x00\x00\x00\
\xc0\xb0\x08\x98\xa8\x81\x169\xd0\xc2\xe1*\x8f\xd7!\x84\
xY\x08\xf1\x85\x10\xa2I\xb9Fb\x1f\xc7Q>\x10\
\x09\xf7=\x7f\x9adYN\xc9\xcfp\x00\xe0@F\xc0\
\x04I3v\xecX\xe9\xd5W_\xad\x90ey\xff/\
M\x1e!Z[[K\xdf|\xf3\xcdk\xecv\xfb\xdc\
\xdbn\xbb\xed\x96\xce\xce\xcee\x7f\xfd\xeb_y\x03\x95\
\xa2\xd2\xd3\xd3\xa59s\xe6\x14\xda\xed\xf6\xefutt\
\x5c\xb3q\xe3\xc6Jq\x00\xf3\xf9|\x15\x8d\x8d\x8dc\
\x84\x10C\x1609\xe7\x9cs\x0a\x5c.\xd7QUU\
UWn\xdb\xb6\xed0q\x80\xf3z\xbd\x13\x97,Y\
rgQQ\xd1\x0f'O\x9e\xfc\x97\x8f>\xfah\xd9\
\xb1\xc7\x1e\xab\xd6\x87\x19{%\xcbrvOOO\xb6\
8\x00\xd5\xd7\xd7\x8fW\xbe\x84\x10\xe7\xe6\xe4\xe4,6\
\x9b\xcdO\x1cw\xdcq\x9fedd4\xbc\xf2\xca+\
\x11\x91:\x0c\x1d\x1d\x1d\x85Z\x0c\xdc\xde\xde\x9e\xb7t\
\xe9\xd2qg\x9ey\xe6*5\xc6\xeb\xe9\xe9Q\xaaA\
\xe5i\xf1\xfe@\x92$\x9b\xd7\xeb\xcd\xe9\xeb\xd1\x9br\
L&S~0\x18,\xd1b\xec\x96\x96\x96i\xa1P\
(M\xad\xf1\xba\xbb\xbb\xd3C\xa1\x90U\xa8l\xe7\xce\
\x9dS\x1b\x1b\x1b\xa7?\xf9\xe4\x93\xbb\xce=\xf7\xdc\x94\
\x0bk}\x1b\x0b\x17.\x94\xb6l\xd92n\xe5\xca\x95\
\xf7z<\x1e\xe5\xb8S\xcd\xc6\x8d\x1b\xedj\x8e\x07\x00\
\x00\x00@\x13j}&\x93\xa1\xd28\xc0\x9e\xc6\xaa8\
\xd6b!\xc4\x8feYV\xdaB\x01\x00F8\x16\xf6\
\x914\xd1h\xd4\xe4v\xbb\x8b\x09\x98\xc4\xf3z\xbds\
\x16.\x5c\xf8vMM\xcd\xcfo\xb9\xe5\x16G\xb2\xe7\
\x83xW_}\xb5Y\xaf\xd7\x1f\xb2s\xe7\xce\x07^\
{\xed\xb5G\x9a\x9b\x9b\x0f\xe8p\x89\x22--m{\
^^^\xcdP\xeck\xfe\xfc\xf9\xa6\xef~\xf7\xbb\xd3\
\xb6m\xdbv\xe7\x9bo\xbe\xf9O\xc2%\xfd555\
\x1d\xf5\xd8c\x8f=\x7f\xf7\xddw\x9fw\xd1E\x17Y\
\x86\xa2\xb2\x87\xc7\xe3Q\xa3\xe4\xeb\xb0\xd6\xd1\xd1q\xfc\
\xc6\x8d\x1b\x9fmiiy<\x10\x08|\xf7\xe7?\xff\
y\xca\xf4Hnii1\x84B\xa1\x1c5\xab\x97|\
%##\xa3\xae\xac\xacl\xa7\x1ac]s\xcd5R\
sssF \x10Pz\x00\xab>\xd7\x82\x82\x82\xce\
c\x8f=\xb6[\xa4\xa8\xce\xce\xce\xc2\xc6\xc6\xc6\x02-\
\xc6NOO_\xa3\xd7\xeb=j\x8d\xd7\xd9\xd9\x99\x11\
\x8b\xc5T\x0f\x98\xc4b1\xe9\x8d7\xde\xf8\xc9\x8b/\
\xbe\xa8I j(\x19\x0c\x86\x1c\xaf\xd7{qMM\
\xcd\x04\xb5\xc7\xce\xc8\xc8\xd0<<\x08\x00\x00\x00`\xbf\
\xa9R\xe9S\xa56;\xc0@E*\x8d\xa3\x943>\
\x87p\x09\x00\x1c8X\xd8G\xd2\xe8\xf5\xfa\x8c\xb6\xb6\
\xb6\xa2h4\xcaq8\x88P(d|\xf5\xd5W\x1f\
ohh8{\xe9\xd2\xa5\xaa/\xe0`\xdfm\xde\xbc\
\xd9\x18\x8b\xc5\xbe\xd7\xd3\xd3\xf3Buu\xf5)\xb1X\
,\xd9SJ\x09J\xb8d\xd2\xa4I\x8dZ\xef\xe7\xc3\
\x0f?4\x18\x0c\x86\x13\x96/_\xfe\xe2\x17_|\xf1\
\x0b\xad\xf77\x5cutt86l\xd8p\xb5\xcdf\
\xfb\xd1]w\xdd\xa5\xe9y\xd6\xe5r\x15wtt(\
\xadc\xf0\x9fV,\xf3\xdey\xe7\x9d\xd7kkko\
<\xff\xfc\xf33~\xf6\xb3\x9f%\xfdu.==\xdd\
\xeav\xbb5\x09\x1b\xb9\x5c\xae\xce\xeb\xae\xbbN\xe9\x87\
\xbb\xdf\x94\x00\x8c,\xcbJ{\x1c\x87\xd2&Fm\xe1\
p\xb8\xf7\xdcs\xcfU\xaf\xf7\x8c\xca\xb2\xb2\xb2\xf2\x02\
\x81\x80\xaa\x95.\xbe2i\xd2\xa4\xad\x0e\x87C\xb5\x9f\
=\x1a\x8d:#\x11m\x8a\xf4|\xf9\xe5\x97?\x0e\x04\
\x02\x07-Z\xb4(\xe9\xcf\x9d}\xb5t\xe9R}c\
c\xe3\x89o\xbd\xf5\xd6ej\x8f-I\x92l\xb3\xd9\
\xf8\xe0\x0e\x00\x00\x00H}j\xbdo? \xab\xc6B\
;\x92$\xa9yQ\xebJY\x96\x9bU\x1c\x0f\x00\x90\
\xe2\x86\xed\x87\xb6\x18\xde~\xf3\x9b\xdfH\xdb\xb7ow\
\x04\x83\xc1b\x8e\xc3\xc4\x1e{\xec\xb1\xbfo\xde\xbcy\
^\xb2\xe7\x81\xff\xd8\xb8q\xa3\xf4\xca+\xaf\x9c\xf2\xcf\
\x7f\xfe\xf3.!\xc4\xe8d\xcf'\x95x<\x9e\xa6\xf6\
\xf6\xf66-\xf7\xf1\xd3\x9f\xfeTz\xfb\xed\xb7\x8f\x7f\
\xef\xbd\xf7\xeet\xb9\x5c\xe3\xb4\xdc\xd7HPWW7\
\xea\xad\xb7\xde\xba\xdcb\xb1L\xd4r?\xcd\xcd\xcd\x85\
\xb2,\xd3\x0fx\x0fJ8b\xc5\x8a\x15\xd7\xac]\xbb\
\xf6a\x8b\xc5\xa2\xb4\x8eJ\x9a+\xaf\xbc\xd2TUU\
5S\x8b\xb1%I\x12f\xb3Y\xb5\x8a \x9d\x9d\x9d\
\xba\xce\xce\xce\x83\xb5j\xe3X\x5c\x5c\x9c\xd2U\x1f\xda\
\xda\xda\x8aC\xa1\x90^\x8b\xb1\xcdf\xf3.\x9dN\xa7\
J\xdb\xbdK/\xbd\xd4\xd0\xde\xde\xee\x14\x1a\x92e\xf9\
\xe2X,\x96\xd4\xe7\xce\xfe\xa8\xaa\xaa:\xea\xa1\x87\x1e\
z@\x8b\xb1\x1d\x0e\x87;333\xa5\x8fe\x00\x00\
\x00\x00\xaaV0!`\x02\xb5\xa9\xf9\xd9C\x9d\x8ac\
\x01\x00\x86\x01\x16\xf6\x91\x14N\xa7S\x97\x9e\x9e\x9e\xd1\
\xd3\xd3\x93\xa6\xc5\x15\xca#\xcd\xb3\xcf>{\xe9\xc2\x85\
\x0bU/\xaf\x8eo\xef\x85\x17^\x98\x7f\xcf=\xf7\xdc\
\xd3\xd2\xd2R\x96\xec\xb9\xa4\x9a\x83\x0f>\xb8\xf6\x9cs\
\xce\xd1\xf4\x8aj\x87\xc3\xf1\xe3W^y\xe5\xfe\x9a\x9a\
\x1a\xc2%\xdf\xd0\xce\x9d;g?\xfe\xf8\xe3wj\xb9\
\x8fX,\xa6Y%\x83\xe1n\xc3\x86\x0d\xa7-[\xb6\
\xec\xf9\x05\x0b\x16\x1c\x9d\xac9l\xdd\xba\xd5\xb4}\xfb\
\xf6\xb9Z\xb4\xc7IKK\x0b\xba\x5c\xae\x0e\xb5\xc6k\
nn\xd6777\x1f\x16\x8b\xc5T\x0f\x98H\x92\x14\
1\x99L)\xbd(o2\x99lZ\x05\x81F\x8f\x1e\
\xbd#\x10\x08\xa8\x120\xc9\xc8\xc8\xb0\x18\x0c\x06\xbb\xd0\
\xd0\xb2e\xcb\xbeS__\xaf\x84\x8d\x86\x9d\xfb\xef\xbf\
\x7f\xd65\xd7\x5c\xf3@,\x16\xd3\xa4M\x96^\xafw\
\x19\x8d\xc6\x94>\x96\x01\x00\x00\x00\xfc[\xabJ\xe3P\
5\x16\xa9\x8c\x0f\x05\x01\xe0\x00C\xc0\x04I\xd1\xda\xda\
jlkk\x9b)\xcb2\xc7\xe07\xb0j\xd5\xaac\
\xeb\xea\xea\x0eM\xf6<\x0et?\xf8\xc1\x0f\xcey\xe2\
\x89'~\xdf\xdd\xdd]\xac\xc5B\xedp\xd7\xdc\xdc\xec\
9\xf1\xc4\x135K\x8c\xfd\xe8G?\xfa\xee\xdbo\xbf\
\xbd\xa0\xa1\xa1\xa1\x22\x16\x8bq\xee\xf8\x86\x94\xc7j\xdb\
\xb6m\x87\x7f\xe7;\xdf\xf9\x83\x16\xe3\xdfx\xe3\x8d\xc5\
n\xb7\xbbT\x8b\xb1G\x02%(Q[[;\xfd\xc9\
'\x9f\xbc\xef\xc2\x0b/<-\x19s\xa8\xae\xae67\
77\x1f\xa7\xe4\x0c\xd4\x1e;77\xb7m\xda\xb4i\
\xaa]\xa9\xf2\xe5\x97_\xea7n\xdc8'\x1a\x8d\xaa\
\x1e0\xb1Z\xad\xde\x8d\x1b7\xaa\xd2\xcaG\x0bW_\
}ua}}}\xa1F\xc3G\x1b\x1b\x1b\xebv\xed\
\xda\xa5\xf4E\xdeo---%\x1e\x8f\xa7\x5chH\
9\x06\xd6\xad[\xf7\xdd\x87\x1f~xX\x9d_\x9e{\
\xee\xb9q\x0f=\xf4\xd0\xf5\xdd\xdd\xdd\x9a\x05!\xd3\xd3\
\xd3\xbb\xd3\xd3\xd3\xddZ\x8d\x0f\x00\x00\x00@5\xed*\
\x8d\xa3I+U\x00\x00\x80}\xc1\x02\x1d\x92\xa2\xab\xab\
\xcb\xd4\xd5\xd5u8\x01\x93o&\x1c\x0e\x9bjkk\
\x7fp\xe9\xa5\x97\xd2\x92%I.\xb8\xe0\x82S>\xff\
\xfc\xf3\xdf577\xf3;\x18\x84\xd9l\x0eN\x9d:\
U\xb5*\x06\x03\xddw\xdf}\xd3\xbf\xf8\xe2\x8b;Z\
ZZ&\xc4b1\xc2=\xdf\x92\xcf\xe7K_\xb7n\
\xddi\x0b\x16,(P{\xec\xce\xce\xce\x83\x82\xc1\xe0\
\xb0mc1\x14\xa2\xd1\xa8\xbe\xb6\xb6\xf6\xa0%K\x96\
\x5c{\xe7\x9dwj\xd2\xaa&\x91Y\xb3f\xe9\xaa\xaa\
\xaa&h\x11\x8c3\x99L\xadN\xa7\xb3^\xad\xf1f\
\xcf\x9e\x1dnii)\xd6\xe2y^RR\xd2<o\
\xde\xbc\xad\x22E\xf9|\xbeQ\x91HD\x93\x80\x89\xc9\
d\x0a+9\xc0G\x1f}T\x95\x10`GG\xc7h\
\x9f\xcf\xa7ye\xb5u\xeb\xd6\x9d\xda\xd0\xd0p\x88\x18\
F\xbe\xf8\xe2\x8b\x93\xb6m\xdb\xf6\x1d-\xff\x9f\xa5\xd7\
\xeb[\x96/_\xaeV\xa9m\x00\x00\x00\x00\xdaiQ\
i\x1c\x9b$I\x16\x95\xc6\x02\x00\x00\xd8/,\xee#\
)>\xfb\xec3\xf3\xbau\xeb\x8e\xa7\x0a\xc47\xb7r\
\xe5\xca\x13\xab\xab\xab\x0fK\xf6<\x0eD\xef\xbc\xf3\x8e\
y\xcb\x96-\xbf\xee\xee\xee\x9e\x94\xec\xb9\xa4\xaa\xbc\xbc\
\xbcFI\x92\xda\xb4\x18\xfb_\xff\xfa\x97\xf9\xd1G\x1f\
\xbd\xa7\xb9\xb9Yy\xfc9g\xec\x1b\xc9\xe3\xf1\x94\xb6\
\xb4\xb4\xfcP\xed\x81\x97,Yrpss3\x01\x93\
\xaf\xa1\xbc\xdeUWW\xcf|\xe5\x95Wn|\xec\xb1\
\xc74i\x83\xb27\x0e\x87\xa30\x14\x0a\x19\xb5\x18\xdb\
d25;\x1c\x8e]j\x8cu\xee\xb9\xe7\xea22\
2&iQ\xbdDa4\x1a\x1b\x9dN\xe7z\x91\xa2\
6n\xdcX\xdc\xde\xde^\xa4\xc5\xd8EEEU5\
55>\xb5\xc6[\xb5j\xd5\xb8\xc6\xc6\xc6QBc\
\xc1`0\xad\xb1\xb1\xf1\xb07\xdexcX|\x90z\
\xcb-\xb7\xfc\xe0\xb9\xe7\x9e\xfb]4\x1a\xd5t\xbeS\
\xa6L\xd9y\xd8a\x87\xa9Uj\x1b\x00\x00\x00@\xea\
W0QP\xc5\x04\x00\x00\xa4\x04\x02&H\x8aQ\xa3\
F)\xa5\xdaU\xbf\x92~$s\xbb\xdd\x8e@ 0\
\xed\xd6[o\xd5d\xe1\x0d{\xf7\xde{\xef\x9d\xb2m\
\xdb\xb6C\xa2\xd1(\xe1\x86\xbd\xb0\xd9l\xbbb\xb1\x98\
\xea\x01\x93g\x9f}V\xbfb\xc5\x8a\x13\x95\x96\x19\xb2\
\xacY\xf7\x9d\x03B \x10pl\xd8\xb0\xe1\x94\xc7\x1e\
{L\xd5\xe3\xd8\xe5r\x95tww\x9b\xd5\x1cs\xa4\
\x8aD\x22\xfaU\xabV\x9d\xfc\xd2K/-\x1c\xaa}\
\xdev\xdbm&\xa7\xd39E\xab\xf1m6[sA\
A\x81*\xcf}\x87\xc3ar8\x1c\x87I\x92\xa4\xd5\
\x93\xbd\xd1h46\x8b\x14\xd5\xd2\xd2R\x1a\x08\x044\
\x09\x98\xcc\x9a5kYEEE@\xad\xf1t:]\
Zoo\xaf&\xa1\xa5\x81\x96/_~\xca\xc7\x1f\x7f\
|\xb8Hq\x0f=\xf4\xd0Q\xff\xf8\xc7?\x16\xb4\xb5\
\xb5\x95h\xbd/\xa3\xd1\xb8\xc3\xe1ptk\xbd\x1f\x00\
\x00\x00\x00\xfbM\xcd`x\xae\x8ac\x01\x00\x00\xec3\
\x02&\x18r?\xff\xf9\xcfuEEEcb\xb1X\
\xb2\xa72\xec\x84B\xa1\x19.\x97\xab2\xd9\xf38\x90\
\xfc\xe1\x0f\x7f\x90^{\xed\xb5K{zz\xb8J \
\x81\xdc\xdc\xdc\xdap8\xdc\xa5\xf6\xb8\xd1h\xd4\xf4\xda\
k\xaf]-I\x92^\xed\xb1\x0f4\x91H\xc4P]\
]=5''G\xb5\xd7\xfe\x0b.\xb8@2\x9b\xcd\
Y\x9c\xcf\xbf\xb9X,f\xfd\xf8\xe3\x8f\x7f}\xe5\x95\
W^4\x14\xfb[\xbe|\xb9}\xcb\x96-\x87j5\
\xbe\xd1ht\xddx\xe3\x8dQ5\xc6Z\xb3f\x8de\
\xe7\xce\x9dJu3\xa16\x9dN'\xda\xdb\xdb\xdd\x7f\
\xfc\xe3\x1fU\x99\xab\x16222\x8a<\x1e\x8fI\x8b\
\xb1+++?\x9c2e\x8a*\x15L\xce>\xfbl\
%\x08T8T\xa1\xbf\xaa\xaa\xaa\xcam\xdb\xb6\xcd\x15\
)\xec\xcf\x7f\xfe\xf3A\xff\xf8\xc7?n\xaa\xa9\xa9\x99\
1\x14\xfb\x0b\x85B\xad\xd7^{m\xca\x1e\xcb\x00\x00\
\x00\x00\xfe\x8b\x80\x09\x00\x00\x18q\x08\x98`\xc8\x19\x0c\
\x06\x8b\xddn\xa7\xd5\xcb>\xa8\xad\xad\x9d\xb9t\xe9\xd2\
i\xc9\x9e\xc7\x81d\xeb\xd6\xad\x17544\xcc\x8e\xc5\
b\x04\x1c\x12(,,\xac\xb5\xdb\xed\x9dj\x8ey\xd3\
M7\x19\xab\xaa\xaa\xe6n\xdd\xba\xf5\xe8X,\xc6\xeb\
\x95\x0a<\x1eO\x9a\xd7\xeb\xcdVk<e\x91\xd9l\
6\xf3\x01\xc7\xb7\x14\x0a\x85\x9cO>\xf9\xe4\x1f\xce;\
\xef\xbc\xa9/\xbc\xf0\x82\xa6\x95\x91\xb2\xb2\xb2\xcc;v\
\xec\x98\xaa\xc5\xd8iii\xc2\xef\xf7\xf7\xaa5^^\
^\x9e~\xf3\xe6\xcd3\xb5x\x7f\x9a\x99\x99\xe9\xc9\xce\
\xce\xae\x11)\xccn\xb7\xa7\x07\x83AM\xc6\xce\xca\xca\
Z}\xfd\xf5\xd7\x87\xd5\x18\xcbb\xb1\x94Z,\x96\xb1\
b\x88(A\x96\xc6\xc6\xc6\xa3\x9fx\xe2\x89\x94l\xc5\
u\xdey\xe7\x8dz\xec\xb1\xc7\xae[\xb3f\xcd\xb1C\
\xb1\xbf\xdc\xdc\x5c\x9f\xcf\xe7S\xf5\xf5\x16\x00\x00\x00\x80\
6dYV\x82\xfej\xb5+-Vi\x1c\x00\x00\x80\
\xfd\xc2\x82\x1d\x86\x5caaaZGG\xc7\x11\xc9\x9e\
\xc7p\xd4\xd4\xd4\x94\xb3n\xdd\xba\xc2d\xcf\xe3@\xf1\
\xfc\xf3\xcf;\x97-[vM,\x16\xd3\xe4\x8a\xf2\x91\
\xc4\xe1p\xec^\xb0`\x81\xaa+\xa3uuui/\
\xbd\xf4\xd2M\xd1(\x17i\xab%\x12\x89\xc8\xff\xfa\xd7\
\xbfJ~\xf1\x8b_\xa8\xf2\xfa/I\xd2\xd4`0\xc8\
9i\x1f\xf4\xf4\xf4\x14\xd4\xd4\xd4\xdc\xa0\xd3\xe9\xd2\xb5\
\xdc\xcf1\xc7\x1c\xe3\xf0\xf9|\x9a\xb4\xec\xc8\xc8\xc8p\
\xc7b\xb1:\xb5\xc6;\xea\xa8\xa3\x9c\x1e\x8f'Kh\
\xc0\xe9t\xd6TVV\xae\x13)\xea\xb1\xc7\x1e\xb3\xca\
\xb2\x9c\xa9\xc5\xd86\x9b-\xb2b\xc5\x0a5+LM\
\xed\xee\xee\x1e/\x86\xd0\xee\xdd\xbb\x0f[\xbf~\xfdi\
\x22\x05\xb9\x5c\xae\x0bkkkO\x0b\x85BC\xf2\xff\
\xaa\xa2\xa2\xa2\x0d>\x9f/e[=\x01\x00\x00\x00\x88\
\xd3\xa2\xd28\xa5*\x8d\x03\x00\x00\xb0_\x08\x98`\xc8\
9\x1c\x0e\xeb\xbau\xeb\x0eN\xf6<\x86#\xbd^\xaf\
T\x801'{\x1e\x07\x82g\x9eyF\xbfm\xdb\xb6\
\xa3\x94E\xe0\xa1j\x030\x5c\x19\x0c\x06\xb9\xa6\xa6\xa6\
]\xcd1\xff\xfe\xf7\xbf\xebF\x8f\x1e]\xb9}\xfb\xf6\
\xa3\xd4\x1c\xf7@\x17\x89Dt\xabV\xad\xca\x5c\xb5j\
\x95*\xe3\xd5\xd7\xd7Ohoo\xcfSe\xb0\x03\xd0\
\xb2e\xcbNkoo\x9f\xf6\xf8\xe3\x8fkV!\xa9\
\xa9\xa9)\xaf\xa7\xa7G\x93\xdfQFF\xc6\xb6\xca\xca\
\xcaj5\xc6Z\xb4h\x91\xae\xa5\xa5et0\x18\xb4\
\x08\x0ddee\xed\x9a4i\xd2\x16\x91\xa2\xb6o\xdf\
>\xae\xb7\xb7w\x94\xda\xe3J\x92$;\x9d\xce\x96w\
\xdf}W\xb5\xf7\xfc\xed\xed\xed\x95555\xaa\xcf\xf5\
\xeb\xaa/\xad\x5c\xb9\xf2\xf8W^y\xa5@\xa4\x90?\
\xfd\xe9O'\xacX\xb1\xe2\xecP(\xa4\xc9q;\x98\
\xfc\xfc\xfc\xa5\x13'Nl\x18\xaa\xfd\x01\x00\x00\x00\xd8\
o\x04L\x00\x00\xc0\x88B\xc0\x04C.\x12\x898\xfc\
~\xbf&W(\x1f\x08\x08;\x0c\x8d\xcc\xccL\xf3\xfb\
\xef\xbf\x7fR8\x1c\xa65\xce\xd7\x18=zt]k\
k\xabK\xcd1}>_ZKK\xcb\xf7\xd4\x1c\x13\
\xffa\xb1X\xa2\x16\x8b:k\xa1^\xaf7?\x18\x0c\
\xa6\xa92\xd8\x01(\x1a\x8d\x1a\x96.]\xfa\xb3\xea\xea\
j\x87\x16\xe3\xdfz\xeb\xad\xba\xb6\xb6\xb6l\xe5uW\
\x8b\xf1\xd3\xd2\xd2j\x0a\x0a\x0aTi;S[[k\
jll\x1c\x15\x8b\xc54Y\xa8\xcf\xc9\xc9iX\xb4\
hQ\x93HQ_|\xf1\xc5\xc4\xd6\xd6V-\xca\x1d\
\xc7\xd2\xd3\xd3w\x94\x94\x94\xa8V\x0a*\x14\x0a)\x95\
V\x86\xfc\xb5q\xed\xda\xb5\x87<\xfb\xec\xb3g\x8b\x14\
\xb1h\xd1\xa2\xb1\xff\xf8\xc7?nmnn\x1e\xd2\x0f\
y\xc7\x8d\x1b\xb7\xf6\xd1G\x1f\xed\x1e\xca}\x02\x00\x00\
\x00\xd8/\xb5*\x8dC\xc0\x04\x00\x00\xa4\x04C\xb2'\
\x80\x03\xcb\x9dw\xde)y<\x9eQ~\xbf\xdf\x9e\xec\
\xb9\x0cSQI\x92\xbc\xc9\x9e\xc4\x81\xa0\xb7\xb7\xd7\xd2\
\xdb\xdb;'\x19\x8bh\xc3Mee\xe5\x92\xd2\xd2R\
U\xaf\xa6\xee\xed\xed\xcd^\xbat\xe9\xb1j\x8e\x09!\
L&S\xec\x84\x13Nh\x8b\xc5b\xfb=\xd6\xa3\x8f\
>*\xb9\x5c\xae\xa2P(DU\xa5\xfd\xf0\xfe\xfb\xef\
\xff|\xf6\xec\xd9w(]s4\x18\xde\x1c\x8dF\x95\
\xdf\x91\x06C\x0b\x11\x0c\x06\xdb\xba\xba\xbaTi\xbd\xe2\
\xf3\xf9L>\x9fo\xb4F-\xb1\x94dfJ/\xc8\
K\x92T\x1a\x08\x04\xb2\xd5\x1eW\xa7\xd3\xc5\xc6\x8e\x1d\
\xbbS\x09\x9a\xa81\xde=\xf7\xdcc\xf4x<\xf9\x22\
\x09\x82\xc1`fUU\xd5\x0f\x9fy\xe6\x99\xc7\xcf:\
\xeb\xacN\x91D'\x9cpB\xde\x86\x0d\x1b\xeekk\
k;t\xa8+\x86\x09!\x1a\x87r\x9f\x00\x00`\xd8\
\xd3\xaa\xd2\xdaH\xfa\x7f \x17M@kj\xb5\x96%\
`\x82T\xc5:#\x00\x1c`\xa8`\x82!\xb5e\xcb\
\x16\xf3\xae]\xbb\x8adY6%{.\xc3QII\
I\xf3\xa1\x87\x1e\xca\xc2\xc2\x10\xa8\xab\xab\xb3\xd6\xd5\xd5\
M\x8c\xc5b\x9c'\xbf\xde\x1aI\x92Tm\x91#\xcb\
rF{{{\xb9\x9ac\xe2\xbf\x01\x93\xe6\xe3\x8f?\
~\xbfK!m\xdc\xb8\xd1\xdc\xd5\xd5\x95R\xed*\x86\
\xa3\x9e\x9e\x9e\x8c\xee\xee\xee\xd1\x0f<\xf0\x80\xeaa\xb6\
\x8d\x1b7\xa6WWWO\x17\x1a\x99<yr\xf3S\
O=\xe5Wc\xac\xb6\xb66[ww\xf7\x14\xa1\x01\
\x93\xc9\x14(//o\x16)\xac\xb3\xb3\xb3\xc0\xe5r\
\xd9\xb4h\x91c6\x9bw\x99\xcdfU\x02&\x9b7\
o.\xec\xec\xecLZ[\xac\xfa\xfa\xfa\x83\xde}\xf7\
\xdd\xff\x11I\xb4l\xd92\xa7,\xcb\x7f\xec\xe8\xe88\
a\xa8\xf7\x9d\x93\x93\xe3\xca\xcb\xcbS\xe59\x07\x00\x00\
R\x9a\x9a\xa5k\xc7\x0amT$\xf1\xe7U;\x95^\
\xa9\xf2x\xc0@\xaaT\xfe$`\x02\x95\xa9y.\xe5\
\xd8\x04\x80\x03\x0c\x0b\xa7\x18Rf\xb3\xd9l0\x18J\
\xd4\xb8z\xfe@TRR\xb2m\xf6\xec\xd9\xca\x95\xc8\
\xd0\xd0\x9bo\xbe)\x95\x95\x95e{\xbd^\xad\xae\xf4\
\x19QN>\xf9\xe4\xb5\x0f<\xf0@@\xcd132\
2\xb2\xfd~\x7f\x8e\x9ac\xe2\xdf\xc1\x9d\xf0\xb6m\xdb\
\x5c\xdf\xfb\xde\xf7\xf6\xfb\x03\xcb\xfc\xfc\xfc\xecP(\x94\
\xae\xce\xcc\x0el\xcb\x97/\x9f\xff\xd1G\x1f\xa9^\x15\
b\xf7\xee\xdd\xce\xc6\xc6\xc6\x99B\x03z\xbd>\xd6\xd6\
\xd6\xa6Z\xb0\xcc\xedv[\xdb\xdb\xdb5\x09\x98df\
fvH\x92\x94\xb2\x01\x93\x07\x1f|P\xca\xcc\xcc\xcc\
\x93eY\xa7E\x05\x93\xe2\xe2\xe2\xaa\x92\x92\x12U\xde\
xI\x92\x94\x1f\x89D\x92vn\xee\xed\xed\xcd\xd8\xb5\
k\xd7\xf4\xe7\x9e{.)\xff\x87y\xe0\x81\x07\xac/\
\xbe\xf8\xe2E\x1f\x7f\xfc\xf1\xafc\xb1\xd8\x90W8\xb3\
Z\xad[c\xb1\x98{\xa8\xf7\x0b\x00\x00\x86\x96,\xcb\
\xbd*\x0e7C\x92$-B&?Rq\xaco\xf5\
\xf3\xca\xb2\xac\xf6\xfb\xa1\xe3$I\xe2\xf3\x07\x0c\x87\x0a\
&\x16I\x92rU\x1a\x0b\x078\x95\xcf\xa5\x87J\x92\
T\xa8\xe2x\x00\x80\x14G\xc0\x04C\xaa\xbe\xbe>\xbd\
\xa5\xa5E\xb3\xab\xa9G:\xb3\xd9\xbc\xdd\xe9tV%\
{\x1e#\xdd\xb3\xcf>ky\xe9\xa5\x97\x8eL\xf6<\
\x86\x0b\x9dN\xa7\xea\xd5C\x17]t\x91n\xc5\x8a\x15\
9\x04|\xd4\xa5\xd7\xeb\xa3\xa3G\x8f\xdef0\x18T\
Yh\xde\xb1c\xc7\xc1\x84\x80\xd4\xb1~\xfd\xfay\xa5\
\xa5\xa5Yj\x8f\xdb\xd0\xd0\x90\xd1\xda\xdaz\x88\xd0@\
FFFoZZZ\x87Z\xe3\x9d{\xee\xb9\xd6\xcd\
\x9b7krue$\x12i\x8dF\xa3m\x22E\xf5\
\xf6\xf6\xa6wtth\xd2vF\xaf\xd7\x87kkk\
\xdbjjjTy\xde\xd7\xd7\xd7\x8f\xf5z\xbdIi\
\x91\xf3\x95\x86\x86\x86\xb1\x1b7n\x1c=\xd4\xfb}\xfb\
\xed\xb7u\xa1Ph\xc6\xfd\xf7\xdf\xbf(\x16\x8bI\x22\
\x09***\xb6\xd9l6W2\xf6\x0d\x00\x00\x86\x5c\
\xab\x8a\x9f\xfd>-I\x92jU\xe8$I:E\x08\
\xf1+\xb5\xc6\x13B\xb4\xec\xc3}\xd4l\xd3k\xef{\
\x8c\xb8\x80\x02Z\xa9Uq,*E@MM*\x8d\
\xa3T\xab\x7fJ\x92$\xa7J\xe3\x01\x00R\x1c\xbd\xd1\
0\xa4\xda\xda\xda\x1c\xe1px\xb2\x16c\xeb\xf5\xfaP\
nnn\xab\xddn\xf7\x86\xc3\xe1!\xbb\xaaT\xb9:\
\xd8\xef\xf7\x9b;;;\x95\xabz\xadZ\xeeK\x92\xa4\
]\xd7]w\x1d\xa5\xd15&\xcb\xb2E\x96\xe5\xb9Z\
\xef\xc7`0\x84srr\x1a\xccfsX\x96\xe5\xa4\
,V\xed\x8f`0h\x9e:u\xea\x8ee\xcb\x96\xb5\
_r\xc9%\xaa\x8d;a\xc2\x04\x93\xc9dR}\xb1\
} \x93\xc9\x14\xce\xca\xcaj\xb4X,\xc1Th\x85\
\xd4\xde\xde^\xe8\xf7\xfb5\xeb\xfd\xac\xd3\xe9\xc2\xd1h\
t\xd7o~\xf3\x1bU\xca-wuuM\x0d\x87\xc3\
Z\x04Lde\x01\xb5\xa8\xa8\xa89\x14\x0ai~.\
W\x9e{\x81@\xc0\xd2\xd1\xd1\xa1\x1cs6YV\xb3\
\x1a\xf57\xe3v\xbb\xb3eYVZBmRs\xdc\
\xd9\xb3g\x1b\xde|\xf3M\xa1\x85\xe2\xe2\xe2jY\x96\
U\xab\x0a\x22I\x92Qhd\xea\xd4\xa9\xb5\xc5\xc5\xc5\
\xf5\x22EE\x22\x91\xb2X,\xa6\xc9\x870N\xa7\xb3\
\xf3\xe4\x93OnQ\xde\xab\xa81^WW\xd7\xe8p\
8\x9c\xd4\x80IGG\xc7\x98\x1d;v\x9c'\x84\xb8\
q(\xf7\xeb\xf1x\x0a\xee\xbe\xfb\xee\xdb\x87r\x9f\x83\
\xcc\xa1\xf6\xa3\x8f>\xf2_s\xcd5\xc9\x9c\x06\x00\x00\
\x18\x1a\xca\xc5Ej\xbd\xef:L\x19O\x92\xa4W\x84\
\x10+\xfa\xc2\x19\xdf\xf6\xb3\xa5\x9c\xbe\xb68'\x0b!\
\xe6\x09uU\xed\xe3}JT\x9c\x83\xf2s\xed\x94$\
\xe9%!\xc4\x17B\x08\xe5\xff:A\x91\x1cJ\xa0x\
\x9b,\xcb\xbe$\xed\x1f\xa9\x1f0\xf9R\xc5\xf1p`\
S*\xa5\x17\xa94\xd6\xf1}\xe7\xd1\x97\xfb\xce\xa3J\
xE\xd5\x8a\xd7\xdfRO\xdf\xb94\x99s\x00\x80\x11\
\x8b\x80\x09\x86\xd4\xf7\xbf\xff\xfd\xf4?\xfe\xf1\x8fj\xf6\
i\xfd\xaf\x13N8\xe1#\x8f\xc7\xb3\xc0j\xb5\xee:\
\xe1\x84\x13\xf4~\xff\xd0\xe40\xccf\xb3\xbcm\xdb6\
y\xcb\x96-\x13\x8cF\xe3\xb5\xcb\x97/W\xfeS\xaa\
\xba\xec\xecl\xe5\xaa]\xaeZ\x1d\x02\xef\xbc\xf3\x8e\xd5\
j\xb5\x9e\xa0e\xb0\xe4\x90C\x0eyy\xf2\xe4\xc9\xf7\
\xf4\xf4\xf4\xd4\xce\x9c9S\x17\x0e\x87\xc5p\x13\x89D\
\xa4\xa2\xa2\xa2\xb0\xd1h\xecVs\xdc\xf7\xde{\xcf\xd1\
\xd5\xd55Fh\xa8\xbc\xbc\xfc\xbd\xc9\x93'\xdf6z\
\xf4\xe8\x1d\x85\x85\x85\x92\xf2\xb3\x88$\xf2\xf9|\xb2\xd9\
l\xb6\xfc\xe3\x1f\xff\xb8\xaf\xb6\xb6\xf6$!\x84\xea\x8b\
\xedf\xb390m\xda\xb4-j\x8d\xf7\xd9g\x9f\x1d\
\xeav\xbbU_\x14w:\x9d\xae\xef\x7f\xff\xfbw.\
_\xbe\xfc\x91s\xcf=Wo0\x18\x94\x10\x88\xd0\x82\
$I\x22\x1a\x8dJ\xdb\xb7o7\xbe\xf8\xe2\x8b\xe9\x0b\
\x16,(X\xbbv\xedA\xcb\x96-\xfb^{{\xfb\
qb\x88D\x22\x11\xfd\xce\x9d;\xcb\xe6\xcf\x9fo~\
\xe4\x91GT\xf9\x10\xf3\xaa\xab\xae2\xe8\xf5\xfa\x09Z\
=v\x16\x8be\x93\xddn\xdf\xad\xc6X\x17^x\xa1\
\xa1\xa3\xa3c\x9c\xd0H$\x12\xa9\xf7\xf9|j^\xe1\
\xa8\xaaO>\xf9dJgg\xa7jW\x94~E\x09\
\x95\xe8\xf5\xfa\xee\xda\xda\xda\xf6\xdbo\xbf]\x95\x03\xc1\
j\xb5\x8e\xeb\xe8\xe80\x8b$\x0a\x04\x02i[\xb6l\
\xf9\xce\xc7\x1f\x7f|\xeb\xbcy\xf3\x86\xe4C\xff\xf3\xce\
;/\xdd\xe3\xf1\xdcZ__\x7f\xb8H\xa2\xb9s\xe7\
V\x17\x17\x17{\x939\x07\x00\x000dV\x0a!\x8e\
Pq<\xa5:\xc7y}_\xa9D\x09B\xaf\xde\x87\
\xfb}\xa6A\xd0Ei=r\xb1H\x0d!I\x92\x9e\
\x14B\x5c#\xcb2\x9f\x05\x0es\xb2,{$IR\
>;\xcbTa\xb8!\xaf\xe6\x88\x11M\x09\x1d\x1e\xa5\
\xe2xJ\x18\xf1\x7f\xfa\xbeR\x81_\x92\xa4G\x84\x10\
\xd7\xc9\xb2\xccE\xbb\x00\xa0\x22\x02&\x18RN\xa7S\
YH\xd7\xe4\x8at\x87\xc3\xb1\xe5\x88#\x8eX{\xc3\
\x0d7$\xe5\x0a\x83\xa3\x8e:\xaa=77\xb7\xac\xef\
\xaa\x07\xd5\x99L\xa6\x96},\x1b\x8ao\xe9\xd7\xbf\xfe\
\xb5t\xcf=\xf7h\xd6\xfa\xe3\x8c3\xcex\xe0\xf4\xd3\
O_t\xfa\xe9\xa7\xabU\xf2vD1\x9b\xcdv\xa3\
\xd1\xa8Ts\xd0\xc4\xb9\xe7\x9e\xfbxvv\xf6\xad\x9b\
6m\xaa\xbd\xef\xbe\xfb\x86\xbe\x5cE\x02\xa3G\x8f\xbe\
\xec\xb6\xdbn{c\xe7\xce\x9d\x07\xa9=\xb6N\xa7\x0b\
\x06\x83\xc1j\x15\x87t\x86B!\xd5\x839F\xa3\xd1\
;a\xc2\x84\x8f\x9fy\xe6\x99!mi\xf2\xfc\xf3\xcf\
\x8b\x07\x1ex`\x8b\xcdf[1c\xc6\x8c\x97\xf4z\
\xfdw?\xfd\xf4\xd3[\xdcn\xf7\x90\xf4\x90\xcd\xcf\xcf\
/,//\xb7\xa9u\x95\x9c\xcdf\xcb\xb2X,3\
\x84F\x8a\x8b\x8b7O\x9f>\xbd]\x8d\xb1\xd2\xd3\xd3\
m~\xbf\xbfRhD\x92\xa4\xe6\xdbo\xbf]\xd5V\
^j\xea\xee\xee\x9e\x11\x0e\x87\x8b\xd5\x1eW\x92\xa4\x98\
R\xc1$\x16\x8b\xa9\xd9W9-Y\xeda\xf6\xac:\
TWW7\xe1\x9e{\xee\xf9\xe3\xbcy\xf34/\xe5\
q\xc6\x19g\xd8=\x1e\xcf\xe5K\x97.\xfd\x99,\xcb\
I\xfb\xbf\x93\x12\x88\xf3z\xbd5W]u\xd5\xf0K\
\xa4\x02\x00\x80}\xf1\x91\x10\xe2j1\xf2})\xcbr\
\xef>>>7\x88\x91Ki71_\x081M\x92\
\xa4\xa3eYNV5\x15\xa8\xa7N\xa5\x80\xc9D\x15\
\xc6\x00\xbe\xf2\xa1\x10\xe2\xf7b\xe4R\xaa\xcd_.\x84\
\x98,I\xd2I\xb2,\xabR\xdd\x15\x00\xf0\x9f>\x9c\
\xc0\x90\xb8\xe6\x9ak\xa4e\xcb\x96i\xd6'\xd2d2\
\xedHV\xb8D\xb1t\xe9\xd2\x98\xddn\xef\xd0j\xfc\
\xe2\xe2\xe2\x1d\xd3\xa7Oo\xd4j|\xfc\x7feee\
\x99Z]\xf5\x7f\xc4\x11G\xbcv\xdey\xe7\x11.I\
\xa0\xb1\xb11\xad\xa3\xa3c\xac\x16cWTTl\x99\
;w\xee\xd3w\xdeyg\xcd\xbb\xef\xbe\x9bR\xe1\x12\
\xc5\xb9\xe7\x9e\xbb[\xa9\xe0\xa1\xc5\xd8J\xfb\xb0C\x0f\
=t_J\x0f\xc7\xb9\xf8\xe2\x8b\xf5z\xbd\xde\x224\
 I\x92/;;{\xadH\x82\x8b/\xbe8\xfa\xf4\
\xd3O{\xde{\xef\xbd\x06\xa3\xd1\xf8\xf4%\x97\x5c\xf2\
\xd3\xe9\xd3\xa7+e=5W]]]\xb1~\xfdz\
\x87Z\xe3\xbd\xf5\xd6[\x05\x1b7nTJak\xc2\
j\xb5v_}\xf5\xd5\xaa\x846\xbe\xf8\xe2\x0b\xc7\x96\
-[4\xf9\x90,--M455u\x8a\x14\xe6\
\xf3\xf9*\xddn\xb7\xea\xc1\x05\xa3\xd1\x18\x1a7n\xdc\
\xfa\x96\x96\x16U\xceu\x97^ziY]]]R\
\xdb\xe3|\xc5\xe7\xf3\xd9>\xff\xfc\xf3\xef\xdf|\xf3\xcd\
j\x96E\x8fs\xef\xbd\xf7\xea}>\xdf\x8f?\xff\xfc\
\xf3\xcb\x94}\x8a$\xd2\xeb\xf5J\xb0\xa4+\x99s\x00\
\x00\x00C\xea\x03\xa5\xd3\xb4\x18\xf9^\xd8\xc7\xfb-\xe9\
kc3\xd2\x1d*\x8483\xd9\x93\x80*v\xa94\
\xcex\x95\xc6\x01\x14\x1f\x0b!\x0e\x84\xcf\xa8\x95\xf6=\
?N\xf6$\x00`$!`\x82!\xe3\xf7\xfb\xd3\xc2\
\xe1\xb0&%\xf0u:\x9dX\xbe|y\xd2KF\x86\
\xc3a\xd5\x16\x07\x07r:\x9d5EEE\x07\xc2\x1b\
\xbe\xa4\xba\xe3\x8e;\xf4\xcd\xcd\xcd\x9a\x05\xa1\xca\xca\xca\
6\x9cp\xc2\x09\xfc\x1e\x13hhhHw\xb9\x5c\x9a\
T3\xa8\xa8\xa8x\xaf\xb5\xb5u_\xca\xef\x0e\x89\xbb\
\xee\xba\xab\xac\xa3\xa3C\x93\xf3\x88^\xaf\xf7:\x1c\x0e\
U*\x98\xe4\xe4\xe4\x14\x1b\x8dFM\x16[\xddnw\
\xe8\xa2\x8b.Jz\xaf\xe9\xd7_\x7f\xdd\xbfh\xd1\xa2\
e\xf3\xe7\xcf\xbft\xf2\xe4\xc9\x9fk\xbd\xbf\x15+V\
\x94\xbd\xf5\xd6[ij\x8dw\xd0A\x079w\xee\xdc\
9Ah\xa0\xb8\xb88\xd0\xde\xde\xaeZ\xa0\xb2\xad\xad\
\xcd\xee\xf7\xfb\xb5\x9a\xeb\xce\xe2\xe2bUZ\xf9h%\
\x1a\x8dfD\x22\x11\xd5\xc7\xd5\xe9t\x01\xb3\xd9\xbc\xe2\
\xa9\xa7\x9eR%`\xd2\xd9\xd9yp8\x1cV\xab7\
\xf3~s\xb9\x5c\xc5555\x9a~\xd8\xde\xdd\xdd}\
\xf4\xca\x95+\xff\xd0\xd3\xd3\xa3YU\xb3o\xaa\xbc\xbc\
\xbc\xb6\xa6\xa6&\xe9\xe7F\x00\x0004dYV\xc2\
\xa5\x8f\x8b\x91- \x84xv_\xee(\xcb\xb2\x12v\
\x7fX\x1c\x18\xa6${\x02P\xc56\x95\xc6\xa1\x82\x09\
T#\xcbr\xe4\x00x\xad\xf9\xca!\xc9\x9e\x00\x00\x8c\
$\x04L0d\xfc~\x7ff0\x18\xd4$e=v\
\xec\xd8\x96\x9c\x9c\x9c\xa4^\xd9q\xddu\xd7I\xb2,\
+e\xd74\x91\x99\x99\xd9\x90\x97\x97\xa7\xf4\xeb\x84\x86\
\x9a\x9b\x9b\xcdmmm\x9a\xb4g\xc9\xca\xca\x0a\xb5\xb5\
\xb5\xd1\xe6\xe8kL\x980\xc1\xd2\xdd\xdd\xad\xc9s\xc9\
\xe1p(m\xb4<\x22E}\xf9\xe5\x97s\xbd^o\
\x96\x16cK\x92\xe4\xbd\xf0\xc2\x0b\x95\x0f\xf0\xf6\x9b\xcf\
\xe7\x9b\x18\x8b\xc5\xecBe6\x9b-<~\xfc\xf8-\
\x22\x85\x5ct\xd1E+O=\xf5\xd4?UTTl\
\xd7r?6\x9b-\xcd\xe1p\xa8V\xc5b\xf2\xe4\xc9\
i\x81@@\xb5\xc0\xca\x9errr\xb6\x87B\xa1&\
\xb5\xc6\x9b<y\xb2\xa3\xa5\xa5E\x93\x80\x89\xd3\xe9\x5c\
=j\xd4(U*\xf7h\xe1o\x7f\xfb\xdbXY\x96\
\x9dZ\x8cm2\x99\x02\xd3\xa6MS\xae\xecT\xc5\xfa\
\xf5\xeb\x8ft\xb9\x5c)\x130\x09\x85B\xf6\xa5K\x97\
\x9e\xb7|\xf9rM\xaa)\xfd\xfa\xd7\xbf\xaex\xe3\x8d\
7n\xea\xec\xec\xac\x10)\xc0n\xb7omiiQ\
\xe5\x1c\x0e\x00\x00\x86\x8d\xbb\x94\x5c\xad\x18\xb9\xfe.\xcb\
\xf2\xfe\x5c\x80\xf37!\xc4\xbe\xb4\xd7\x19n\xf8\xfc~\
dP\xeb3\x85\x1cI\x924\xf9\xdc\x08\x07\xf4k\xcd\
\x81p.5&{\x02\x000\x92\xf0\x06\x15Cf\xc7\
\x8e\x1d\x19\xed\xed\xed\x9a, egg\xaf\xaa\xa8\xa8\
\xa8\x15I\x14\x0a\x85\x1c\xa1PH\x93`\x82\xc2\xef\xf7\
7uvv\xb2\xb0\xa0\xb1\x9a\x9a\x1aK{{\xbb&\
\x8bI\xb9\xb9\xb9M\xb1X,\xa9\xc7\xe9pPQQ\
\x91\xe6\xf7\xfbU\x1f\xd7`0\x88\xed\xdb\xb7\xa7\xf4\x87\
s\xbbv\xed\x9a\x17\x0c\x06\xb3\xd5\x1e\xd7j\xb5\x06\xc7\
\x8e\x1d\xbbY\xad\xf1v\xed\xda5>\x18\x0c\xaa\x1e0\
1\x9b\xcd\xbd\xa5\xa5\xa5\xcbD\x8a\x19;v\xec\xbb\xa3\
G\x8f~C\xe3}\x18\xa6M\x9b\xa6\xda\xfb\xb2\x86\x86\
\x86\x0c\xa1\x91\xb2\xb2\xb2\x15\x87\x1crH\xbdZ\xe3\x15\
\x16\x16Z\xbb\xba\xba4\x09\xc3\x8c\x1e=z\xfd\xe1\x87\
\x1f\x9e\xb2\xc1\xbeU\xabV\x1d\xe5v\xbbs\xb5\x18[\
\x96e\xe9\xba\xeb\xaeS\xad\xd2Lkkk\xa5\xcb\xe5\
\xd2$\xcc\xb1/b\xb1\x98\xae\xb6\xb6v\xfc\xcb/\xbf\
|\xc5\xe3\x8f?\xaeWs\xec\x87\x1ez(s\xf1\xe2\
\xc5\x97\xacY\xb3\xe6\x18\x91\x22\x0a\x0b\x0b\xb7\x8c\x1d;\
V\xfd\x17G\x00\x00\x90\xb2dYV\xde\xcb]/F\
&%\xb0\xfe\xc7\xfd\x19@\x96\xe5\x1e\xa5#\xb7zS\
\x024\xb5C\xc5\xb1\xa8b\x02\xd5\xc8\xb2\xac\xb4\x15\xbe\
!\xd9\xf3\x00\x00\x0c/\x04L0dL&\x93\xb3\xbe\
\xbe~\xac\x16c\x8f\x193f\xd5!\x87\x1c\xa2\xda\xd5\
\xd4\xfb\xa2\xa5\xa5%\xbf\xa7\xa7G\x93Rk&\x93)\
\xe6\xf5z[\xff\xfc\xe7?\xabR\xe6\x1e{\x97\x96\x96\
fjnn\xd6$(\x94\x96\x96VUVVF\xc0\
$\x81\x9bn\xba\xc9\xdc\xdb\xdb\xab\xc9y\xc2\xe1p\x04\
\x9b\x9b\x9b\x83\x22\x85UUUM\xf7z\xbd\xaa/\xe0\
Z\xad\xd6\xae\xfc\xfc\xfc\x8f\xd4\x1a\xaf\xa5\xa5e\x9c\x16\
\xd51l6[\xcf\xacY\xb3V\x88\x14\xf3\xcb_\xfe\
2l4\x1a?\xcf\xce\xce\xd6\xac\x8aTWWW\xac\
\xb5U\x9d\xeeY\x7f\xfe\xf3\x9f\xf5.\x97K\xf5\xa0\xd2\
\x1e\xb6\x0a!\xda\xd5\x18\xe8\xee\xbb\xef\x96\x82\xc1`\x9e\
\xd0\x88\xcdfk\xba\xf8\xe2\x8b\x95\xf2\xe2)i\xfd\xfa\
\xf5\x07\xf7\xf6\xf6\xaa\xfe\xbb2\x1a\x8d\xb1\xc2\xc2\xc2:\
5\xc7,))I\x99p\xc9WdY\x16\x8f<\xf2\
\xc8\xef[[[3\xd5\x1a\xf3\xbd\xf7\xde3l\xd9\xb2\
\xe5\x1c\x97\xcbu\x8eH!%%%\xdbF\x8f\x1eM\
\xc0\x04\x00\x80\x03\xcf\x03B\x88w\xc4\xc8\x12\x13B\x9c\
\xd7\x17\x10\xd9_\x8f\x0a!\xdeTa\x1c`\xb8\xb4\xc8\
QhR!\x1c\x07\xb4\x91\xf8Z\x03\x00\xd0\x10\x01\x13\
\x0c\x99\xfc\xfc|G{{{\xba\x16c\x97\x95\x95U\
\xff\xf6\xb7\xbfMj_\xfa\xad[\xb7\x16466\x1e\
\xac\xc5\xd8N\xa7\xb3'\x14\x0aui16\xfa\xab\xac\
\xac\xb4uvv\x96j1\xb6\xd9ln\xb2\xd9lI\
m\xe5\x94\xeav\xee\xdcY\xd8\xde\xde\xaeIP++\
+\xab\xa1\xac\xac,e\x9fG\x0f>\xf8\xa0I\xa7\xd3\
e\xc4b\xcagm\xea2\x9b\xcd]c\xc7\x8eU\xad\
2Hww\xf7(\xbf\xdf\xaf\xfab\xb3\xcdf\xf3\x1e\
t\xd0A\x9a\xb6\xa2\xd9WV\xabugYY\xd9Z\
\xad\xc6\xaf\xae\xae\x0en\xd8\xb0A\xe9#\xbe\xdf\x94\x90\
\x92\xdf\xef\xd7$`\xa2\xd7\xebeI\x92:\xee\xb8\xe3\
\x0eU\xe6ZSSc\xeb\xe8\xe8\xd0\xec\xea\xabh4\
\x1a\x12)\xcc\xef\xf7\x97\x06\x83A\xb3\xda\xe3Z\xadV\
_ee\xe5\xc7j\x8dw\xcf=\xf7\x98\xb5\x08\xbf\xa9\
@\xf2\xf9|\x19>\x9fo\xf6c\x8f=\xa6J\x8b\xa9\
\xe7\x9e{\xee\xf4\xe7\x9f\x7f\xfe\xf2\xee\xee\xee\x1c\x91B\
$I\xda,IRJ\x1f\xcf\x00\x00@}\xb2\x92\xa8\
\x15\xe2\xa7J6Y\x8c\x1c\x97\xc9\xb2\xfc\xbe\x8a\x8f\xcf\
\x99B\x88uj\x8c\x07hE\x96\xe5n\xb5.\xd4\xa0\
\x82\x09\xd4\xd6w.\xfd\x99\x10bC\xb2\xe7\x02\x00\x18\
\x1e\x08\x98`H,\x5c\xb8P\x8aF\xa3\x9a}P_\
__\x9f\xf4\xaa\x04MMM\xce\x9a\x9a\x9a|-\xc6\
\xce\xce\xce\xae\x8b\xc5b)\xdd\xdac\xa4\xd0\xe9tN\
\xaf\xd7[\xa4\xc5\xd8z\xbd\xde\xa5\xd3\xe9\xb8\xfa8\x81\
\x9e\x9e\x9e\xc2\xa6\xa6\xa6YZ\x8c\x9d\x93\x93\xb3s\xd4\
\xa8Q)\xdbS\xd4\xe5r\x8d\x95$\xc9\xa4\xc5\xd8\xe9\
\xe9\xe9\xbe[o\xbdU\x95\x96&\xb7\xdcr\x8b1\x18\
\x0cf(\xed7\x84\xca\xa2\xd1\xa8\x7f\xc7\x8e\x1d)\xf9\
\x1c)--mu8\x1c5Z\x8d\x9f\x99\x99\xe9\xce\
\xcb\xcbS\xa5\xd2Fmm\xad\xb5\xad\xadM\x93\x9e\xcc\
\x16\x8b\xc5;a\xc2\x04\xd5\xda\xae477g\xd6\xd6\
\xd6V\x0a\x0d\x98\xcd\xe6\xc0\xa8Q\xa3\xdc\x22E]z\
\xe9\xa5\x96p8\x9c\xfe\x9f\xcfq\xd4e0\x18\x5c\xc5\
\xc5\xc5\x9f\xaa5\xde\x96-[J\xbc^\xafM\xa4\xa8\
\xb5k\xd7\xfe\xb4\xa0\xa0`\xbf\xab*\xdd~\xfb\xedG\
.Y\xb2daGG\xc7h\x91bv\xef\xde]\xf7\
\x97\xbf\xfc\x85Jv\x00\x00\x1c\x80dYV\xde\xd3\x9e\
\xa0tX\x14\xc3\xdf\x95\xb2,\xff]\xcd\x01eY\xf6\
\x08!\x8e\x1b!\x8f\x0fF6\xb5\xaa\x98P\xc1\x04\xaa\
\x93eYY{8^\x08\xf1E\xb2\xe7\x02\x00H}\
\x04L0$b\xb1\x985\x1a\x8dj\xf2a\xbd\xc1`\
\x08\x9bL&\xe5?\x93Is\xfe\xf9\xe7K\x95\x95\x95\
\x8ePH\x9b\x0bKG\x8d\x1a\xb5k\xda\xb4i\x9a\xb5\
f\xc0\xffg0\x18\xb2<\x1e\x8f&a\xa8\xdc\xdc\xdc\
\xae1c\xc6\x04\xb4\x18{\xa4\xc8\xc8\xc8\xc8ill\
\xd4\xe4\x5c\x91\x9d\x9d\xbd\xb3\xa8\xa8H\x8d\x12\xbc\x9ah\
ll\x9c\x15\x89DlZT\x9c\xd0\xeb\xf5\xaa-\xb2\
[,\x96\xc2h4\x9a!T&I\x92R\xc1\xa4C\
\xaf\xd7GD\x0a\x9a;w\xaeg\xf4\xe8\xd1\x9a\x05\x94\
\x0e;\xec\xb0\xdd\xdf\xff\xfe\xf7U\xf9=Y,\x16\x87\
\xd1h\xd4$\xf0\xe8t:\x9bjkkU{=*\
//WB}\x9a\xb4%\xcb\xce\xcen\xec\xea\xeaJ\
\xd9\x80Iiii\xa9\xd1htj1\xb6\xd9lV\
\x8e\xd7\xd5*\x8eW\xa8\xd3\xe9\xac\x22E\xad\x5c\xb9\xf2\
\xa4\xc6\xc6\xc6\xd2\x97_~y\x9f\x83o\x8f>\xfah\
\xe93\xcf<\xf3\xa7\xda\xda\xdaq\x22\xc58\x1c\x0e\xdf\
'\x9f|\xa2J\x85\x16\x00\x000<\xc9\xb2\xdc\xde\x17\
\xa2xV\x0cO\xca\xc2\xe5\x19\xb2,\xdf\xa3\xc5\xe0\xb2\
,+\xd5J\xe7\x0d\xe3\xc7\x07\x07\x86\x1d*\x8d\xa3I\
\xe5e\xa0\xef\xb5\xe6X\xce\xa5\x00\x80\xafC\xc0\x04C\
\xa2\xa5\xa5%\xab\xab\xab\xabB\x8b\xb1\xb3\xb2\xb2\x94\x96\
#Im\x8f\x13\x89D\xec\xb2,O\xd5j|I\x92\
j$I\x22`\xa2\xb1+\xaf\xbcR\xb7n\xdd\xba\x1c\
\xbf\xdf\xafz\xbb\x02\x85\xc1`\xe8\xbd\xec\xb2\xcbRr\
\xf1<U\x84B\xa1\x1c\x9f\xcf\xa7\xd7b\xec\x9c\x9c\x9c\
\x9aQ\xa3F\xa5l%\xa0\xcf?\xff|\xaa\xdf\xefW\
}\x01\xd7\xe9t\xfa\xf3\xf3\xf3Uk\xed\xd2\xd9\xd99\
\xca\xe7\xf3e\x0a\x95\xe9\xf5\xfahZZZ\xd75\xd7\
\x5c\x93\xcaW\xe8\xab^\xb5\xe5+\x15\x15\x15\x8dS\xa6\
L\xf1\xaa1Vuuu~[[\x9b&W4\x8d\
\x1a5\xaa\xc9n\xb7\xab\x16\xb4\x09\x04\x02\xd9\x9d\x9d\x9d\
\x9a\xbc?\x90$\xa9\xbd\xa3\xa3#e\x03&uuu\
\xa5\xbd\xbd\xbd\x9aT\x9a\xd1\xeb\xf5\x9e\xed\xdb\xb7\xab\xf6\
\xbe\xa1\xb3\xb3\xb3(\x1c\x0e\xa7l\x05\x93\x8e\x8e\x8e\xfc\
\xd7_\x7f\xfd\x94w\xdf}w\x9f\xaa\x98\x9c{\xee\xb9\
\x96G\x1f}\xf4\xda\xdd\xbbw\x1f&R\x8c$I\xf2\
\xf8\xf1\xe3?\x9f5k\x16\x01U\x00\x00\x0epJ\xa5\
\x0eY\x96\xcf\x12B\x9c-\x84\x18N\xedw\x95v8\
3dY~Y\xcb\x9d\xc8\xb2\xec\xeb{|~\xa1|\
\x14)F\x0eU*]~KjV\x16MF\x9bG\
5\xf7\xe9I\xc1\x0a&\x81\x14yl\xb4\xfa\xff\xb6\x9a\
\xe3\xd2f\xf4\xc0y\xad\xf9:)Y1\x19\x00\x86+\
\x02&\x18\x12N\xa733\x1c\x0e\x8f\xd2bl\xb3\xd9\
\xdcZTT\xa4\xca\xa2\xdc\xbe\xca\xce\xce.\xb2X,\
\x93\xb5\x1a\xdfd2U[\xad\xd6\x94\xad\xbc0R\x94\
\x97\x97\xdb\x0a\x0a\x0aFi\xf5\xfe<77\x97\xdfa\
\x02\x0f?\xfc\xb0\xc9\xe9t\x16j1\xb6R\x1d#+\
+\xab\xf5\x86\x1bnH\xe5\xffL(\x95AT\xbfB\
\xdd`0tgffnRk<\x93\xc94:\x16\
\x8bY\x84\xca$I\x0a\xa6\xa7\xa7w\x8a\x14\xb5u\xeb\
VKKK\x8bf\x0b\xec\xcd\xcd\xcdm\xd5\xd5\xd5\xaa\
, \xfb\xfd\xfe\x5c\xaf\xd7\xabIh\xc3d25v\
vv\xfa\xd5|\x7f\xe0\xf7\xfb5y\xde\x8f\x193\xa6\
9+++e\x03&\xbd\xbd\xbd\xc5\xb1XL\xf5\xb6\
X:\x9d.ZZZ\xba\xfb\xb1\xc7\x1eS\xed\x834\
\xab\xd5\xaa\xcc5e+\x98(\xde}\xf7\xdd\x85F\xa3\
q\xcc\x03\x0f<\xf0\xad\x82`W_}\xb5^\xaf\xd7\
\x9fR]]}\x8a\xcf\xe7K\xc9*!f\xb3y\x83\
\xc5b\xe1\x83Q\x00\x00\xf0o\xb2,?#\x84P\xaa\
\xae-\x14B(\x95;R\x95\xd2\xb2\xe6G\xb2,\x9f\
$\xcb\xf2\xae\xa1\xda\xa9,\xcb\xcf\xf5\xb5\x10Y\xa0d\
\xa5\xc5\xf0\xb7,\x09\xfb\xfcP\xc5\xb1>\x12CL\x09\
\x1b)\x85\x0eSp\xfej\xcd\xe9\xbd\x14yl\x16\x0b\
\x0d\xc8\xb2\xac<o\xd7\x0d\xd7\xe3o\xa4\x18F\xaf5\
\xdf\xd4;\xc9\x9e\x00\x00\x8c$\x04L0$ZZZ\
r\xb7n\xddZ\xa6\xc5\xd8999\xed\x92$%\xb5\
\x82I,\x16\x1b\xb5v\xed\xda\xe9Z\x8d\x9f\x9b\x9b[\
\xff\xd7\xbf\xfe5\xa6\xd5\xf8\xf8\x8f\x7f\xfe\xf3\x9fY\x1f\
}\xf4\xd1\xa1Z\x8cm4\x1a\xfd\x92$\xa5l\xf5\x8c\
T\xf0\xfe\xfb\xef\xa7\xaf_\xbf\xbeX\x8b\xb1-\x16K\
\xcc`0\xa4\xec\x7f\x86n\xbb\xed6\x83\xcb\xe5rF\
\xa3Q\xd5_\x97\xedv{\xf7\xe4\xc9\x937\xaa5\xde\
\xe2\xc5\x8b\xa7\xfa|>\xd5\x17\x9aM&S\xc8\xe1p\
\xa4\xec\xefh\xc3\x86\x0dY\xcd\xcd\xcd\x9a\xb4\x9d\xd1\xeb\
\xf5\xe2\xa0\x83\x0ej\x99={vP\x8d\xf1f\xce\x9c\
\x99\xb7{\xf7\xeet\xa1\x01I\x92\xea\xf5z\xbdj\xa1\
\xce/\xbf\xfcRiK\xa6\xc9\xa2~0\x18lio\
oOj\x0b\xbdD\xea\xea\xeaF\x85\xc3a\xd5\x03&\
F\xa3Q9\x8e\x9a\xd5\x1cs\xcb\x96-\xe5.\x97\xcb\
.RX,\x16\x13\xe1p\xf8tY\x96\xbfU\xdb!\
\x83\xc10\xeb\xcd7\xdf\x5c\xd0\xd1\xd1Q$R\x93<\
g\xce\x9c\xd5G\x1cq\x04\x01\x13\x00\x00\xf0_\xb2,\
\xf7\xca\xb2|s_\xab\x8c_\xf6U\x09Q\xe5\xff\x13\
\xfbI\xa9\x1c\xf2\x80\x10b\x8e,\xcb\x87\xca\xb2\xfcz\
2&!\xcb\xb2K\x96\xe5[\x84\x10\xcag\x91\xe7\xf4\
-\xc8\xa7\xc2\xe3\xf3m=#\xcb\xf2\x1bI\xd8\xefu\
B\x88\x06\x15\xc6yM\xf9\xb8M$\xc7\xc5J\xae\x7f\
?\xc7P\xda\x84\xbc\xaa\xe2q\xa9\x84\x85\xf6\xb7\x92\xcf\
\x1a!\xc4\x1d)\xf2\xd8hyl^\xd0\xd7Zk\x7f\
<-\xcb\xf2\xbb*\xcd\xe7\x804\xe0\xb5\xe6\xdc\xbe\xd7\
\x9a\xe1\xf8\x7f\xd3\xfbeY^\x9a\xecI\x00\xc0HB\
\xc0\x04C\x22777;\x14\x0ai\xd2\x1f\xd2\xe1p\
4\x1b\x8d\xc6\xa4V0\x09\x85B\xe9^\xaf\xb7@\xab\
\xf1u:\x1dmU\x86\x80$IN\xbd^?C\x8b\
\xb1\x95\x0a4/\xbc\xf0BR\x8f\xd3TW\x5c\x5c\x9c\
\xe5t:5Y\xe0\xd3\xe9t\xad\xf5\xf5\xf5)[A\
F\x92$[4\x1aU\xda\xce\x18\xb4\xf8`\xad\xa9\xa9\
\xa9U\xad\xf1\xa2\xd1\xe8AJfG\xa8\xccf\xb3\xf9\
\x22\x91\x88\xaa\x8b\xe2j\xb2\xdb\xedY&\x93I\x93\x80\
\x89\xf2\x1a\xe6\xf1xZ\xcf:\xeb,U\xda\x03I\x92\
\xb4OmB\xbe\x89\xfc\xfc\xfc\xa6\xd2\xd2RUB\x9d\
O<\xf1\x84\xb1\xb8\xb8X\x93\xc7T1s\xe6\xcc\xda\
\x13O<Q\xb5v>j\xf3z\xbd\xa5\xd1hT\xf5\
\xe7\x92\xd5j\xf5\x15\x17\x17\xd7\xaa9\xa6\xd1h,\x8b\
F\xa3)\xdb\x22\xe7+\xaf\xbe\xfa\xea\xaf\x9b\x9a\x9a\xbe\
q{\xa8\xd7^{-\xf3\xf9\xe7\x9f\x7f\xac\xa3\xa3\xa3\
R\xa4(\xab\xd5\x1aliiijjj\xe2\xbd \
\x00\x00\x88#\xcb\xb2W\x96\xe5\xa7\x94*!J\x17i\
!\xc4\x89B\x88\xeb\x85\x10\xcf\xf5U)\xa8\xd7\xa0\xad\
\xb4r\x01TW_\xbb\x0f\xa5\xd2\xc5}B\x88\xf9B\
\x88\xc9\xb2,\x17\xca\xb2|\x89,\xcb+D\xea<>\
\xca\x22\xf3\xc9{<>\xd7i\xfc\xf8\xa8\xf1\xf8\xae\xed\
{L\x95p\xcc\x90\x93eYy\x5c\x94\x0b\xe9\xee\xdf\
\x87vC\xca\xfc\x95*\xaa\xbf\x11B(\x01\xf0\xa4\xb4\
\xc1\x95eY\x09b(\x9f\xf1=\xfd-\xab/(\xf3\
W.\xd2\xb9Hy\xfc5\x98\xff\xcf\x84\x10\x97\x09!\
6+\xd3\xfc\x86\xf7Q\xbeo\xa7\x10\xe2V!\xc4Q\
J\x0b\x93$>6\xeb\x85\x10\x17*\xedS\xb4\xfc\xdd\
\xca\xb2\xbcZ\xf9o}_\x90\xa5k\x1f\x9e?\x17\xf4\
\x85\xef\xa0\xde\xb9\xf4\x1f}\xaf5\x99{\xbc\xd6<\x9f\
\xc2\xe7\xd2\xa8\x10bu\xdf\xb1zi\xb2'\x03\x00#\
MJ\x96\x81\xc6\xc8\xb3i\xd3\xa6L\xad\xaeP\x1e3\
f\xcc\x0e\x9dN\x97\xd4\x05$\x8f\xc7S\x10\x0a\x85\x8c\
Z\x8c=~\xfc\xf8\xee\xaa\xaa\xaa\x94]\x18\x1fI\xa6\
M\x9b\x96\xf5\xe8\xa3\x8f\x96k1\xb6\xddn\xb7\xc6b\
\xb1\xa4\xfc\xa7z\xb8\xd8\xb8qcaSS\x93&\x8b\
|\x15\x15\x15-6\x9b-%\xabc<\xf7\xdcsR\
ee\xa55\x12\x89d\xc6b\xb1o\xd5\xda\xe1\x9b\xc8\
\xcf\xcfo;\xe6\x98cT\xeb\x99\xba{\xf7\xee)\xc1\
`P\xf5\xf3yzzz\xd7\x8c\x193T\xab\xb4\xa2\
\xb6\xd5\xabW\xe7uuui\xd2B\xcbb\xb1t\x19\
\x8dFUJ7\x9f\x7f\xfe\xf9\xb9\x9b6mRB@\
\x9a\xb0\xdb\xeduN\xa7S\x95+\xff\x9e\x7f\xfe\xf9\xe2\
\xe6\xe6f\xcd\xaa\x7f\x85\xc3\xe1:\xbf\xdf\xafJ\xdb!\
-\xd4\xd7\xd7\x17G\x22\x11\xb3\xda\xe3Z\xadVOA\
A\x81Z\xbd\xbd\xff\xad\xaa\xaaJ\x09\xc3\x88T\xd7\xd5\
\xd5\x95\xbf{\xf7\xee\xa3\xae\xb9\xe6\x9a\x8dw\xdcqG\
\xc2\x0f\xb7\xfe\xf5\xaf\x7fI\xbf\xff\xfd\xef_mhh\
\x98 \xcbrJ\x86\xee%I\x92\xadVk\xd7\xa1\x87\
\x1e\xdaf\xb5Z\xa9d\x07\x00\x00\xbeI\xeb\x8b\x0f\xfa\
\xbe0\x00\x8f\xcf>\xb5)Q\x16e\x87\xed\xc2\xac,\
\xcb\xbb\x93\x15\xd2\xd9\x1bY\x96\xa3}\xa1\xac\xfb\x92<\
\x8f\x94{l\x06\x92e\xb9Z\x08qV\xb2\xe7\x81\xfe\
8\x97\x02\x00\x14\x04L\xa0\xb9G\x1f}Tr:\x9d\
\xf9Z\x85\x9a\xbb\xbb\xbbw\xed\xda\xb5+i\x95!\xee\
\xbc\xf3N\xa3\xdf\xef\xd7\xec\xe7\xb3\xd9lJ2<%\
\x17\xc6G\x1a\x9b\xcdf\x0f\x87\xc3z-\xc6\xee\xea\xea\
r\x9a\xcd\xe6\x9f~\xe7;\xdf\xe99\xfc\xf0\xc3\x9bc\
\xb1\x98Q)\xe7\xff\x15\x83\xc1 \xdbl\xb6\xc8\x9e\xc7\
\x91N\xa7S\x16\x0acz\xbd\xfe\xbf\x17\x05\xe8t:\
\xd9l6\xcb\xca\xf7\xef\xf9\xbd&\x93)f4\x1ac\
\x92\xf4\x9f|\x82r\x9b\xc1`\xf8\xf7v\xa5\xfd\xc6W\
\xdf\xab\xdcn4\x1a\x951\xa2f\xb3YZ\xb0`\x81\
\xff\xb5\xd7^K\x89\xd2\x86\xcd\xcd\xcdE\x1e\x8fG\xe9\
\xed\xa9:\x93\xc9T\xdd\xd0\xd0\x90\x92\xad2V\xacX\
\xa1\xb4H\xb1\xf6\xf4\xf4(WS\xa9\xaa\xef\xf7\xdd~\
\xd6Yg\xed\xf7\xef\xf8\xd9g\x9f\x95\x0c\x06CZ$\
\x12\xb1hq\xbe\x8bD\x22====[\x06n\xff\
\xc5/~!\xbd\xf9\xe6\x9bf\xb7\xdb\xfdU\xf8F\xf9\
\xf3\xeb\x828\xca\x04\xf7\x9cdl\x8f\x7f\xcb{\xfe[\
\x96\xe5o\xb4h\xebv\xbbs\xa3\xd1\xa8&\x95\xaa\xca\
\xca\xca\xb6o\xd8\xb0A\x95\xe3\xd3\xeb\xf5V\x08!\xa6\
\x08\x8dX\xad\xd6\xb6\x9bo\xbeY\x95\x03\xc0\xef\xf7+\
\x81\x9dYB#:\x9d\xae\xed\x8a+\xaeH\xd9`\x9f\
\xc5b\xa9\x88D\x22\xaa\x07\x1bb\xb1X\xaf\xd7\xebU\
\xde;\xa8\xe2\xde{\xef-\x96$)\xa5\xdb\xe3\xecA\
\xfa\xe0\x83\x0f.\xbd\xf0\xc2\x0b\x97\x08!V%\xfa\xc6\
\xa7\x9ez\xeaW\xd5\xd5\xd5\xb3eY\xd6\xe4u_\xad\
\x80\x89\x12\xbe\x0b\x87\xc3-\x97\x5crI\xca\x1e\xcb\x00\
\x00\x00\x00\x00\x00\x00\x0e\x1c\x04L\xa0\xb9\x1d;v\x94\
vtth\xb6\xd8\xd5\xdb\xdb\xdb\xf0\xea\xab\xaf&\xed\
C\xf7`0\x98\x15\x0c\x06\xc7j5\xfeA\x07\x1d\xf4\
\xd9\xa8Q\xa3\xda\xb5\x1a\x1f\xff\xb1h\xd1\x22[[[\
\xdbD\xad\xc6\x0f\x06\x83\xbap8|\xfa\xaaU\xab\xe6\
l\xd9\xb2E\xb9\xfa_\xdas\x91^\x09\x02\xec\x19$\
\xf9j\x9b\x12(Q\x16\x98\xf6\x0c\x88\xf4}\xf5;\xe6\
\xbf\xfa\xde\x81\xdb\x12|\xaf\x12F\xd1\xd5\xd5\xd5\xf9&\
M\x9a\xe4v\xb9\x5c;JJJ\xd6\x8c\x1f?~\xf9\
?\xfe\xf1\x8f]\x22\x092333v\xed\xda\xa5I\
%\xa0Y\xb3fm,,,\xdc\xdf\xde\xad\x9a(-\
-UB \xe9\xb1XL\xf5\xd7d\x83\xc1\x10\xb2\xd9\
l\xdd{\xbb\xddd2\x19\xc2\xe1\xb0RAAi\xd3\
\xa1\xfci5\x9b\xcd\xc6\xa9S\xa7v\xafZ\xb5\xaa_\
[\x9dM\x9b6)\x01\x93\xc3\xa3\xd1\xa8&\xbf\xa3h\
4\xea\xbd\xfb\xee\xbb\xe3B\x16\x0d\x0d\x0d\xbf\x0e\x87\xc3\
?Q:\xa2\xf5\x95\xb7T\x16\x83\xbfnQ^i%\
!\x0f\x128Q\xee\x1f\xdb\xe3\xeb\xdf\xcf\xaf\xbe\xed\x11\
I\x92\x0cf\xb3\xf9/\x92$}\xe6\xf3\xf9\xc2{\x0e\
8a\xc2\x84\x8cO>\xf9D\x93\x85\xe8q\xe3\xc6\xad\
t:\x9d\xaa\x1c\x9f\xb2,O\xdc\xb6m\xdbT\xa1\x01\
%\xf4\xf6\xc6\x1bo\x84\x1ex@i\xa9\xbe\xff22\
2\xca\xd7\xae]\xab\xf4DW]YYY\xdd\xce\x9d\
;S\xba\xfaW4\x1a\xb5j\x11\xd6r8\x1c\xbds\
\xe7\xcemRk\xbc\x9d;w\x1e\x16\x0a\x85\x94\xe7\xdf\
\xb0\xd0\xd1\xd11J\xa7\xd3MI\x140\xb9\xfb\xee\xbb\
\x8fx\xeb\xad\xb7\x16(\xbf\x03\x91\xc2\x94\x00\x9c\x12.\
\xe9\xbbB\x0c\x00\x00\x00\x00\x00\x00\x00\x92\x8e\x80\x094\
\xb7~\xfd\xfaq\xad\xad\xad\x07k1\xb6\xd3\xe9l\x1b\
7n\xdc^\x17O\x87\xc2\x8e\x1d;~\xb0r\xe5J\
\xa5\xef\xa0&Z[[\x95\x1e\x9bIm\x01t X\
\xb3fM~WW\xd7l-\xf7\x11\x8b\xc5\xd2\xbb\xba\
\xba\x94/\x91J\xba\xbb\xbb\x95\x80\xc3q^\xaf\xb7\xad\
\xb1\xb1\xb1\xb1\xac\xacl\xe3!\x87\x1c\xf2\xe2\xcb/\xbf\
\xbcx(\xe7a\xb3\xd9\x8a\xc2\xe1~k\xfa\xaa\xc9\xce\
\xce^WXX\xe8\x16)h\xcd\x9a5\x92^\xaf\x9f\
\x11\x0e\x87U\x0fndff\xf6\xa6\xa5\xa5)}P\
\xe3\x8c\x1d;\xf6\xc6X,v\xa8\xf2\xd0\xf7\xbd\x1fP\
\xc2\x13\x86\xb4\xb44Off\xe6#B\x88\x17\xf7\xfc\
\xfe\xb5k\xd7J\x0e\x87\xe3\xf8H$bR{\x9e&\
\xd3\xbf\x87l\x1e\xec6\xbf\xdf?;\x1a\x8d\x1e/\x86\
\x80\xd9l\x16g\x9ey\xe6\x03Vk\xfc\x9asFF\
\x86M\xab\xe3s\xd4\xa8Q\xcb\x07\x06\xa0\x9e\x7f\xfey\
\xddG\x1f}t\xd2\xa3\x8f>zZ\xdfk\x80\x12L\
\x0b\xf4\xfd\x19Y\xb8p\xe1\xdb\xe9\xe9\xe9;/\xbf\xfc\
\xf2~}K\xc2\xe1p\xb6\xdb\xed\xd6d\xd1|\xda\xb4\
i\x9b\x0c\x06\x83jA-%X\xe5\xf5z\xb5j\x9f\
\xb7\xdc\xe9t\xa6l8\xf3\x8f\x7f\xfc\xe3h\xb7\xdb\xad\
IX\xcbb\xb1\x04\xce?\xff|\xd5\xfa\xd9l\xdd\xba\
\xf5\xe8`0\xe8\x14\xc3\xc8g\x9f}\xf6\xa3{\xee\xb9\
\xe7\x93+\xae\xb8B)\xa9\xdc\xcf_\xff\xfa\xd7)\x7f\
\xfb\xdb\xdf\xfe\xee\xf5z\x8bD\x8a3\x18\x0c\xd1C\x0e\
9dMccc\xea\xf7'\x02\x00\x00\x00\x00\x00\x00\
p@ `\x02\xcd\xf9|\xbe\xb1uuu\xa5Z\x8c\
={\xf6\xec\xe5\x93'On\x10I\xf0\xcb_\xfe\xd2\
\xde\xda\xda\xfa\x93\xf5\xeb\xd7\xff\xae\xbd\xbd=W\x8b}\
\x98L\xa6hEEE\xdb\x83\x0f>\xc8\xc2\x82\xc6L\
&S\xfe\xd6\xad[g\x8a\x03\x90r\x05}(\x142\
\x87B\xa1Q===\xa3\x0c\x06\xc3a_~\xf9\xe5\
\xe1\xd3\xa6M{\xb9\xbc\xbc\xfc\x81\xd7_\x7f]\xf3E\
\xda+\xae\xb8\xa2\xd8\xe7\xf3i\xd2\x1eG\xa1\xd7\xeb\xeb\
\xe7\xcf\x9f\xff\x8dZ\xa1\x0c\xb5\x0d\x1b6(\x01\x98\xc3\
\xa2\xd1\xa8RADU\x06\x83\xa1+\x10\x08(}u\
\xfb\xb9\xf5\xd6[\xad\xc1`\xf0\xf4X,6}\xe0m\
\x92$u\xba\x5c\xae\xb8\xb9\xe4\xe6\xe6J\x9f~\xfa\xe9\
\xbc\xbe\x8a'\xaa\xca\xce\xce\xee\x9a2e\xca\xba\x81\xdb\
\x17-Z\xa4\x0b\x04\x02y\xb1XLIvh\xb2\x18\
\xbf'\x9dN\xd7i4\x1a\x1bL&\x93R\x01\xe5\xbf\
\xfe\xfe\xf7\xbf;\xdcnw\x89V\xfb\xcd\xc8\xc8\xa8\xfd\
\xedo\x7f\xdb\xef<\xff\xd6[o\xa5UUU\x9d$\
\x84\xf8u_\xf5\x15eN\xca\xe3\xa0|_\xb4\xaa\xaa\
j\x83\xcdfS\x02\x88\xff\xf5\xf4\xd3O+\xe5\x8e4\
y=RX,\x96%iii\xaa\x84:\xef\xba\xeb\
.s4\x1a-\x14\x1a)//_RZZ\xda\xaf\
\x0aO*\xd9\xbd{\xf7\x91ZT\xcf\xb0\xd9lQ\x9b\
\xcd\xa6\xea\xfb\xa2\xed\xdb\xb7\x1f\x11\x08\x04R\xba\xd2\xc7\
@+V\xac\x98W^^\xae\xbc\xa6\xf7\x0b\x98<\xf6\
\xd8c\xa5\xcf=\xf7\xdc_\xeb\xea\xea4\xa9\xf2\xa36\
\x9dN\x17.,,\x5c\xd1\xd5\xd5\xc5\xfb@\x00\x00\x00\
\x00\x00\x00\x00)\x81\x80\x094\xa7\xd7\xeb\x95\xab\xa95\
9\xd6\xda\xdb\xdb\x8b\x17/^|\xed\x07\x1f|\xe0\x8f\
\xc5bf\xa5\xf5\xc7P\x5cM\xda\xd3\xd3c\xe8\xee\xee\
.\xda\xb5k\xd7\xc9n\xb7\xbb@\xab}Y,\x96\x1e\
\xbb\xdd\xde\xa9\xd5\xf8\xf8\xff\x9cNgvkk\xab&\
A\xa8\xe1&\x12\x89\x88\x9a\x9a\x9a\x83\x8cF\xe3\x98h\
4:\xe6\xc4\x13O|\xf0\xfd\xf7\xdf_\xa1\xe5>\xb7\
l\xd9rPWW\xd74-\xc6.((\xe8\xde\xbe\
}\xbb\xa6\xd5K\x94vCJ{\x99\xbe\xaf\xf4\xbe/\
{\xdf\x97R!\xa4\xe0\xc8#\x8fl<\xeb\xac\xb3\x96\
\xcc\x9f?\xbf_\x05\x88\xef|\xe7;\xd2\xab\xaf\xbe:\
O\x8b\xd63J\x18`\xc2\x84\x09q\x01\x13\xe5\xca\xfd\
P(\x94>X{\x0e\xa7\xd3Y;j\xd4\xa8\x9a\x81\
\xdb\x0b\x0a\x0aL\x0d\x0d\x0dcb\xb1\xd8\xd7\xb5\xa7\xf9\
\xd6222jf\xcc\x98\xf1\xd9\xc0\xed\xf9\xf9\xf9\x86\
@ P\xa4E\xfb\xa0A\xc4\x94\xf3mccc\xeb\
\x9bo\xbe\xd9\xef\x81Y\xb3fMe[[\xdb$-\
v\x9a\x91\x91\x11^\xb5j\x95R\x99\xa4\x9f\x9e\x9e\x9e\
l\xaf\xd7;\xaa\xef\x9f\xca\x8b\x9br|\xfc\xf7\x18\xe9\
\xe8\xe8h\xb4\xd9l\xfdBS[\xb6l\xc9\xee\xea\xea\
\xfa\xea>\xaa\x9b1c\xc6\xb2\xdc\xdc\xdc~\x15\xb5\xae\
\xba\xea*\xfd\x9a5k\x0eZ\xb2d\xc9x!D\x8b\
\x92+\x15Bx\xfa\xfeT~.\xbf\xf2wY\x96\xfb\
-\x90o\xdc\xb8\xb1D\xab\xc7T\x91\x9d\x9d\xbd\xf5\xe6\
\x9boV\xaa\xbd\xa4\xa4\xaa\xaa\xaa\x13#\x91\x88rn\
P\x95\xcdfs[,\x96\x1dj\x8d\xb7p\xe1B\xa9\
\xab\xab+?\x12\x89h\xff\x06KE>\x9f\xcf\xde\xd0\
\xd0p\xe4\x0b/\xbc\xf0\xc1\xcf~\xf6\xb3\x7f\xb7J\xfa\
\xedo\x7f\x9b\xb1u\xeb\xd6\xdb\xbf\xfc\xf2\xcb!\xa9\x88\
\xa4\x06\xe5y\xa3\xb4\xec\xb2Z\xad)\x19\x90\x04\x00\x00\
\x00\x00\x00\x00p\xe0!`\x02M\xddv\xdbm&\x9d\
N\x97\xad\xd5\xf8\xeb\xd6\xad\x9b\xad|\x89\x11*++\
\xab\xb9\xa5\xa5\xe5\xdf\x0b#\xd0\x96\xd5jU\xaa$\xa8\
\xde\xfac8\x0b\x87\xc3\xd6\xcd\x9b7\x9f\xdd\xd8\xd88\
f\xde\xbcy7~\xfc\xf1\xc7\x1fk\xb5\xaf\xae\xae\xae\
q\xcd\xcd\xcd\x15Z\x8c=n\xdc\xb8\xcf\x1b\x1a\x1a\xbc\
\xfbr_I\x92\xcc{\x04E\x1c}\x7f\xa6\xed\x11\x1c\
Q\x82$\x99\xca\xd3\xb5\xef\xef\xca\xb6\x0c%\xa7\xd1\xf7\
\xfd_}oQ$\x12y\xbd\xad\xad\xed\xf3\x81\xfb8\
\xfe\xf8\xe3\x95j\x0ec\x95\x8b\xd5\x85\xca\xecv{\xd7\
\x981cj\xf7\xdcv\xdey\xe7\xe9\xf4z}I0\
\x18T\xe6\x1b\xc7b\xb1t\xe7\xe6\xe6*A\x81\xff\xba\
\xe9\xa6\x9b\x946>E\x06\x83\xc1\xa4\x04\x90\xd4f6\
\x9b\x1b\x0b\x0b\x0b7\x0f\xdc\xee\xf5z\x85\xcb\xe5\xca\x93\
eY\xf3\xc5m%\xa0\x98\x95\x95U\xefv\xbb\xe3\x8e\
\x95\xdd\xbbwOhhh\x98\xa0\xc5~\x1d\x0eG\xfd\
\xca\x95+\xe3z\xef\xe8\xf5\xfa\x02\x9dN7h\xe8\xcd\
l6\x87\x9a\x9b\x9b\x9b\xd7\xae]\xdb/\x08\xd3\xd6\xd6\
\xa6\x846\x8a\xb5\x98\xa7N\xa7S\x1e\x9f-\xb7\xdcr\
K\xbf\xb9J\x92\xa4\x1c\xfb\xe7\x0b!~&\x84hT\
~mB\x08w_\xc8$ I\x92w\xc2\x84\x09\x0b\
\xfa\xc2'\xff\xd5\xd9\xd9Y\xda\xd0\xd0P\xa9\xc5\x5c\xb3\
\xb2\xb2\xc2\xd5\xd5\xd5Im\x9f\xf7u\xd6\xacYsh\
0\x18T\xbd\x1a\x90\xd9l\xee(..\xde\xa6\xd6x\
\xe1pX\xa9j%\x86\xa3\x0d\x1b6\xfc0\x10\x08\xbc\
#\x84x\xe7W\xbf\xfa\x95}\xe3\xc6\x8d\xe7|\xf1\xc5\
\x17?\x17\xc3K\xf8\xfe\xfb\xefO\xd9VO\x00\x00\x00\
\x00\x00\x00\x00\x0e<\xc3\xf3\x13c\x0c\x1b]]]%\
~\xbf\x7fL\xb2\xe71\x5c\x8d\x1a5j\x97\xc1`\xe8\
W\xed\x00\xea{\xf8\xe1\x87\x8d===\x9a\xb5j\x18\
\xeezzz\xe6TUU\xdd\xfb\xc7?\xfe\xf1\x9c\x1b\
o\xbcq\xad\x16\xfb\xb0X,\x05n\xb7[\x93\x16(\
eee\x8b\x1d\x0eG\xdc\xf3\xe8\xe8\xa3\x8f6/]\
\xba4\xab/\x14b\xef\xab>\xf2U\x80$c\x8f\xe0\
H\xd6\x1e\x7f\xdf\xf3O\xe5\xfb\xbeq\xdb\x08I\x92:\
\xfc~\x7f\xbf\xc0\xd8\x03\x0f< E\xa3\xd1R\xa3\xd1\
\x18\x0e\x87\xc3z\xa1\xb2H$\xe2\xba\xf8\xe2\x8b\xfb\x05\
&:;;\x95\xb0\xc0\x18\xbf\xdfo\x19\xec>&\x93\
\xa9\xdb\xe9t\xf6k-\xe2\xf5z\x0d\xb2,O\x89\xc5\
bz-\x82\x0b6\x9b\xad\xfd7\xbf\xf9\x8dR\xf1\xa2\
\x9f\xb6\xb66\xbb\xcb\xe5R\x1eg\xcd\xe9t\xba\xd8\xb8\
q\xe3\xbe\x88F\xa3q\xad(\x82\xc1`IGGG\
\xaeV\x956L&S\x5c\xa5\x8d\x1d;v\x8c\xea\xed\
\xed\x8d{\xfd\x94$)VRRR\xdd\xde\xde\x1e\x17\
\xbaIOO/\xd6\xaa\xaaVzz\xba\xd7\xeb\xf5\xc6\
\xfd\x8e\xea\xeb\xebKzzz\x0e\x16B\xe4\xf5}\xc5\
9\xf2\xc8#\xef\x1e\x180\xc9\xca\xca\xca\xd7\xea\xbc\x9b\
\x9b\x9b\xbbk\xdd\xbauJ\xe5\x94\x94\xf4\xd0C\x0f)\
\xe7\x99\xac\xc1*\x08\xa9\xd1\x16\xcb\xe9t\xaa\x160\xe9\
\xec\xec<<\x1a\x8d\x0ez\xae\xd8\x1f&\x93I\xb6Z\
\xadQ\xbf\xdf/\x85B!\xd5\xcf+\x8a\xe6\xe6\xe6\xb2\
\xc5\x8b\x17\x9f\x90\x99\x99\xf9\x89\xc1`\x98\xd5\xd9\xd9y\
\x85\x18F\x94\x8ayEEE\xaaU\xa3\x01\x00\x00\x00\
\x00\x00\x00\x005\x100\x81\xa6\x94\xca\x07\x9d\x9d\x9d\xa3\
\x93=\x8f\xe1*''gm4\x1a\xdd\xa7\xca\x0b\xf8\
\xe6\xee\xbf\xff~[oooN\xb2\xe7\x91\xca\x9a\x9b\
\x9b\x0f\xfa\xd7\xbf\xfe\xb5\xf0\x88#\x8e\xf8\xd11\xc7\x1c\
\x13\xb7\x00\xbf?\x16-ZdTZi\x09\x8dL\x99\
2eENNN\xdc\xc2\xb8\xddn?T\x08\xf1\x0b\
e=\xba\xef+\xbb\xef\xcf\x0c\xb5_\x1f\xf5z\xbd\x12\
\xf6h\xb8\xed\xb6\xdb\xfaU\x7f\xf8\xec\xb3\xcf\x94*O\
\xc7\xc9\xb2\xac\xd3\x22\xb8\xe1\xf7\xfb\xe3\x16\xd9\xbb\xbb\xbb\
\x95\x8a=3$I\x1a\xf4g\xcc\xcf\xcf\xef\xfc\xd3\x9f\
\xfe\xd4/\x90\xd3\xdb\xdbk\xf0z\xbd\x93\xa3\xd1\xa8A\
\x8bE\xd4\x8c\x8c\x8c~\x81\x16\xc5\xad\xb7\xde\xaa\xb3Z\
\xad\x07\xe9\xf5z\xd5\x1f\x9b\xc1(\xc1\x8d\xe9\xd3\xa7\x7f\
b4\x1aC\x03o\x93e9+\x16\xd3\xa6CEE\
E\xc5V\xab\xd5\x1a\xb7O\x9dN\x97\xef\xf3\xf92\x07\
\x99\xa7\x5cRR\xb2N\xa7\xd3\xc5\x95\x92\xf1x<%\
.\x97K\x93\x80Inn\xee\xe6\x89\x13'\xc6\x05a\
\xb6n\xddZ\xd8\xd9\xd9Y\xb2\xb7\xfb\xe5\xe7\xe7\xef\xec\
\xe9\xe9\x89{\x1d\x0b\x85B\x05~\xbf_y\xae\xa9.\
##\xe3\x0b\xab\xd5\xaaTP\xe9g\xce\x9c9\xe6\xce\
\xceN\xc7\x8e\x1d;\x94\xd6=AY\x96\xe3*\xc7h\
m\xe1\xc2\x85J\x05\xa1I\xb2,k\x12\xaa0\x18\x0c\
\xbd\x19\x19\x19\x0dj\x8d\xb7s\xe7\xce\xc3\x22\x91\x88\xea\
\x01\x13\x8b\xc5\xe2\x9d5k\xd6\x17F\xa3\xd1\xf3\xee\xbb\
\xef\xfe@h\xe4\x83\x0f>81\x18\x0c\xd6wuu\
M\xde\xb5k\x97&\xefG\x95\xe7\xa4\x16U\x96\x8cF\
\xa3\x7f\xc2\x84\x09\x1f\xa8=.\x00\x00\x00\x00\x00\x00\x00\
\xec\x0f\x02&\xd0\x94\xd9l.t\xb9\x5c\xf9\xc9\x9e\xc7\
pe\xb5ZW:\x9d\xce\xb8E2\xa8k\xd3\xa6M\
\xa6\xbe*\x16\xd8\x0beq}\xdd\xbau\xc7\xbc\xfd\xf6\
\xdb\xdf=\xe6\x98c\xdeTsl\x93\xc9T\x18\x8dF\
5Y\x147\x99La\x9b\xcd\xd6t\xdey\xe7\xf5+\
\x15\xf0\xc6\x1bo\xe8233\xbf'\x84\x98/\x86\x80\
\xddn\xf7\x99L\xa6\xb6\x81\xdb\x0d\x06\x83\xa1\xb9\xb9y\
\xae\x16\x95A\xecv{8\x18\x0c\xb6\x0c\xb2]jl\
l\x9c\x16\x8dF\x07\xad\x18\xe3\xf5z\xe3\xce9%%\
%\x86\xd5\xabWWj\xb1\x88j6\x9b;\xb3\xb3\xb3\
w\x0f\xdc\xfe\xea\xab\xafJF\xa3q^ \x10\x18\x92\
\xd6UJ5\x09\xbd^\xbf\xfe\xa6\x9bn\xea\x17\xdc\xb8\
\xe3\x8e;\xac&\x93I\xb3\xd71\xa3\xd1\xb8c`\x05\
\x93\x9bo\xbeY\xca\xcc\xcc\xcc\xda\xbau\xeb\xa0\x8b\xd9\
iii[\x06\x0b\x98\x04\x83\xc1\xa2@ \xa0\xb4g\
R]II\xc9\xd6m\xdb\xb6)\xc1\x8c~\x02\x81@\
^$\x12\xd9\xeb\xe33}\xfa\xf4\xe5===\xfd\x82\
NO<\xf1\x84R\xb9'?\x1a\x8dj\x12\xb2\x98:\
u\xea\xfa\xec\xec\xec\xb8\xe3X\xa7\xd3M\xf3\xfb\xfd?\
\x11B(\x81\xa6NI\x92\x94\x8aB\x9d}-}\x94\
\x10Z\xb8\xef+\xb8\xc7\xdf\x95\xc79$\xcb\xb2*\xc1\
\xba\xf6\xf6v}(\x14\x9a\x14\x8b\xc54y\x0f\x9e\x9f\
\x9f\xdf\xbbh\xd1\x22U\x82\xa9\x0b\x16,\xd0\xf7\xf4\xf4\
T\xee\xed\x5c\xb1\x9f:&O\x9e\xfc\xe0\xec\xd9\xb3w\
\xbf\xff\xfe\xfb\xdf\xd5\xe2\x1c\xa8hkk\x9b\xfc\xf2\xcb\
/\xffUy-\xd0b\xfc\xb2\xb2\xb2\x0d.\x97+\xb7\
\xa7\xa7\xa7@\xed\xf3\xa3^\xaf\x0f\x14\x14\x14\xacTs\
L\x00\x00\x00\x00\x00\x00\x00\xd8_\x04L\xa0\xa9\x8e\x8e\
\x8e\x82\x8e\x8e\x0eM\x16\xbbF:\xe5*\xfa@ \xb0\
\xf1\xfe\xfb\xef\xdf\xe7E\xad\xf3\xcf?\xdf\xe2v\xbb\xcd\
\xc1`P\xa7\xd3\xe9\xd4\xaf\xc5\x9f$\x92$)m[\
\xf4'\x9ex\xa2\xfb\xba\xeb\xae\x8b\xbb\xf2\x7f\x1f(\x8f\
\x8d6\xe5\x09F\x10\xbf\xdf\x9fv\xff\xfd\xf7?\xd2\xdc\
\xdc\x5c\xf9\xcc3\xcf\xa8\x16|\xaa\xaa\xaa*\xde\xb6m\
\x9b&\xad2\x8a\x8b\x8bk\x5c.W\xdcB\xfc\xca\x95\
+s\x1b\x1a\x1a\x8a\xc5\x10\xe9\xab(\xd08p\xfb\xd4\
\xa9S\x8do\xbd\xf5\xd6L-\x82\x1bYYY\xf5S\
\xa7N]=p\xfbe\x97]&\x9ds\xce9\xd3\x22\
\x91H\xdc\x82\xae\xd1h\x8c\xe9t\xba\xb8\xc5\xe9h4\
j\xdb\xb4i\xd38-\xe6\x99\x97\x97\xd7^\x5c\x5c\x5c\
7p{AA\x81\xd4\xdb\xdb{\x94$I\xa6\xa18\
\xa7\x98\xcd\xe6\xa0\xdb\xedn\x1fx[SSSAw\
w\xb7f-\xb4\xe6\xcc\x99S\x95\x91\x91\xd1\xef<\xd6\
\xdb\xdb\xeb\x8cD\x22{k/\x17\xb3\xd9l\xeb\x07\x0b\
\x98\xec\xd8\xb1\xa30\x12\x89\xdb\xac\xca\xe33v\xec\xd8\
\x1d6\x9b-.`\xd2\xdc\xdc\x9c\xbf\xb7vK\x8a\xcc\
\xcc\xcc\x0f\xadVk\xbf\x0aB_~\xf9\xa5e\xe7\xce\
\x9d\x83\xb6\xd3Qa\xaerwwwC4\x1a\x8d{\
m\xb0X,\x87\xd7\xd7\xd7_=\xc8\xdd\x94\xa0\x89\xab\
\xef\xcf\x0e\xa5\xf3\x8f\x92MP:\xfd\xf5\x05P\xda$\
IR\xfe\xdd\xabd\xb0\x94\xc0I_\xf8Dy}\x8e\
\xf4\xbd~\xfc\xfb\xdf_\x17D1\x99L\xba\x1d;v\
L\x0c\x87\xc3\xaa\x876\xf4z\xbd\xac\xd3\xe9\x94\xf9\xaa\
B\x96egss\xb3\x12 R=\xfc\x91\x93\x93\xd3\
=q\xe2\xc4-\x91H\xc4\x9b\x9d\x9d]\xdf\xde\xde^\
.4\x14\x0a\x85T\x7f\xbc\x9dNg\xc7\xa9\xa7\x9e\xba\
\xe8\xbd\xf7\xde\xfb\xb5\x16\xe7\x08\xab\xd5\xea\x9f3g\xce\
\x1a\xb5\xc7\x05\x00\x00\x00\x00\x00\x00\x80\xfdA\xc0\x04\x9a\
2\x9b\xcd\xf9\xb2,\x0f\xc9\xd5\xe7#\xcd!\x87\x1c\xb2\
\xa4\xb5\xb55\xae\x1d\xc1\xb7\x11\x8b\xc5\x8e\x0f\x06\x83'\
\x84B!\xfb`\x8b\x91\xc3\x98\x1c\x0e\x87s}>\xdf\
\xd3\xff\xfb\xbf\xff\xfb\xee\x05\x17\x5c\xb0_\x8f\x93\xd9l\
V\x1e+eL\xf5f8BE\xa3Q\xa5e\xc7\xff\
<\xf9\xe4\x93\xf7\x9e{\xee\xb9j\x84{\x84\xcdf\xcb\
\xb5Z\xadZ\xb4\xca\x90\x0d\x06\xc3\xcem\xdb\xb6\xc5\x1d\
\x1f\xeb\xd7\xaf\xaflmm\x9d \x86\xc8\x981c\xb6\
\x9ft\xd2Iq\xe5(\xa2\xd1\xa8C\x96e\xa5=\x93\
\xea\xc1\x0d\x9b\xcdVWTT\xb4}\xe0\xf6\xee\xeen\
\x8b\xcb\xe5\x1a\xf4\xbc\x5c^^\xden\xb3\xd9\xe2\xee\x93\
\x95\x95e\x96e\xb9\x5c\x8by\x9aL\xa6v\x8b\xc5\x12\
\x17\xbe9\xfa\xe8\xa3\xf5\xd7]w\xdd\xe1\xb2,k\xfe\
^E\xaf\xd7G&O\x9e\xbc\xf6\xfd\xf7\xdfW\xda\xf1\
\xf4\x0b\x08\x18\x0c\x86b\x9dN\xa7I\x0b'\x93\xc9\x14\
\xad\xaf\xaf\xef\xb9\xec\xb2\xcb\xfa\xeds\xfb\xf6\xed\x13;\
;;\xc7\xee\xad\x95\xcf\xb8q\xe3v\xea\xf5\xfa~\xf7\
y\xfe\xf9\xe7\xd3\xd2\xd2\xd22\xb4z|,\x16\xcb\xce\
p8\x1c\xf7\x9c\x9f<y\xb2a\xd5\xaaU{\xbd\xef\
!\x87\x1c\xb2\xea\xca+\xaf\xec\x17L\xc9\xcb\xcb\xcb\xb6\
\xdb\xed\x9a\xccUY\x94?\xfc\xf0\xc3\x9b\xf2\xf2\xf2\xfa\
\x9d\xd0\xaf\xbd\xf6Z],\x16\xdb[\xa5\x95\x8c\xbe\xaf\
\xd2\xaf\x19\xbe\xa7/d\xa2\x04O\x94cV\x09\x9d(\
U\x82:\xfb\xfe\xdd$IR\xb7\x12V\x999sf\
\xf7QG\x1d\xe5\xb9\xfb\xee\xbb\x07\x86;\x8d]]]\
\x95\x1a=\x97<c\xc7\x8e\xdd\xa5\xc6Xw\xdf}\xb7\
\xe4t:3%IR\xda\x86\xa9\xde\xa6\xcal6\xf7\
\x18\x8d\xc6&%\xd46q\xe2\xc4\xf7\xdb\xdb\xdb\x87\xa4\
\x9a\x94ZL&\x93\xff\x9ak\xae\xf9\x9f\xdc\xdc\xdc5\
\xef\xbe\xfb\xee\xa5Z\x84\xba\xecv{\xcf\xd6\xad[\xa9\
b\x07\x00\x00\x00\x00\x00\x00 \xa5\x100\x81f\xae\xb8\
\xe2\x0a\xdd\xce\x9d;s\x95\xd6\x1a\xf8\xd6\xe4\xd3N;\
\xed\xae\xb4\xb44e\xa1j\x9f544\x9c\xf0\xf1\xc7\
\x1f_\xa2U\xe9\xf9d\xfb\xf2\xcb/\x8f:\xe1\x84\x13\
~\xbaq\xe3\xc6O\xee\xbd\xf7\xde}\xae\xd0r\xc6\x19\
g\x04v\xef\xde\xdd\xbd|\xf9ru'8\x02E\xa3\
Q\xc3\xda\xb5kO=\xe6\x98c\x1e\xef[dMH\
RV\xc9\xfe\xb3\x18'\xfd\xf0\x87?\x14/\xbd\xf4R\
\xdc\x09!\x1a\x8df\xb9\xdd\xeet\xb5\xe7\xaa\xec\xfa\x90\
C\x0e\xd9j\xb5Z\xe3\x02&\xad\xad\xad\x93\xdcn\xf7\
\x141Db\xb1XM$\x12\xe9\xd7\x06\xe6\xd9g\x9f\
\xd59\x1c\x8e\x92P(\x94\xa6Ee\x90\x82\x82\x82\xc6\
\xb9s\xe7\xee\xd8s\xdb\xa9\xa7\x9e\xaa\x8f\xc5b\x93c\
\xb1\xd8\xa0\xfb3\x18\x0c\x9bl6\xdb\xa6\x81\xdb\xb7o\
\xdfn\xa9\xaf\xaf\xd7\xa4\x8dQ^^^szz\xba\
R\xe1\xa5\x9fH$\xe2\xd4+\xc9\x06\x0d*r\x0c$\
IR\xd8`0,\xb1\xdb\xedq\xc7\xe7\xe2\xc5\x8b\xc7\
hQ\xedF\xa9\xb4\x91\x91\x91\xb1\xdb\xe1p(\x953\
\xfainn\x9e\xea\xf1x\xa6\xee\xed~z\xbd\xbe~\
\xc1\x82\x05\xfd\xe6\xfa\xd4SOM\xaf\xaa\xaa\xda[\xd5\
\x93\xfd\xa5\xb4[\xda\xa5\xd7\xeb\xfb\x856.\xbd\xf4R\
k,\x16+\xdb\xdb\x9d\x94\xb9\x86\xc3\xe1\xb8\x8a\x1a\x1f\
}\xf4Qa]]\x9d&m\x87L&\x93\xab\xad\xad\
\xad\xfd\xaa\xab\xae\xea\xf7\x9a\xd0\xd0\xd0P\xda\xdb\xdb\xab\
\x04;\xf6\xc7WA\x14\xe5g\x9e\xb1\x97\xefQ*\x9c\
(\x15]\x9ePr-}\xe1\x93\xff?@F\x86\xa5\
\xb5\xb5\xb5\x5c\x8b\xd7\xe5\xcc\xcc\xcc6\x9b\xcd\xa6J\xc0\
d\xdd\xbau\xca9\x22\xab\xb5\xb55[i\x1f\xa5\xb6\
\x9c\x9c\x9c\x96P(\xe4\xf9\xd5\xaf~\x15\xde\xbau\xeb\
\x93\xcb\x96-\xbb@\x8b\xf3\xa0\x16\xf4z}\xe8\xfb\xdf\
\xff\xfe\xad'\x9dt\xd2\xeb\x7f\xf9\xcb_\x0e\xde\xbd{\
w\x96\xda\xfb\x90$)\x92\x93\x93\xb3\xfb\xc8#\x8f\x8c\
\xab\x1a\x04\x00\x00\x00\x00\x00\x00\x00\xc9\xa4\xfa\x15\x89\xc0\
W\xf2\xf3\xf3s\xacV\xab\xea\x8b\xc6#\x9druz\
QQ\xd16\xa7\xd3\xb9\xfe\xc2\x0b/\xdc\xaf\x95\xd5`\
0\x986R\xc3%\x8a@ \x90\x13\x08\x04.\xd7\xeb\
\xf5\xe3\xf7g\x9c\x993gz\xcb\xcb\xcb[\xd5\x9b\xd9\
\xc8\xa5\x1cO\x0d\x0d\x0dS\xb6o\xdf^p\xc3\x0d7\
$\x5c\x0c\x94$I\xa9\xfa\xa0\x848~\xae,\xb4\xea\
t\xba\x1f\xfe\xe4'?\x89\x0b6\xd6\xd5\xd5eG\x22\
\x11\xd5\xcf\x15J\xd5\x1e\xb7\xdb]\xdd\xd6\xd6\x16W\x9a\
\xc6b\xb1\x94477\x0fYu%\x9dN\xd7z\xc3\
\x0d7\xf4\x0b\x04,^\xbc\xd8\xf8\xc9'\x9f\x14\x07\x02\
\x01\xbb\x16\xfb\x94$\xa9\xe7\xec\xb3\xcf\xee\xf7\xb3\x17\x16\
\x16\xea\x0b\x0a\x0a\xc6~\x15\xfc\x19\xa8\xb2\xb2r\xfb\x0f\
\x7f\xf8\xc3~\x95V\xee\xba\xeb.\xe5>\x9a\xb5\x88q\
\xb9\x5c\x1d\xbbw\xefV\xaaB\xfc\xd7\x8d7\xdeh\xe8\
\x0b\x00\x0d\xc9\x82\xb3\xc9d\x0a\x1dw\xdcq+\xe7\xcd\
\x9b\x17\xb7\x92\xdeW\xb9E\x8bp\x8d\x9c\x9e\x9e\xde\xd2\
\xda\xda\x1aW\xa1@\x96\xe5\xe2\xb6\xb66\xfb`-P\
***\xea\x1d\x0eG\x5c\x1b\x16\xa3\xd18E\x92$\
M\xda\x8c\x98\xcdf%\x80S3\xb0\x1a\x87N\xa7\x1b\
\xad\xd3\xe9\x06\xdd\xa7N\xa7\x8bM\x9a4i\xd3\x8b/\
\xbe\x18\xf7\xfcKKK+0\x1a\x8d\x9a\x04L\xccf\
s\x9b^\xaf\xefw<)\xea\xeb\xeb\xc7\xf7\xf6\xf6N\
\x13\xdaS~o\xfa\xf4\xf4t_yyy\x5c\x08/\
\x10\x08(\xad\xeb*eYV\xfd=x8\x1c\xee\x0a\
\x04\x02J{\x9f\xfd\x96\x93\x93\xa3\xcf\xc9\xc9\xa9\x94$\
I\x93\xf7\x10.\x97\xab\xf3\xa2\x8b.\xfa\xf7\xb1a\xb5\
Zw\x1cs\xcc1\xaf\x8ba@\xc9\xbc\xcd\x9b7\xef\
%\xbd^\x7f\xff\xacY\xb3\x22\x13'N,t8\x1c\
{m\x11\xb5\xaf\xccfs(++\xab\xee\xd4SO\
\xdd\xe76\x89\x00\x00\x00\x00\x00\x00\x00\xa0\x05*\x98@\
3]]]\xa3\x02\x81@^\xb2\xe71\xdc(\x8b\xe2\
S\xa6Ly\xceh4*\xa5\xf8\xf7\x8b,\xcb\x0e1\
\xb2In\xb7\xdb\xd6\xd1\xd1\xb1_\x0b`W^y\xa5\
\xfc\xab_\xfdj\xb7N\xa7\x8b\x8e\xe4@\x8eZ<\x1e\
OZvvv\xb1\xb2(\xa8\x14\x9a\xd8\xf3\xb6\x9f\xff\
\xfc\xe7?}\xe1\x85\x17.P\xd6\xbb\x95<C\xdf\xd5\
\xfeFY\x96\xc3---\xb7\xec\xe5\x0a\xf5,\x9f\xcf\
gU{\x9e\x06\x83!r\xf4\xd1G\xef4\x9b\xcdq\
\x0bt\x92$ehqU\xfe`\xecv\xbb\xd8\xb1c\
G\xdcU\xe8\x05\x05\x05\x06\xaf\xd7[\x1a\x89DT?\
\xe6$I\x8a\x16\x15\x15)\xad;\xfa\xd9\xbd{\xb7A\
\x96\xe5\x83b\xb1\xd8\xa0\x8b\xdb\xb1X\xac\xfd\x9cs\xce\
\xe9\x17\x08\xe8\xea\xea2{<\x9e\x89B#z\xbd\xbe\
k`\x05\xa2\xb5k\xd7*\xc7\xcfa{\x9b\xa7\xdad\
Y\x8e\xc9\xb2\xbcM\x1e\xe4\xa00\x1a\x8d%]]]\
\xaa\x07]\x94\xea\x1e9995:\x9d\xce?\xf0\xb6\
h4j\xdf\xcb\xf1\x191\x99LJ\x0b\xa3\xb8J+\
\xef\xbc\xf3\xcetY\x9635\x98g\xccn\xb7\xd7\xff\
\xeb_\xff\x8a\x0b\x8a(\x958\xaa\xaa\xaa\xf6\xd6V&\
\x16\x0e\x87\xd7\x87\xc3\xe1\xb8\xe7_]]]\xa1\xdb\xed\
\xd6\xa4\x22\xce\xd8\xb1c7\xaf_\xbf>\xee\xf9f0\
\x18\x8aZ[[+\xc4\x10q\xbb\xdd\xfe\xcb/\xbf\xbc\
\xdf/\xf1\xd5W_\x95&M\x9a\xe4p\xb9\x5c\x9a\x84\
\xca\xca\xca\xca\xdaG\x8f\x1e\xdd\xa4\xc6X[\xb7nU\
\xceK\x87+U\xab\x84\xca\xd2\xd2\xd2\x02J\xb5\x95\xaf\
\xfe}\xf4\xd1Gw\x8d\x1b7\xee\xfa\x8f?\xfe\xf8G\
\x22\xc5\xd9l\xb6\x9d\xb1X\xec7/\xbe\xf8\xa2[\xf9\
\xf7\x92%K&\x85B!\xd5\x03\x92\xd1h4\x10\x08\
\x04\xe2*;\x01\x00\x00\x00\x00\x00\x00@\xb2\x110\x81\
f\xaa\xaa\xaaF\xb9\x5c\xae\xdcd\xcfc\x18\x92\x8e;\
\xee\xb8\x17C\xa1P\x5c[\x8foc\xd1\xa2E\x8e\xee\
\xee\xee41\xc2eee\xed*))\xe9\xd8\xdfq\
\x94\xf6\x0f3g\xce\xfct\xf5\xea\xd5G\xab3\xb3\x91\
Ki{\xf5\xc1\x07\x1f\x1cb4\x1a\x97_~\xf9\xe5\
\xfd\x02&\x16\x8be\x82\x10b^_\xe5\x89\xff.\xca\
\x1b\x0c\x06\xefYg\x9d\xf5I,\x16\x8b[lnl\
l\xcc\xd5\xa25\x82\xd2\xceC\xa7\xd3mSB[{\
n\x7f\xe4\x91GrM&\x93f\x159\x062\x9b\xcd\
>\x83\xc1\xf0\xdf\xc5\xd4\xaf,_\xbe\xdc\x1c\x0a\x85\x06\
m\x83\xb2\xbf\x9cNgoZZZ\xdcBs{{\
\xbb\xc1n\xb7+\x95A\xe2\x82\x1bf\xb3Y\xce\xca\xca\
j\x1e\xb8}\xfb\xf6\xed\xa6@ \xa0I\xc0$++\
\xcb\x15\x0e\x87\x1b\x07nWZ\xe3455M\xd1\xa2\
\xca\xc3`\xd2\xd2\xd2\xdc\x16\x8b\xc53X;\x1e\xbd^\
\x9f\xa9E\xab7%\xb8Q^^\xbe\xc9\xe7\xf3\xc5\x05\
7\xb2\xb3\xb3\x1d{;\xa6+**\x94\x16Fq\xcf\
\xa3\x09\x13&\x987m\xda\xa4\xfa\xf3H\xa7\xd3\xc9\xc7\
\x1f\x7f\xfc\xa7J\x81\x8c\x81\xb7\x85\xc3\xe1\xa2`0\x98\
\xbf\xb7\x0a&\xc7\x1e{\xecJ\x9dN7X0\xa5\xc4\
\xe7\xf3i\x12\xb2\x18=z\xf4g&\x93).\xb4\xe3\
\xf7\xfbs\xbc^\xef\x90\x05\x08\x8b\x8b\x8b\xe3\xaa\x97\xbc\
\xf1\xc6\x1b\xcas^\x09NiU\x99\xa7-\x1c\x0e\xc7\
=\x87\xf7EUU\x95\xdef\xb3\xcd\x8d\xc5b\xaa\xff\
_\xc1f\xb3)\xaf\xd9\xb5_\xfd{\xee\xdc\xb9\xf2\xa7\
\x9f~\xba\xeb\xf8\xe3\x8f\x7f\xfa\xe3\x8f?>3\x1a\x8d\
\xa6d\xd0\xd3l6\xf7\x5cy\xe5\x95\xd7.X\xb0\xe0\
\xbf\x01\xe0\x9e\x9e\x9eI\xb1X\xcc\xa9\xf6\xbe\xd2\xd2\xd2\
\x82\x95\x95\x95uj\x8f\x0b\x00\x00\x00\x00\x00\x00\x00\xfb\
\x8b\x80\x094S__?\xca\xe3\xf1\x100\xf9\x96\xbe\
\xfb\xdd\xef\xde\xe3t:\xab/\xb8\xe0\x82\xfd*\xaf\xe0\
\xf1x\xd2\xc3\xe1\xf0\x88oQ\x14\x08\x04jz{{\
\xf7;`2s\xe6\xccj\x93\xc9\xf4\x18\x01\x93o\xe6\
\xb3\xcf>\x1b#I\x92Re\xa2\x9f\x0f>\xf8\xc0\xa0\
SV\x96\x07,\xc8\x1b\x8d\xc6\xe0\xb6m\xdbv\xddu\
\xd7]q+\xf5F\xa3\xd1\xac\xc5\x1cc\xb1X\xc0d\
2u]|\xf1\xc5\xfd\x9eK\xef\xbd\xf7\xde\xb8\xba\xba\
\xba21D\x9cNgsqqq\x5c\xc0\xa4\xb9\xb9\
\xd9l\xb5Z5i\xd9\x11\x8b\xc5:\xa3\xd1h\x5c\xdb\
\xa7\xc3\x0e;L\xff\xcf\x7f\xfes\xf2`\x81\x1e\xa3\xd1\
\xd8\xd6\xde\xde\xde>p{SS\x939\x1c\x0e+\xc1\
!\xd5\x95\x97\x97W\x1d|\xf0\xc1\xdb\x06n\x8f\xc5b\
\xf6\xd6\xd6\xd6\xd1C\xd1\x22G\xe9\x16\x14\x8dF{\xd6\
\xaf_\x1fz\xe9\xa5\x97\xfa\x1d+7\xdf|\xf3d\x8f\
\xc7S\xac\xd1~\xe5\xb1c\xc7\xae\x1f\x18\x80:\xf3\xcc\
33\x9a\x9b\x9b\x95\xca?\x83\x09\xbb\x5c\xae\x9dJ8\
e\xe0\x0d\x99\x99\x99Z\xb5Z\x8a\x16\x17\x17/U\xc2\
-\x03o\xb3Z\xad\xf9\x81@`\xd0\xd7\x19\xbd^\x1f\
\xed\xe8\xe8P\xe6\x1a\x17\x86q:\x9dJ\xe5)M~\
\xb7c\xc7\x8e]f\xb7\xdb\xfbU0\xb9\xe7\x9e{\x8c\
YYY\xf9CU\xb5\xc8f\xb3\x05dY\x8e\xabB\
\xd6\xdb\xdb\xab\x04L\xe6j\xb5_\xa3\xd1\xd8\xb5`\xc1\
\x82~\xc7\xd3\x11G\x1c\xa1\xb7Z\xad'~\xf2\xc9'\
\x93#\x91\x88\x12zQ\x02(Je\x8c&Y\x96;\
\xf76\xd6\xc1\x07\x1f\xac\x04b\x94\xf0\x84\xea!\xaf\xa2\
\xa2\xa2\x86#\x8e8b\xe3\x9e\xdb\xd6\xae]\x1b>\xec\
\xb0\xc3\x1e\xfc\xf4\xd3O\x7f\x18\x8dFU\x0fl\xec/\
\x8b\xc5\x12>\xfb\xec\xb3\xef\xc8\xcb\xcb{g\xcf\xed]\
]]\x95~\xbf_\xf5@\x8c,\xcbA\xbf\xdfO\x05\
\x13\x00\x00\x00\x00\x00\x00\x00)gH\xae\x0c\xc6\x81\xa9\
\xb1\xb1q\xb4\xdf\xef\x1f\xe9-ZT5f\xcc\x98w\
\xd3\xd2\xd2\xee\x9c?\x7f~\xdc\x82\xdc\xb7\xd5\xdd\xdd\xed\
\x08\x04\x02\x9a,8\xa6\x98\xba\x07\x1ex`\xbf\x1f\xaf\
\xab\xae\xba*XQQ\xb1t\xf6\xec\xd9\x1f\xa93\xad\
\x91-\x10\x08X\xfc~\x7f\xdckHcc\xa3\xac\xd7\
\xf7_kS\xf2&\xc5\xc5\xc5\xbb\x0e:\xe8\xa0\xb8\x05\
\xeaE\x8b\x16\x15\xfa\xfd\xfeA+ \xec\x0feq\xbb\
\xac\xac\xac\xe6\x83\x0f>\x88+I\xe1v\xbbK\xddn\
w\x91\x18\x22\x99\x99\x99u\xa5\xa5\xa5qa\x8f\x13O\
<\xd1T[[;^\x8b}*W\xbe\x17\x17\x17\xff\
\xb7B\xc0W\xf2\xf3\xf3\xf5]]]E\x83\x05L\xca\
\xcb\xcbk\x950\xcc\xc0\xed;w\xee\xb4\xb4\xb7\xb7k\
\x12\x84\xc9\xc9\xc9\xd94y\xf2\xe4\xf5\x03\xb7\x97\x94\x94\
8}>\xdf\x90\x04\x02\x94\x00D^^^\xc7\xc1\x07\
\x1f\x1c\xd7V\xe5\xcb/\xbf<\xbc\xa7\xa7\xa7\x5c\x8b\xfd\
*\xbf\x83\xbc\xbc\xbc/\x0a\x0b\x0b\xfb\x9d\xbf\xa2\xd1\xa8\
R\xd1g\xd0\x80\x89\xd5j\xf5\xcf\x9a5k\xc7\xc0V\
>\xd7_\x7f}v{{\xfb\xdeB)\xfbE\x09\x8b\
\xd9\xed\xf6\x0f\xd3\xd2\xd2\xfa=\x97n\xba\xe9&\xa9\xb6\
\xb6\xb6ho\x01\x04\x87\xc3\xd13m\xda\xb4\xa6\xe9\xd3\
\xa7\xc7\x85a\xccfs\x86\x16Ua\x14999\x8d\
\xbf\xfd\xedo\xfb=>k\xd6\xac\xc9hhh\xd0\xa4\
%\xcf`\xccfsg^^^\x5cx\xe3\xd3O?\
\xb5n\xda\xb4\xe9d-\x82Sv\xbb]\x09\x1f\xc5\x9d\
g&O\x9e\xacooo?U\x96\xe5k\x84\x10\x0b\
\x95\xbc\x8d\x10\xe2\x09!\xc4K\x92$\xfdk\xde\xbcy\
\x97\xdf{\xef\xbdq\xc7NNNN\x9a\xdf\xef\xd7$\
\xfc\xe7p8j\xc7\x8e\x1d\xdb/Xv\xe9\xa5\x97\xc6\
t:\xdd\xeaq\xe3\xc6-3\x18\x0cq\xaf\x15\xc9d\
4\x1aC\xd3\xa6M{$##\xe3\xa1K.\xb9$\
\xf4\xd5\xf6G\x1f}\xd4\x1a\x0e\x87\x9d\xd1\xe8~\xbf\x05\
\x89c\xb5Z\x833g\xce\xa4\x82\x09\x00\x00\x00\x00\x00\
\x00\x80\x94C\xc0\x04\x9a\xb1\xdb\xed\x19\x81@\x80c\xec\
\x1b\x9a4i\xd2\xaa\x9bo\xbe\xf9\xda\xe7\x9e{.\xae\
\xd2\xc1\xbe\x08\x06\x83e\x91HdD\x07|\x8cF\xa3\
\xd8\xbd{w\xafZ\xe3\x95\x96\x966\x9dx\xe2\x89\x7f\
3\x18\x0c\x1e\xb5\xc6\x1c\xa9\xccf\xb3\xdfb\xb1\xc4\xad\
\x10\xcf\x9c9S\x1e\xb8\xd8\xa6,\x16\xe6\xe5\xe5m\x8d\
\x0d\xb2\xa2\x5c__?\xdd\xeb\xf5\xaa^MD\xa7\xd3\
Esss7\xd5\xd5\xd5\xc5%\x14\x82\xc1`\x91\xdb\
\xed\xce\x14C$++\xab\xae\xbc\xbc\xbce\xe0\xf6\x09\
\x13&\xa4\xbb\x5c.\xab\x16\xfbLOO\xaf1\x18\x0c\
\xbb\xf6\xdcv\xed\xb5\xd7J\xad\xad\xadJ\xb8$\xae\xf2\
\x8c\xc2d25D\xa3\xd1\xb8\xf3\xcf\xec\xd9\xb3u-\
--\xaa\x87\x80\x14V\xab\xb5\xe6\xf2\xcb/w\xed\xb9\
\xed\xaa\xab\xaeR\x16\xdf3=\x1eO\xfe\x10U0\x89\
\xe8t\xba\xcep8\x1c\xd7\x96\xac\xba\xbazfGG\
\x87&\x95\xb8dY\xf6=\xfd\xf4\xd3\xdd\xff\xf3?\xff\
\xd3\xef\x18\xcd\xcc\xcc\xccQ\x8a|\x0cv\x1f\xbd^\xaf\
<\xef\xb6\x0f\x0cP\xf4\xf6\xf6\x96*\x0b\xddZTw\
Q\xaa\x81\xdc|\xf3\xcd\xad7\xdcpC\xbf}\x1a\x8d\
Fk(\x14\xca\xde\xcb\xfdd\xab\xd5\xdac\xb3\xd9Z\
\xae\xbf\xfe\xfa~\xcf\xfb\xdf\xfe\xf6\xb7E\x92$\x15k\
1\xd7\xdc\xdc\xdc\xdew\xdf}7.\x9c\xe0\xf3\xf9\x0a\
\x02\x81\xc0\x90\xb5\xc5JOO\xefHKK\x8bk\x91\
3e\xca\x94Xmm\xad&\x15q\x0a\x0b\x0bw\x8f\
\x193f\xcb\xc0\xed\xd9\xd9\xd9&\x8f\xc73N\x96\xe5\
<\xa5s\x8f\x10b\x9cR\xa0\xa4\xaf\x95\xd9wz{\
{\x8f\xde\xb6m[\xbfT\xe0\x1f\xfe\xf0\x07\x9d\xd5j\
\xd5\xb2\xca\x93\xeb\x97\xbf\xfce\x5c\x1b\xa3\x05\x0b\x16\x84\
o\xbc\xf1\xc6\x9b\xacV\xabO\xa4\x8e\xe8\xb4i\xd3\xde\
\xb8\xee\xba\xebn\xff\xcb_\xfe\xd2\xefw\xbaz\xf5\xea\
\xe9\xc1`\xd0\xa6\xc5N\xf5z}033S\x95v\
G\x00\x00\x00\x00\x00\x00\x00\xa0&\x16\xff\xa1\x99\x8c\x8c\
\x8c4-\xae\xea\x1c\x89\xf2\xf2\xf26\x9dv\xdai\xbf\
;\xfb\xec\xb3\xe3\xae\xe4\xdfWmmm\x07E\x22\x11\
M\xaehO\x15\xa5\xa5\xa5-iiin\xb5\xc6;\
\xe7\x9cs\xc2\xa3G\x8f^r\xe2\x89'>\xa9\xd6\x98\
#\x91\xb2\x90\xfb\xdd\xef~w\xc7)\xa7\x9c\x12\xb7\x90\
[YYi\x18\x98#\x91$)d\xb1X\xb6\xfe\xea\
W\xbf\x8a\x0b{|\xf1\xc5\x17\x87vvv\x96j\x11\
0\x195j\xd4\xe6\xf1\xe3\xc7\xc7\x85Z\xa2\xd1h\x91\
\xd7\xeb\xd5$\xd81\x18\x8f\xc7\xd3\xda\xd9\xd9\xd9\xaf\x9a\
\xc1\xad\xb7\xdej\xde\xb1c\xc7t\xad\xf6\x19\x0e\x87\x9b\
o\xb8\xe1\x86~\x8b\xb4\xad\xad\xad\xa6\xce\xce\xce){\
\xab\x0aRPPP?a\xc2\x84\xb8\x169S\xa7N\
\xcd\x0a\x06\xe3\xb2\x17\xfb\xcdl6\x8b\xda\xda\xda~\xe1\
\x12\x85\xd5j5\x9a\xcd\xe6\xa2P(d\x11C@\xa9\
vc\xb7\xdb\xdbo\xba\xe9\xa6\xb8c\xc5\xeb\xf5\x96\x04\
\x83A\xd5\xdb_\x18\x8d\xc6\xe8\x8c\x193\xbet\xb9\x5c\
qc\xfb\xfd\xfe\x02\xaf\xd7\x9b\xb5\x97\xbb\xfa{zz\
\xe2Z\x82\xd5\xd7\xd7\x97\x06\x02\x81\x0c-\x9eG%%\
%[KKK\xe3\xe6\xd9\xda\xdaZ\xe1\xf5z\x0b\xf6\
V\x15F\x96\xe5\xb6\xee\xee\xee\xb861\xd5\xd5\xd5\xb3\
<\x1eO\x85\x16\xc5Vl6[\xd5g\x9f}\x16\xf7\
{\xf4x<\xa3\xa2\xd1h\x89\x18\x22\xe1p\xb8\xd3\xe5\
r\xf5\x0b#\xfc\xedo\x7f\xd3\xcd\x993G\xf5s\xdd\
W\xd2\xd2\xd2\xb6\x95\x95\x95\xad\x1d\xb8=//\xcf\x19\
\x0a\x85\x94p\xc9\xa0O\xfc\xdc\xdc\xdc\xc6\xf2\xf2\xf2~\
\xcf\xc3\xde\xde^\x93\xdb\xed>H\x8by\xa6\xa7\xa7+\
\x05x\xe2*\xad|\xe5\x8c3\xceX7n\xdc\xb8u\
\x03[G%KYY\xd9\xaa\x8b/\xbex\xe1)\xa7\
\x9c\x12\xd7\xae\xa6\xaa\xaa\xea\xf8P(\xa4I+\xc2H\
$\x12=\xff\xfc\xf3\xff[-\x05\x00\x00\x00\x00\x00\x00\
\x00R\x85!\xd9\x13\xc0\xc8\xf4\xb7\xbf\xfd\xad$\x16\x8b\
ir\xc5\xfbH\xe3p8v\x1dz\xe8\xa17\xdfz\
\xeb\xadK\xd4\x1c\xb7\xa3\xa3c\x86\xcb\xe5R\xfd\x8a\xf6\
T\x92\x9b\x9b\xbb\xbd\xb0\xb00\xee*\xf1\xfdq\xfe\xf9\
\xe7\xf7\xb6\xb5\xb5\xdd\xbbl\xd9\xb2C\xdcn\xf7\xa1j\
\x8e=R(\xad=\xa6O\x9f\xbe\xcej\xb5\xf6[\xfc\
\xfa\xf3\x9f\xff\xacojj\x8a;\xe6\x8cFc ;\
;{\xfb`c\xed\xdc\xb9\xb3\xb2\xa7\xa7G\xf5+\xc0\
\x95\x05\xee\xf2\xf2\xf2-\xb2,\xf7[l~\xe4\x91G\
$\xa3\xd1\x987\x14\x951\xfa\xe6\xa1\x84\xed:\x1ez\
\xe8\xa1~a\x9c\x95+WfD\x22\x91\xe3\xb4\xd8\xa7\
\xc5bQ\xda\x00\xc5\x85\x10t:\x9d9\x16\x8bM\xdc\
\xdb\xcf\x9e\x97\x97W\xbbp\xe1\xc2~\x0b\xcdw\xdf}\
\xb7)\x12\x89L\xd2h\x9e\xd1\xfa\xfa\xfa\xb8jA\x8d\
\x8d\x8dJ\xfb\xa5\xa9b\x08\xdb_\x8c\x1a5*\xae\x9d\
\xd0\x0d7\xdc`3\x99LiZ\xecS\xaf\xd7\x07F\
\x8f\x1e\xfd\xfe`U}\xdcnw\x89\xdb\xed\x8e\xab\x0c\
b4\x1a#%%%\xbb\xef\xbd\xf7\xde\xb8\xa0@W\
W\x97r\x1f\xd5\xcf\xf7z\xbd>TRR\xf2\xd9`\
\xedlV\xaf^=\xa9\xb3\xb3s\xd0\xf6Az\xbd>\
2j\xd4\xa8\xed\x9d\x9d\x9dq!\x81\x86\x86\x86\x83\xda\
\xdb\xdbU\xaf\x8e!IR\xac\xa8\xa8H\xa9\xe0\x117\
\xd9p8\x5c\xd1\xd6\xd66d\x01\x93\x9c\x9c\x9c\xe6\xcc\
\xcc\xcc~\xcf\xc1\xfa\xfaz\xab\xd7\xeb=\x5c\xc3\xdd\xd6\
\xe8\xf5\xfa\xa6=7,\x5c\xb8P\x17\x08\x04\xb2\xddn\
w~,\x16\x8b{\xde\xebt:\xe5y\xdf\xf8\xbb\xdf\
\xfd\xae\xdf\xf9\xa9\xbd\xbd\xdd\x18\x0a\x854y\xdegd\
d(\xe1\x92\xb8J+{\x9a;w\xee\xb3;v\xec\
\x98:\x94\x95\xa6\x06\x93\x95\x95\xd5\xf4\xe3\x1f\xff\xf8\xcf\
\xe7\x9dw\xde\xc6\xc1nojj\x9a\x17\x0a\x85T?\
G\x18\x0c\x06\xa5\xa2T\xdc9\x1c\x00\x00\x00\x00\x00\x00\
\x00R\x01\x01\x13hb\xcb\x96-\xca\xe2\xbc&e\xe0\
G\x92\x09\x13&\xac\x9e6m\xda\x9d/\xbc\xf0\xc2\xff\
\xa9=\xb6\xb2\xa0\x16\x0c\x06G\xf4s\xdcb\xb1T9\
\x1c\x8e~\x95!\xd4p\xed\xb5\xd7V=\xfd\xf4\xd3W\
tuu\xfd\xa9\xad\xadm\xde`\x8b\xab\x072\xab\xd5\
\x1a\x08\x87\xc3MJu\x83=\xb7o\xd8\xb0!\xa7\xbd\
\xbd=\xae\x0d\x85\xd9l\xf6\x15\x15\x15\xed\x1c\xb8\xfd\xea\
\xab\xaf\xd6edd8{z\xe2\x8a\x1c\xec7en\
\x85\x85\x85\x1b\x06\x06L|>_\x8e\xcb\xe5\xd2\xa4\xe5\
\xc9`\x0c\x06C\xa4\xb0\xb0\xb0}\xb0\x16bk\xd7\xae\
=J\x8b}\x16\x14\x14\xb4\x1b\x0c\x86\xda\xc1\x9e2m\
mmJ{\x8cA\x05\x83\xc1\xb8\xf68UUU\xe9\
\xbd\xbd\xbdJ;\x0d\xd5\xd9\xed\xf6\xee\xec\xec\xec\xb8\xc7\
f\xc5\x8a\x156\xbd^\x7f\x84\x18\x22:\x9d.`6\
\x9b\xe3\xaaG\xe9t\xba\xb1\xcaz\xb8\x16\xfbT\x82\x1b\
\xe3\xc6\x8d\xfb8\x1a\x8d\xc6\x9d\x5c:;;\xcb\xbc^\
o\x5cU\x04\xb3\xd9\xec)..\x1e4\x88\x98\x99\x99\
\x99\xaf\xd1Bwx\xc2\x84\x09_F\xa3\xd1\xb8P\x8b\
\xc5b\x99\xec\xf7\xfb\xf3\xf7\x16\xda\xa9\xa8\xa8\xf8\xbc\xb1\
\xb1q\xb0\xdb\x94\x0a-f\xb5\xe7\xaa\xd3\xe9b\xc5\xc5\
\xc5[\x94p\xd9\xc0\xdb\xf2\xf2\xf2\x94\xb6X\x9a\xb42\
\x19Lqqq\x83\xc3\xe1\xe8\x17\x10\xe8\xea\xea\xb2\xd7\
\xd5\xd5\x1d\xacU\xbb8\xe5\xf9{\xf7\xddw\xf7\xfb=\
\xd5\xd6\xd6\xeaB\xa1P\xae\xc7\xe3\x194\xa8\xa1\xd7\xeb\
}>\x9f/\xeey\xdf\xd0\xd0`\x94$I\x09\xa3\xa9\
.##c\xcb\xa4I\x93\x06\x0dl|\xa5\xa2\xa2\xe2\
\xf5\x8c\x8c\x8cK\x92\x1901\x9b\xcd\xeeSN9\xe5\
\x91;\xef\xbc\xf3\xf5\xc1n\xbf\xe6\x9akt\xb5\xb5\xb5\
c\xc3\xe1\xb0\xea\x15\x8e\x94\xcal\xa5\xa5\xa5\xab\xd4\x1e\
\x17\x00\x00\x00\x00\x00\x00\x00\xd40\xa2\x17\x9f\x91<\x9f\
}\xf6\xd9\x94\xd6\xd6\xd6AK\xe7C\x08\x9b\xcd\xd61\
~\xfc\xf8%?\xf9\xc9O\xee\xbc\xf6\xdak?W{\
\xfc\xff\xfb\xbf\xff\xb3\xb5\xb7\xb7kr\xe5}*\xc9\xc8\
\xc8\xd8\x9e\x97\x97\xa7j\x05\x93\xafl\xde\xbc\xf9\xf3\xe3\
\x8e;\xee\xbc\xbc\xbc\xbc[\xea\xeb\xeb\x8f\xef\xee\xee\x1e\
\xb2\xab\xdfS\x99$IrNNNSVV\x96G\
iq\xb2\xa7\xb4\xb4\xb4\xd1&\x93\xa9h\xe0}\xf4z\
\xbd\xdf\xe1pT\x0f\xdc\x1e\x8dF\x0b$I\xda[+\
\x90\xfd\xa2\xd7\xebc\x97^zi\xbf\xab\xf9\x15k\xd7\
\xae=\xa8\xa7\xa7'.\x04\xa3\x95\xf4\xf4\xf4\x8e\xae\xae\
\xae\xb8\x10\xc5\xf8\xf1\xe3\xed/\xbe\xf8\xe2h-\xf6\x99\
\x9b\x9b\xbbj\xe2\xc4\x89[\x07nOKK\xb3\xef\xd8\
\xb1c\xd0\x80\x89\xd3\xe9\xec\x95$).\xac\xb5m\xdb\
6{kk\xab&\xd5D\xb2\xb3\xb3\x9b\xc6\x8c\x19\x13\
\xb7\xcf\xd2\xd2R\xab\xd2FE\x0c\x11\xa5\x9aHvv\
\xf6\x97\x03\xb7\xd7\xd4\xd4\x8c\xf3z\xbd\x9a\x04Ll6\
[\xf0\xc8#\x8f\x5cs\xf2\xc9'\xc7\x057\xba\xbb\xbb\
\x95pf\xdc\xa2\xb5^\xafw\x17\x16\x16~0\xd8x\
\xbd\xbd\xbd\xc5\xc1`P\xf5\x96B&\x93)\x5c^^\
\xbe+\x12\x89\xc4\xcd\xd3h4V\xf4\xf6\xf6Z\xf6\x16\
\xda)**\xfad\xe0\xfd\xfe\xf8\xc7?\x1a\x82\xc1`\
\xd6\xde\xda4\xed'\xd9n\xb7o\x1b\x18|{\xe2\x89\
'\xf4\xf5\xf5\xf5\xd9\x1a\xedsP\xdd\xdd\xdd\xcd\xb7\xdc\
rK\xbf\xbeRf\xb3\xd9RUU\xa5IU\x90\xac\
\xac\xac`,\x16\x8b\xabx\xe1p8\x8c\xc1`p|\
$2x\xb7\x99\xcc\xcc\xcc\x06\xab\xd5\xda<p{O\
O\x8f\xa1\xb5\xb5u\xafa\xb4\xfdQTTT;g\
\xce\x9c\xb8\xd7\x83=]~\xf9\xe5m\x8b\x17/~\xa7\
\xa3\xa3c\xac\xdf\xef\xb7\x8b!f\xb5Z#\xa5\xa5\xa5\
/\x1fy\xe4\x91\x8f\xee\xed{\xccfs\x9e\xc9d2\
\xf8\xfd~\xd5\xf7o\xb3\xd9Z&N\x9c\xf8\x91\xea\x03\
\x03\x00\x00\x00\x00\x00\x00\x80\x0a\x08\x98@\x13\x0e\x87\xa3\
0\x18\x0c\x0e\xf9\xa2@\xaa3\x9b\xcd\xd1\xf4\xf4\xf4\xba\
\xb1c\xc7\xfe\xfd\xa4\x93N\xba\xef\xdak\xaf\xed\xd7b\
D-/\xbc\xf0\x82\xd2\x1e'\xee\x0a\xf8\x91&\x1a\x8d\
\xd6\xdeq\xc7\x1d\xfd\x16\xf1\xd4\xf4\xe1\x87\x1f*U \
\xce\xfb\xe9O\x7f\xfa\xcb\xe5\xcb\x97\xcfw\xbb\xdd\x95~\
\xbf?K\x8b+\x96\x87\x91\x98\xd5jmR\xae\xee\xbe\
\xf8\xe2\x8b\xfb\xad\xd8\xee\xda\xb5\xab\xac\xb7\xb7\xb7h`\
\x8b\x18\x83\xc1\xe0\xfa\xc3\x1f\xfe\xe0\x1d8\x90\xc9d\x9a\
\xae\xe4\x0c\xb4\x08\xc18\x9d\xceA\xcb\xa2l\xdb\xb6m\
\xaa\xcb\xe5\x1a\xb2\xeaJ\xc5\xc5\xc5\xcd\xe9\xe9\xe9m\x83\
\x9d\x0e\xb4\xdagNN\xce\xd6\xf1\xe3\xc7\xd7\x0f\xdc\x9e\
\x97\x97g\x0b\x04\x02\x83\xb6&9\xe8\xa0\x83\xbe\x08\x85\
Bq\xf7\x998qb\xda\xee\xdd\xbbUog\xa20\
\x9b\xcd\xcdiiiq\x01\x93\x993g\xda\x17/^\
\xacI\xb0c0&\x93\xc9\x7f\xef\xbd\xf7\x0e\xd6\x8eB\
\xab\xd71\xd9f\xb3u\x9e|\xf2\xc9q\xab\xfe\xb7\xde\
z\xab5\x12\x898\x07\x0bCX,\x96\xc0QG\x1d\
\xb5i\xe0\xf6\x07\x1f|\xd0\x14\x0a\x85\xf2eY\xd6\xa9\
=Q\x83\xc1\xe0okks\x0f\x0c(\xbc\xf2\xca+\
F\x9f\xcf\xb7\xd7cXi\xe7\xf3\x97\xbf\xfce\xf7\xc0\
\xed\xb1X,W\x96\xe5\x1c\xb5\xe7\xd9\xb7\xcf\xe8\xe1\x87\
\x1f\xbeSi\xcf\xb3\xe7\xf6\x15+V\x14tvv\x96\
\x8a!b6\x9b#z\xbd>.T&I\x92\xd9\xe7\
\xf3i\x12\xa8\xcb\xc8\xc8\xd85f\xcc\x98\xb8\xd0\xc6{\
\xef\xbdg\x91$i\xee\xde\xee7v\xec\xd8*\xbb\xdd\
\xbek\xe0\xf6#\x8e8\xc2\xfa\xdcs\xcfiU\xe9\xa9\
\xe7\x97\xbf\xfc\xe5\xd7\xa62\xe6\xcd\x9b\xf7\xe4\xe6\xcd\x9b\
\xbf\xb3{\xf7\xeeib\x08)\xaf\x1f\xa5\xa5\xa5\x1f\x15\
\x14\x14\xdcu\xdey\xe75&\xf8\xbe)\xcaa\xa7\xc5\
\x1c\xacVk\xe7\xa4I\x93\xd6j16\x00\x00\x00\x00\
\x00\x00\x00\xec/\x02&P\xddM7\xdd\xa4\xeb\xed\xed\
\xcd\x0e\x87\xc3\xc9\x9eJJP\x16\xd8u:\x9d\xd7\xe9\
t\xba+**\xbe<\xf8\xe0\x83\xff\xf8\xd0C\x0f\xa9\
^\xb5dOf\xb3y\xaeN\xa7s\x88\x11\xcc`0\
\x88P(4\xd8\xa2\xb0\xea\xfe\xf9\xcf\x7f\xfe\xe3\xfc\xf3\
\xcf\x7f\xa7\xa5\xa5\xe5\xf4-[\xb6|\xa7\xa7\xa7G\xb9\
\x0a==\x14\x0a\x99t:\x9d^i\xa1\xa3\xfc\x9eS\
A8\x1c\xd6\x85\xc3a\xabr\xe8i1\xbe\xd2\x86\x22\
77\xb7\xa6\xa7\xa7\xc73\xf0\xb6\xb6\xb6\xb6R\x97\xcb\
\xd5\xafr\x91\xd9l\x0e\xa5\xa7\xa7o\x1fl\xac]\xbb\
vM\xee\xec\xecT=`b6\x9b\xc3eee\x9f\
\x0dv[gg\xe7\x14\xbf\xdf\xaf\xfa>\xf7\xc6f\xb3\
U\x07\x83\xc1~!\x8a\x17_|Q\xd2\xeb\xf5q\x95\
^\xd4\xa0\x1c\x87\xa3F\x8d\xdau\xfd\xf5\xd7\xfb\x06\xde\
\xf6\xf9\xe7\x9f\xa7wuu\x0d\x1a\xdc0\x9b\xcd_d\
ee5\x0c\xdc\xee\xf7\xfbs\x9b\x9a\x9a4y\xbc\x9c\
NgSaaa\xbf\xe7\xf0\xa2E\x8bt~\xbf_\
\x93@\xcb`t:\x9d\xecp8Z\x07\xbb\xad\xb1\xb1\
1\xcf\xe7\xf3Y\xb4h;\x93\x93\x93\xb3a\xb0\xdbv\
\xee\xdc9\xdb\xe7\xf3\xc5UK\xea\x0bj\xf9~\xf9\xcb\
_\xc6\x85R\xaa\xaa\xaa\xb2\x95\xb9\xaa=\xcf\xbe\xfd\xba\
C\xa1Po4\xda\xbf\xeb\xcc\xeb\xaf\xbf>\xa6\xa9\xa9\
\xa9do\x0b\xf4V\xab\xd55\xd8mk\xd7\xae-l\
ii\xd1$`b\xb5Z=\xd5\xd5\xd5\xee\x81\xe7\xe2\
\xa6\xa6\xa6i>\x9fo\xc8\x8e\xa9\x92\x92\x92\xdap8\
\xdc2p{zzzz8\x1c\xd6\xa4\xb2Xff\
\xe6\xce1c\xc6\xc4\xb5\xc5\xca\xcf\xcf7\xb5\xb7\xb7\xcf\
\xdc\xdb\xeb\x81\xd1h\xdc\x9a\x99\x99Y\xb3\xe7\xb6\xab\xaf\
\xbeZ\x0a\x85B\xa5Z\xb41R\x18\x0c\x06\xf77\xf9\
\xbe\xab\xae\xbaj\xfb\xab\xaf\xbe\xba\xa4\xb1\xb1qB(\
\x14\xd2,\x907\xd0\xe8\xd1\xa37\x8e\x1e=\xfa\xdaw\
\xdeyg\xf3\xde\xbe\xe7\x98c\x8e\x91\x02\x81\xc0\x14\x9f\
\xcfgR{\xff\xca\xf1\x9b\x99\x99\xd9s\xf9\xe5\x97w\
\xab=6\x00\x00\x00\x00\x00\x00\x00\xa8\x81\x80\x09T\x97\
\x99\x99\x99g4\x1a5Y@RH\x92\x14\xdb\x97\xc5\
|Y\x96%\xe5K\x93I\xed\xb1\x1bI\x92\x94\x95\xb8\
\x98\xc1`\x88*\xa5\xfa\xb3\xb3\xb3k\xa2\xd1\xe8{\xd7\
\x5cs\xcdsW_}\xf5\x1a1\x04>\xfa\xe8\xa3\xa3\
\xddn\xb7S\x8c`EEE\x91\xea\xea\xea\xc0P\xed\
\xef\xf1\xc7\x1fW\xaaP<\xa8|\xfd\xeew\xbf\xcb\x17\
BL_\xb3f\xcd\xc4\xec\xec\xec,\x8f\xc7#)\x0b\
\xd5\x22\xc9t:\x9d\xd8\xbe}{V}}\xfd\xf7\x02\
\x81@i,\x16\xd3i\xf1\xfc3\x18\x0c\xdb\xde~\xfb\
m\xf9\xfa\xeb\xaf\x1f\xb8\xff\x82\xee\xee\xee~\x0bn6\
\x9b\xad\xfb\xf0\xc3\x0f\xffp\xb0\xb1zzz\x0a\x82\xc1\
\xa0M\x839\x06\xd2\xd2\xd26\x0ev\x9b\xd2\x9e\xc3\xeb\
\x8d+\xa6\xa2\x99\x8c\x8c\x8c\xcd%%%\xfd\x16\x9b\x17\
/^linn\xd6\xa4M\x8f\xd5j\x8d\x05\x83\xc1\
\xb8\xc5\xfd{\xee\xb9\xc78q\xe2\xc4\xd1o\xbd\xf5\xd6\
\xa0\xf7;\xf4\xd0C7\xfe\xe9O\x7f\xea\x1d\xb8\xdd\xe9\
t*\xadE49\x97\xb8\x5c\xae\xce\xfa\xfa\xfa~\x8b\
\xcd\x8d\x8d\x8d\xe9\x1d\x1d\x1d\x87\x8a!\x92\x91\x91\xe1\x9e\
1c\xc6\xa7{\xb9Y\xa9\xb6\xa1E\xdb\x99@^^\
^\xd5`\xb7\xf5\xf6\xf6N\x0f\x87\xc3q\xc7\x86\xddn\
\x8f\x14\x17\x17\x0f\xba\xe0\xad\xd7\xeb\xc7\xe9\xf5z\xd5\x03\
\x85JP$33\xd33~\xfcx\xd7\x85\x17^8\
\xf0\xfcv\x88,\xcb\x83V\x02\xb2Z\xad\xfeq\xe3\xc6\
\x0d\xda\xde#--m\xac\xd1h\xcc\xd4`\xae\xb1\xb4\
\xb4\xb4]\x16\x8b\xc5\xb3p\xe1\xc2~s\xdd\xbd{\xf7\
l\x97\xcb5V\x0c\x91\xcc\xcc\xcc\x95\xa3G\x8f\xde9\
p\xbb\xdf\xef\xcf\x08\x06\x83\x9aT\x16\x0b\x04\x02\x8d\xdd\
\xdd\xddqA\xa9\x1f\xfe\xf0\x87\x96\xab\xaf\xbez\xc2\xde\
\xee7q\xe2\xc4\x9a\xdbo\xbf\xbd_\x15\xb0\xf4\xf4t\
s$\x12)\xd3\xe2\xd87\x18\x0crOO\xcf\xa0\xe1\
\xa3\xc1\x5cp\xc1\x05\x7f\xf2\xfb\xfdS\xbf\xfc\xf2\xcbc\
\xc4\x100\x9b\xcd]\xe7\x9f\x7f\xfeu7\xdcpC\xc2\
\xea!g\x9du\x96\xf4\xdak\xaf\x8d\xd6\xe9tF-\
\x1e\xa3\xf4\xf4\xf4\xbdVN\x01\x00\x00\x00\x00\x00\x00\x80\
d#`\x02\xd5\xc9\xb2\x9c\xa7U\x19x\xb3\xd9\xec\xcd\
\xcb\xcb\xabU\xaa(|\xdb\xfb\x86B!Kkkk\
Y,\x16\xd3\xa4\xa4\xb9B\xb9j;33Si5\
\xd18k\xd6\xac\x8d999\x9b***>[\xb0\
`\xc17\xbabW-\xb1X\xact\xa4\xb7qq8\
\x1c\xeb\xd2\xd2\xd2\xe2\x16\xc4\x87\xc2_\xfe\xf2\x17e!\
\xef\xbd\xbe\xaf\x94s\xcc1\xc7\xac\xde\xb1c\xc7\xad\xcd\
\xcd\xcd\x83V\x18\xd8\x1f\x06\x83!r\xd2I'})\
\xcbrt\x90\x96Eq\x8b\xa7\xb1X\xcc\xed\xf3\xf9V\
\x0f6V(\x14RZ\x90\xa8\xbe\x88i\xb1X\x82\xc7\
\x1e{\xec\xfa\xc1nS\xdaT\xa8\xbd\xbf\xaf\x99\xcb\xae\
\xbb\xee\xba\xab_5\x91\xa2\xa2\x22s8\x1cVBJ\
\xaa3\x99L\xcd\xe5\xe5\xe5q\x95}\x96/_\x9e\xd1\
\xdb\xdb;go\xf7\x0b\x87\xc3q\x15O\x9ex\xe2\x09\
\xa3\xc9d\xca\xd1\xaa\x1a\xd5\x8c\x193\x9a\x1f~\xf8\xe1\
~\xfb\xdd\xb0aC\x86\xc7\xe3\xd9\xeb<\xd5&IR\
\xb7\xc9d\x1a4`\xd2\xd4\xd4\x94\xabT)R{\x9f\
\x06\x83!XPP0hU\x9f%K\x96\x1c\xe2\xf3\
\xf9\xe2\x02\x9a\x92$\xb9\xacV\xeb\xba\xc1\xee\xb3x\xf1\
\xe2\xe9]]]Z\xbc\xe6\xca\x91H\xc43X \xa0\
\xba\xbazr}}\xfd\xde\xaa\xa6\xf8\xa2\xd1\xe8\x97\x83\
\xdd\xb0}\xfb\xf6qn\xb7[\xf5\x00\xaa\xd2\x16'+\
+\xab\xc9\xe5r\xc5\xa5\xc7b\xb1XIOO\x8ff\
\xaf\xfb\x039\x9d\xce\xed\x05\x05\x05M{n{\xe6\x99\
gtyyyi\xc1`P\xa9.\xa5\xba1c\xc6\
\xb4\x1d|\xf0\xc1q?{(\x14J\x18\xe6\xd1\xe9t\
qm\xfa\xfc~\xbfIi\xa55\xb0j\x8d\x1a,\x16\
\x8bk\xe6\xcc\x99\x83V\xe6x\xe4\x91G\xa4\xf9\xf3\xe7\
\xf7\x0b\x07\x9ds\xce9\xado\xbf\xfd\xf6\x92\x8d\x1b7\
\xce\x0e\x85B\xaa\x87\x11\x07\x06\xaa\xce?\xff\xfc\xbfN\
\x9c8q\xc97y?YSSS\x19\x89DT\xff\
\x7f\x94\xf2\x5c\xf7x<q\xed\x8e\x00\x00\x00\x00\x00\x00\
\x00 U\x100\x81\xea\xd6\xacY3\xde\xedv\x0f\xda\
\x86a\x7f\xe8\xf5\xfapEE\xc5\x92\x1f\xff\xf8\xc7g\
\x87\xc3\xe1\x98,\x7f\xf3\x82\x11J \xc5h4\xda\x9f\
x\xe2\x89\x7f566N\x89\xc5b\x9a\x84/JJ\
J\xeaO9\xe5\x94\xab\xee\xbb\xef\xbe\x1d\x91HD\x99\
cl\xc1\x82\x05\xea\xaf\xd2$p\xe3\x8d7\x16F\x22\
\x91!]DO\x86\x8a\x8a\x8a\x8d\xf9\xf9\xf9=\xc9\x9e\
G*\xba\xfa\xea\xab?\xbc\xf5\xd6[\x7f\xadE\xc0D\
\x96\xe5\x88\xdb\xed^\xaf\x1c\xdb{n\xbf\xe3\x8e;\xd2\
-\x16K\xdc\x22wvv\xb6k\xfe\xfc\xf9[\x07n\
\xbf\xe4\x92K\xacMMMJ\x9b\x18I\x8b \x9a\xcb\
\xe5\x8a\xbb\x02\xfcw\xbf\xfb]\x9e\xc9d\x1a\xd2\xd6Q\
\x92$\xc5\x85\xa0L&\x93\xf5\xf3\xcf?\xef\xd7JH\
-\xa3G\x8f\xdem0\x18\xda\x07n\xef\xee\xee\xce\x08\
\x04\x02G\xec\xe5>\xad\x1f\x7f\xfcq\x5c(\xe5\xf3\xcf\
?\xcfhjjR\xdaA\xa9\xce`0\xc4:::\
\xe2*.\xa4\xa5\xa5\xa5m\xd9\xb2E\x93}\x0e&-\
-\xad{\xee\xdc\xb9\xcb\xf7r\xb3&! \xa5\xcaF\
vv\xf6\xee\xc1n3\x1a\x8d\xceP(n\xcd_\xa9\
`\xd2;m\xda\xb4A\x03&\xd1ht\x96,\xcb\xb9\
j\xcfS\xa9\xc2\x95\x95\x95\xe5\xfd\xfd\xef\x7f\x1f\xf7b\
\x1b\x0e\x87\xf3\xf6V\xe1\x22==\xdds\xc6\x19g\x0c\
\xda\xa2*;;{\xc2\xea\xd5\xabU\x7f\x0e\xeat\xba\
\x88\xd3\xe9\xdc\xa5Lm\xe0m\xb2,\x0f\xe9\xeb\xa1$\
I\xbb\xee\xb9\xe7\x9e~\xad\x8c\x96,Y\xa2ooo\
O\xfb6\xef[\xbe\x0d\x9f\xcf\xd7v\xc5\x15W\xf4{\
\xafq\xdey\xe7Y\xddn\xf7!{\xbb\xcf\xb8q\xe3\
jv\xec\xd8\xd1\xaf=\x8eb\xf3\xe6\xcd\x16\x9f\xcf7\
^\x8by\xea\xf5zOSSS\xdc9\xf1\xbd\xf7\xde\
\xb3\x1a\x8dF\xe5y\x1f\x17L\xaa\xac\xac|\xa5\xb0\xb0\
\xf0\xf8\xda\xda\xda\xb9BC\xe3\xc7\x8f\x7f?##\xe3\
\x9f\xa7\x9dv\xda\xd7\x96\xb8\xf2x<\xa6P(T.\
\xcb\xb2\xea\xc1\xa5\xfc\xfc\xfc\xae\xe9\xd3\xa7\x130\x01\x00\
\x00\x00\x00\x00\x00\x90\xb2\x08\x98@u\xb5\xb5\xb5\x93\x82\
\xc1\xa0\xea\x01\x13\xa3\xd1\x18.))\xa9]\xb8pa\
\xd7\xbe\xdc\x7f\xd1\xa2E\x9e\x93N:\xe9\xce\xa7\x9ez\
\xea\x7fC\xa1\x90&W\x11wvv\x16\xf7\xf6\xf6~\
7\x10\x08\x0c\xda\x9ec(\x14\x17\x17+\xed\x15Ft\
{\x1cE{{{u8\x1c\xf6${\x1e\xa9h\xd7\
\xae]\x0e\x9f\xcf\xa7z\xe5\x05E$\x12\xd1\x1b\x0c\x86\
\xd6\x81m(>\xfc\xf0\xc3\x8a\xe6\xe6\xe6\xb8\x05y\x9b\
\xcd&\x8e=\xf6\xd8\xb8\x8aCc\xc7\x8e\xcdx\xf7\xdd\
w5i\x17\xa1\xd7\xeb\xbb$Ij\x1e\xb8\xbd\xae\xae\
n\x9c\xdf\xefW\xbd=\xc7\xdeL\x9c8\xb1\xa5\xa7\xa7\
'.\xb8a2\x99l\xe9\xe9\xe9\x9a\xb4\xc8\xe9\xe9\xe9\
i\xf2\xfb\xfdq\xc1\xab\xb2\xb2\xb2\xf4g\x9eyf\xf2\
`\xf7\xd1\xeb\xf5\xdbc\xb1X\x5cU\x81\xda\xda\xda\xec\
\xae\xae\xae\xe9Z\xcc3--\xcde6\x9b\xe3\xf6\xa9\
\x9c\x9b].\x97\xea\xaf\x1f{\x13\x0e\x87C\x17_|\
\xf1\xa0\xe7\x11I\x924y\x0e)\x01\xa8\xf2\xf2r%\
\x0c\xd1\xcf\xa9\xa7\x9e\xaa\x04/\x06\xfd\xd9#\x91\x88\xaf\
\xba\xba\xbav\xb0\xdb:;;G{\xbd^\xd5\x83Z\
\x06\x83!d\xb7\xdb\xe3Z\xbd\xfc\xdf\xff\xfd\x9f\xc9`\
0d\xef\xed~\xa1P(\xbaz\xf5\xea\xb8\xf0\x90\xa2\
\xab\xab+S\x8bVu\x06\x83!\x5cYY\xb9\xc9\xe7\
\xf3\xf5;/=\xfc\xf0\xc3\x06\x87\xc31d\xa1\xb2\x82\
\x82\x02\xa5\xf2M\xdc\xf14~\xfcx\x93\xd5j\xdd[\
\xc5\x97\xfd\x92\x91\x91\xe1s8\x1cJ\x0b\xb7~\xda\xdb\
\xdb\xd3\xc3\xe1\xf0Q{\xbb\x9f$I[\xc3\xe1p\xc3\
\xc0\xed\xbbv\xed\xb2\xe9\xf5\xfa\x83\xb4\x98kNN\x8e\
+###\xae\x22\xceC\x0f=4i\xeb\xd6\xad\xf7\
\x9fw\xdey\x87\x0f\xbcM\xa7\xd3m1\x99L_\x08\
!4\x0b\x98\xd8\xed\xf6\xad\xd7\x5cs\xcdM\x93&M\
\x8a{^\x0e\xb4h\xd1\x22)\x16\x8b\x99\x1b\x1b\x1b\x0b\
c\xb1o]L\xefkE\x22\x91\xde\xd6\xd6\xd6A\x9f\
\xeb\x00\x00\x00\x00\x00\x00\x00\x90\x0at\xc9\x9e\x00F\x1e\
Y\x96g\xf4\xf6\xf6\xaa\xbe\xa0c2\x99\x94\xb6\x02[\
\xf6\xf5\xfe\xd7]w]\xccf\xb3\xbdj\xb3\xd9\xe2\x16\
|\xd5\xd2\xd3\xd3\xe3\x5c\xb6l\xd9\xe9\x22\xb9\xb6\xce\x98\
1\xe3iI\x92\xfa]A=\xd2L\x9b6\xadq\xce\
\x9c9\xfed\xcf#\x15\xbd\xfe\xfa\xeb\x95\xad\xad\xad\xaa\
\x07)L&St\xca\x94)\xeb\x17.\x5c\x18\xb7\xaa\
\x96\x95\x95U\x14\x89D\xfaU01\x99L\xc2\xedv\
\xd7\x0f6\xd6\xf6\xed\xdb\xa7\xfb|\xbeL-\xda\x1c8\
\x1c\x8e\xee\x8c\x8c\x8c\xb8 \x9a$I\xa3%I\xd2$\
\xd42\x98\xcc\xcc\xcc\x95N\xa7\xb3e\xe0vY\x963\
\x1b\x1a\x1a*\xb4\xd8\xe7A\x07\x1d\xd4f\xb5Z\xe3\x16\
\xb8\xcdf\xb3=\x14\x0a\x0d\x1a*\x9d:u\xea\xfac\
\x8e9\xa6s\xe0\xf6-[\xb6\xe4577\xcf\xd6b\
\x9ec\xc6\x8c\xd9!IR\x5c\x08a\xd4\xa8Q\xceh\
4:$\x15'\x94\x0a\x1d\x15\x15\x15q\x01\x0a\xc5\x0d\
7\xdc0\xb1\xb7\xb7W\x93c\xc5l6{233\
\xe3\xaa\xcc\x14\x14\x14L2\x9b\xcd\x83>'\xf2\xf3\xf3\
\xdb\x8f?\xfe\xf8\xb8\xc7\xeb\xc6\x1bo4\xc7b1\x9b\
\x16\x951,\x16\x8bw\xea\xd4\xa9q\x95H>\xf8\xe0\
\x83\xc2\x96\x96\x96\xbd\xb6\xb9\xc9\xce\xce\xee>\xe6\x98c\
\xe2\xce\xcd\xbf\xfd\xedo\xf3\x9b\x9b\x9bUo\x8f\xf3U\
\x85\xb3\x92\x92\x92\x0d99\xfd\x87_\xbatin[\
[\xdb\x90\x05Ll6[\x95\xc9d\x8a\x0b{\xbc\xfb\
\xee\xbb\x19\x9f\x7f\xfe\xf9L-\xf6\xe9p8:\x1a\x1a\
\x1a\xe2B\x1bEEE\xf65k\xd6\xcc\xda\xdb\xfdf\
\xcc\x98\xb1\xee\xd4SO\x8d\xab`r\xdai\xa7\xd9v\
\xed\xda5h\x18m\x7fegg7\x9a\xcd\xe6~\xe1\
\xbf\x8b/\xbeX\x09\xdf\x8c\xdd\xb1c\xc7!?\xf9\xc9\
O\x8e~\xe0\x81\x07\xfa\xfd\xdfd\xe1\xc2\x85\xd1\xc3\x0f\
?|\xf1\xf8\xf1\xe3wh1'%\x13u\xc5\x15W\
\x5c4a\xc2\x845\x87\x1dv\xd8\xd7&F\xdcn\xb7\
\xce\xedvO\x88D\x22\x9a\xb4]*..\xee8\xee\
\xb8\xe3\x06}\xdd\x04\x00\x00\x00\x00\x00\x00\x80T@\x05\
\x13\xa8\xce\xe5r\xe5\xc4b1-\xc2K^I\x92V\
\xef\xcf\x00\x7f\xfb\xdb\xdf|\xcd\xcd\xcd\xb7\xbf\xf1\xc6\x1b\
\x7f\x0e\x06\x83iBe\xca\xcf]__?~\xfe\xfc\
\xf9W<\xf2\xc8#\xf7\x88$\xb8\xe8\xa2\x8b\xfco\xbf\
\xfd\xf6\x1d\xc7\x1f\x7f\xbc\xad\xa9\xa9\xe9D\x8f\xc7c\xd1\
\xeb\xf5#)l\x22)\x8b\x89v\xbb}\x97\x96?W\
_\xf5\x02\xa5M\xc0\x14!\xc4\xac9s\xe6\xd8\x1b\x1b\
\x1bw\x97\x95\x95m\x9a:u\xea\xd6\xfb\xee\xbb/e\
K\xd8\x87\xc3\xe11J\x88A\xedqu:\x9d?-\
-\xed\xe3\xc1n\xf3z\xbdJ\x15\x85~\xab\xbbf\xb3\
9\x90\x91\x91Q7\xd8\xf7\xb7\xb5\xb5\xcd\x0a\x87\xc3\xaa\
W\xaa\xd0\xe9tae\x81\xf7\xea\xab\xaf\x8e[(l\
mm\x1d\xdb\xd9\xd99d\xd51&N\x9c\xf8\xd9\xf8\
\xf1\xe3\x9b\x06\x99G\x86\xc7\xe3\x19\xa3\xc5>\x83\xc1`\
Wcc\xa3o\xcfmW_}\xb5\xa1\xa3\xa3c\xaf\
\x81\x96\xde\xde\xde\x96\xf6\xf6\xf6\xb8\xb6\x10\x93'O6\
/^\xbcx\xd06(\xfb\xcbd2\xad\x8bD\x22\xfd\
\xaa'\xfc\xeew\xbf\xd3\x05\x83\xc1l\x8d^?\xe2\xe8\
\xf5z\xaf,\xcb\x83V,\xa8\xaf\xaf?,\x1c\x0e\xab\
^\x09J\xa7\xd3\xc9\xdd\xdd\xdd\xddg\x9eyf\xdc\xf1\
\xd9\xd1\xd11\xcd\xe7\xf3\xc5U\x06\x91\xa4\x7f\x17\xfc\xe8\
\xec\xe9\xe9q\x0f\xbc\xcd`0\x1c\xa4\xd3\xe94\x09P\
H\x92\xe4u8\x1cq\x01\x13\x9b\xcd\x96\x1f\x8dF\x9d\
{\xfb\xf9\xccfsW[[[\x5c\x9f\x1f\xa5\x1a\xce\
\xc0\x10\x9a\x8a\xa2\x99\x99\x99[/\xbb\xec\xb2~I\x1b\
\xbd^\x9f\xaf\xd3\xe9T\x7f\xad\xdf\x9b\xd2\xd2\xd2\x8d\xa5\
\xa5\xa5qA\xa0\x96\x96\x96\x0c\x9dN\xb7\xd7\xb0\xc7\xfe\
\xc8\xca\xca\xaa\xcb\xce\xce\x8e\x0b,\x19\x0c\x06Goo\
\xef\xa8\xbd\xdd\xaf\xb3\xb3\xb3\xe3\xf2\xcb/\x8f\x0b\x02\xe5\
\xe7\xe7\x9b\xbc^\xaf&\xd5{$I\xda\x1d\x89D\xfa\
\xbd&\xb4\xb4\xb4\xd8\xfc~\xff$Y\x96\xf5\xd5\xd5\xd5\
\x97\x1e}\xf4\xd1J\x9b\x9c~!\xb93\xce8cI\
OO\xcfg\xdb\xb7o\x1f\xa7\xf6\x9c.\xbe\xf8\xe2\xb3\
+++\x97\xce\x993\xe7\x1b\xa5\xb4\xd6\xad[g\x90\
e\xf9p\xadZ-\xca\xb2\xdc\x11\x89D\xe2BJ\x00\
\x00\x00\x00\x00\x00\x00\x90*\x08\x98@U\xf7\xdf\x7f\x7f\
^OO\x8f&W}[,\x96\xc0\xb4i\xd36\xec\
\xef8\xa7\x9f~\xfa\xf3\x1b7n\xfc\xd5\xf6\xed\xdbg\
jq\xd5\xb7\xdf\xefw\xbc\xff\xfe\xfb\xe7=\xf1\xc4\x13\
\x8f\x9cw\xdey\xfd\x16z\x87\xca[o\xbd\xd5z\xce\
9\xe7\xdc\xe6\xf7\xfb\xff\xa1<\xcf\x8dF\xa3\xfau\xdc\
\x93H\xaf\xd7\xc7\xa2\xd1\xe8\x96\xeb\xaf\xbf^\xb5_\xa0\
$I\xfa\xbe@\xc9T\xa5\x10\x84\x10\xe2`!D\xae\
R\xd5_Ys[\xbdz\xb5Q\x96e\x97\xc7\xe3\xe9\
\xa8\xaf\xaf\xefz\xeb\xad\xb7\x1asss\xeb\xb2\xb2\xb2\
\xdcMMM\xb2^\xaf\xc9Z\xd3\xa0\xa2\xd1\xa8\xc1n\
\xb7{\x95\x00\xc3\xe3\x8f?\xfe\xc9\xc0\xdb\xc3\xe1\xf0\x04\
\xb7\xdb\xed\xd4\xa2\xb5\xc7\xdc\xb9s?\xdc\xcb\x9cF\x07\
\x83\xc1~\xa1\x16I\x92<&\x93i\xf7`\xdf\xbf{\
\xf7\xee#].\x97\xea\x0b\xe3\x0e\x87\xc33m\xda\xb4\
\xb5\x83\xdd\x16\x0c\x06\x8b\x02\x81\xc0\x90-6\xb7\xb4\xb4\
l\x7f\xf4\xd1G\xe3\x16p\xa3\xd1h\x9aV-\x8c*\
**\xdaf\xcd\x9a\xd5\xef\xbc\xd3\xdc\xdc\xac\xb4\xba9\
,\xc1}\xba\xc7\x8c\x19\xd3/\x10p\xe7\x9dwJ9\
99e\x91\x886\x19\xae\x8a\x8a\x8a/\x0f>\xf8\xe0\
~\xd5\xa4\xccf\xb3\xc9h4jR\xe1b0\xd9\xd9\
\xd9\xbd\xe3\xc7\x8f\xdf6\xd8m\xeb\xd6\xad;n\xb0\xb0\
\xc7\xfeJKK\xf3M\x9c8\xb1j\xb0\xdb\xda\xda\xda\
\xc6\xfa|\xbe\xb8\xe7\x84\xd1h\x8c(\x95\xb7n\xb9\xe5\
\x96\xb8\xf3\xf8\xca\x95+\xe7y\xbd^MB\x1b\xd1h\
4j\xb1X\xe2\x02R[\xb7n-\xf5x<\x83>\
\x8f$I\x0a\xcb\xb2\xdc\xf6\xfb\xdf\xff>n\xae\x9b6\
m\x9a\xe7\xf3\xf94i\x0d\x15\x0c\x06\xdd\x97]vY\
`\xe0v\x9b\xcd\x96\x17\x8b\xc5\x86\xec9\xef\xf1xv\
vww\xc7U\x03:\xfc\xf0\xc3\xd3_z\xe9%M\
\xaa\x16\xc9\xb2\xdc IR\xbf}>\xfe\xf8\xe3Rn\
nnA4\x1a\xb5\xed\xed~\xa5\xa5\xa5q\x95\x8e\xfe\
\xfc\xe7?\x9b\xeb\xea\xea\x94\xd7@M\xe4\xe7\xe7WO\
\x9d:\xb5_P\xca\xe1pX:::*\x95\xbfo\
\xd9\xb2\xe5d!\xc4\xb8\xfb\xee\xbbo\xdd\xa5\x97^\xfa\
\xdfc\xe8\xfb\xdf\xff\xbeg\xe9\xd2\xa5\x9f\xa4\xa5\xa5\xfd\
\xd0\xe3\xf1\xa8v\xbc\x1f{\xec\xb1\xff<\xfb\xec\xb3_\
;\xec\xb0\xc3\xe2\xdeK,^\xbc\xb8p\xfb\xf6\xed\xd6\
K.\xb9\xa4_\x08\xad\xaa\xaa\xca\x90\x96\x96v\x82V\
\x01\x13\xbd^\xef\xba\xf2\xca+GR(\x18\x00\x00\x00\
\x00\x00\x00\xc0\x08C\xc0\x04\xaajhh\x98\x1d\x89D\
T\xaf\x9c\xa0\x90e9t\xd5UW\xedw`\xe3\xa7\
?\xfdi\xf7\x0b/\xbc\xf0IMM\xcd8-\x16\x9b\
c\xb1\x98\xd4\xd6\xd6V^__\xff\xdd\x8d\x1b7\xbe\
2e\xca\x14\xf5S,\xdf\xc0SO=\xd5(\x84P\
\xbe\xb0\x17\x92$\x95\xf5\x85If\xf6\xfdY$\x84(\
\xe9\xfb\xb3_\x00 \x14\xfa\xf7\xfa{fgg\xa7\xf2\
\xf5\xefm\xf5\xf5\xf5J\xf0)d\xb1X\xe4XlH\
3<\xba\xf4\xf4\xf4\x96q\xe3\xc6\xc5\xb57Px\xbd\
\xde\xfc\xbd\xb5C\xd9\x1f\x92$\x85\x8a\x8a\x8a\x06\xad\x22\
\xd4\xdc\xdc\x5c\x12\x89D\x0c\x03\x03)%%%\x83V\
0\xe9\xe9\xe9)\x08\x87\xc3\xaa/\xd0Y,\x16WE\
E\xc5\xf2\xc1n\xeb\xec\xecT\x16&\x87\xa4:\x86\xcd\
fS\xda\xbdt\x0f\xdc~\xdf}\xf7\x19{{{K\
\xb5\x0anX\xad\xd6\xd6_\xfd\xeaW\xfd\x0e\xc6\xae\xae\
\xae\x9c\xde\xde\xde\x19\x83}\xbfR\x1d#\x16\x8buE\
\x22\x91\xf0\x9e\xdb\xc3\xe1pv4\x1a\x9d\xa6\xc9$\x85\
\x10yyy\xedW^yet\xcfm\xd5\xd5\xd5\xd6\
\xd6\xd6\xd6r1D\xecv{\xcb\xe4\xc9\x93\x07\x0dL\
\xd5\xd6\xd6N\xf6\xfb\xfdF-\xaa\x82\xd8\xed\xf6AC\
-^\xaf\xb70\x14\x0aY\x07n\xb7Z\xad\xde\xf4\xf4\
\xf4A\xcf\xe5\xb5\xb5\xb53\xbd^\xaf\x16-\xe9\x94\xca\
\x18M7\xddtS\xdc\xebWOO\x8f\xf2\x5c\x1f4\
\xb8\xa0T\x95r8\x1cq\xed\xa9\x14\x8d\x8d\x8d\xd3=\
\x1e\x8f]\xed\xb9\xdal\xb6\xe0\xc1\x07\x1f\xfc\xf9`\xb7\
uww\x97\xf8|>\xd5\xc3v{\x93\x9b\x9b[S\
\x5c\x5c\x1cWi\xa6\xac\xac,\xbd\xb7\xb7W\x93PY\
qqq\xdd\xe4\xc9\x93\xfbU0Y\xbf~\xbd\xa9\xb5\
\xb5\xb5Ly?2\xd8}L&S\xc4l6\xc7\xb5\
\xd5ill\xccloo?Rh$33\xb3\xfb\
\xe2\x8b/\xeewLY\xadVkKK\xcb\xbf\x83G\
\x81@\xc0\xfe\xc2\x0b/,<\xf9\xe4\x93\x7f\xaet\xa3\
\xd9\xf3\xfb\xd2\xd2\xd2>\x1c7n\xdcGk\xd6\xac\xf9\
\xb1\x1as\xa9\xac\xac\x5cS^^~\xe3a\x87\x1d\x16\
Wm\xe7\xa5\x97^\xb2|\xf4\xd1G\xa7\xd6\xd6\xd6\xba\
\x07\x06L&N\x9c\xa8_\xbat\xe9lY\x96U\x7f\
-IOO\xf7\x9bL\xa6A_3\x01\x00\x00\x00\x00\
\x00\x00 U\x100\x81\xaaV\xaf^}\xac\xcf\xe7S\
=`b\xb5Z#\xa3G\x8f\xde\xae\xd6xs\xe6\xcc\
\xf9\xbf\x15+V\xfcX\xabj\x06\xa1P\xc8\xfe\xf6\xdb\
o\xff\xe6\x0f\x7f\xf8\xc3\xcbZ\x8c\x8f}#I\x92\x12\
0P\xae\xce\x9e\xa0t\x00\x11B\x8c\x16B(\xadJ\
\x94\xb2\xfb\xdfz\xb1(\x1a\x8d*\x8b\xc2J;\x011\
\xd4$I\x8a\xe5\xe4\xe4\xc4U\xea\xf8\xdf\xff\xfd_c\
$\x12\xd1\xa4eFZZ\x9a\xff\xb2\xcb.\x8b\xbb\xea\
\xfd\xb6\xdbn\xb3\xba\x5c.\xa5\xb5I\xbf\xedz\xbd\xde\
\x97\x99\x99Y?\xf0\xfb\xef\xbe\xfb\xeeL\xbf\xdf\xafU\
\x0b\x06wzzz\x5c\xa5\xa3\xf3\xcf??\xcb\xe7\xf3\
\xe5\x0b\xed(\x89\x91p\xdf\x9f\x91\xcc\xcc\xcc]\x19\x19\
\x19q\x0b\xedk\xd7\xae\xcd\xab\xa9\xa9\x99\xae\xd5$\x82\
\xc1`\xdc\xef'\x18\x0c*-\x17\x1e\x16B(\xe7\xa3\
=\x93-1\xa3\xd1\x18\xed\xea\xeaZ\xf5\xe8\xa3\x8f\xf6\
[\xf4\xfd\xec\xb3\xcfJ\xdb\xda\xda\x0e\xd1b\x8e\x85\x85\
\x85\xde\xc6\xc6\xc6\xb8E\xf8\xac\xac\xac\xa8\xcf\xe7\xdb,\
\x84xC\xf9U*\x87P\xdf\x97a\xc0\x97i\xc0\xbf\
\x8d}_\x03oW\xfe\x1c4\xc4d\xb5Zc\xe5\xe5\
\xe5o]u\xd5U-\x03o\xbb\xe8\xa2\x8b\x94\xe3$\
C\x8b\x0aWJXd\xe2\xc4\x89q\x01\x93[o\xbd\
\xd5\xe4\xf1x\x8a\x07k\x0f\xa4\xd7\xeb{#\x91H\x5c\
K\xae\x87\x1ezH\x17\x8dF\x8b\x22\x91\x88\xeaA\x18\
\x8b\xc5\xe2-++\x1b4L\x16\x08\x04Jb\xb1\xd8\
\xa0A\x11\x9dN\x17\xb4\xd9lq\xed=n\xb9\xe5\x16\
\xe5\xf7\xa1\x84\x964\xa9\xf8\x90\x95\x955h\xeb.\x8f\
\xc7\xa3T[\x19\x92\x80IZZ\x9a\xa7\xb8\xb8x\xc7\
\x83\x0f>\xd8\xef\x87\xbc\xef\xbe\xfbl\x1d\x1d\x1d\xca\xeb\
\x8d&222j\xfe\xf4\xa7?\xf5\x0b\xdfvuu\
\xd9z{{\x95\x00\xe5\xa0\x0c\x06CoGGG\x5c\
\xc0d\xc5\x8a\x15\xb9\xa1P\xe8\x18-\xe6YRR\xd2\
=X\xeb\x17I\x92\xacn\xb7[\xa9\x16\xf6o\x9f~\
\xfa\xe9\xf7\xbe\xfb\xdd\xef*\xaf\xcb\xeb\xf6\xfc\xbe?\xfc\
\xe1\x0f\x0d\xabW\xaf~o\xcb\x96-\xa7\x04\x02\x81}\
>\xe6\x95P]FF\xc6N\x87\xc3\xf1\xdb\xc7\x1e{\
l\xe7`\xdf\xf3\xfc\xf3\xcf_\xbau\xeb\xd6\x1f\x94\x95\
\x95\xc5\xb5:,--5\xf5\xf6\xf6j\xf2\xde1'\
'\xa76??\xbf\xdf\xcf\x0d\x00\x00\x00\x00\x00\x00\x00\
\xa9\x86\x80\x09T\xb5~\xfd\xfa\x19\x1a]\xa1\xdc[^\
^\xbeD\xad\xf1*++W9\x1c\x8e\x8e\xd6\xd6\xd6\
R\xa1\x81h4\xaa_\xbbv\xed\x9c\xbf\xfc\xe5/\x87\
\x05\x83\xc1/n\xba\xe9&\xf5W\xd5\xf0\xb5$IR\
\x16\x16\x95\x8a\x08\x95}!\x92\xb1B\x08\xa5\x92\xc3\xa4\
\x81\x15J\x86\x9bX,\xe6q\xbb\xdd;\x06n\xaf\xae\
\xae.\xf5\xfb\xfd\x19Z\xec\xd3\xe1p\xc4\xb5~P4\
44\x8cW*^\x0c\xdcn\xb7\xdb]yyy\xcd\
\x03\xb7\xaf_\xbf~v0\x18T=\x04\xa3,\x1c\x06\
\x83A\xffUW]\x15\x17\xb2\xc8\xce\xce.\x93$\xe9\
\xab\xf6+\xa1\xbe0\x88\xd2R#\xd8\xf7\xefP\xdf\xdf\
\x83{\xdc\x1e\xdec{x\x8f\xfb\xf8\xf7\xf8\xbe\xc0\x1e\
\x7f~\xf5=\x11\xa3\xd1\xd8\xd0\xde\xde\x1ew%\xfa\xa6\
M\x9b\xca\x5c.\xd7\x5c\xa1\x81\x9c\x9c\x9c\x9e\xce\xce\xce\
\xb8\x9f\xfd\xe3\x8f?nU\xbaf|\x9b\xb1Z[[\
sw\xec\xd8\xa1\xc9\xa2xii\xe9\xe6\xf6\xf6\xf6\xb8\
`\xc7\x94)S\xbcF\xa3\xf1u!\xc4'{\x04L\
\x06\x06I\xbe\x0a\x8e\xec\x19(1\xee\x11*\xf9\xea\xef\
{\xfe\xa9|Y\x94\xa2:}\xdb2+**j\xbf\
\xf3\x9d\xef<9\xd8\xfc\xda\xda\xdaN\x89D\x22\x9a\xb4\
zS\x9e\x13\xb3f\xcd\xda8p\xbb\xc3\xe1\xc8\x0f\x06\
\x83y\x83\xdd\xc7b\xb1\xf4\x16\x17\x17\xc7-\x84\x87B\
\xa1\xacp8\xacIx\xc2n\xb7w\xce\x981c\xd9\
`\xb7\xb5\xb4\xb4\x94\x85\xc3a\xe5\xf1\x8cc\xb3\xd9\x94\
\xaaEqa\x18\xb3\xd9\x5c\xa0\xd3\xe9\x06\xbd\xcf\xfe2\
\x18\x0c\xbeQ\xa3F\xad\x1a\xec\xb6p8\x5c\x12\x0c\x06\
\xf7\xda&FM\x87\x1ez\xe8\xfbyyyq\xe1\xa1\
\xa6\xa6\xa6Q+V\xac\xf8\xa1V\xfb\x8dD\x22qA\
\x91\xb6\xb66G0\x18\xfcw\xdb\x99\xc1\xd8\xed\xf6\x1e\
\xa3\xd1\x18w?\x8f\xc7\x93^UU\xa5\xbcN\xaan\
\xf4\xe8\xd1\xebdY\x8e;6\x02\x81\x80-\x10\x08\xf4\
\x0b\xffm\xd8\xb0\xe1\x94\xbb\xee\xbak\xe7\xd5W_\xdd\
\xef|v\xfc\xf1\xc7/\x8eD\x22o\xbe\xf3\xce;\xa7\
\xed\xeb<233\x9b.\xb8\xe0\x82?\xdc~\xfb\xed\
\x83\x86\x92\xae\xbf\xfe\xfa\xff\xd7\xde}\x80\xc9U\x95\x7f\
\x1c\x7f\xcf\xce\xf6\xbe\x9bM\xef\x85\x84tR)\x09\xc5\
\xc0\x9f&\xd2D\xaa\x08\x0a\x0a(D\x11D\x10\xa9\x02\
\x22\xd8PQ@\xa4#\x1d\xa4\x08\x0a\x82\xf4\x12BH\
B\x1a\xa9\x9bd\x93\xdd\xec&\xdb\xfb\xec\xcc\xf9?\x07\
ot\xeb\xec\xec\xce\xbds\xef\xcc|?\xcf3\x0fd\
v\xf6\xce\xd9\xbbs\xef\x9e\x99\xf3\xbb\xef{\xdc[o\
\xbd\xf5\xe3\xbc\xbc\xbc\xcd\xc3\x87\x0f\xef\x10V\xbc\xe5\x96\
[T~~\xbecA\xc5\xdc\xdc\xdc\x8d\x93'O\xee\
\xf6\xb5\x0c\x00\x00\x00\x00\x00\x00\x00^A\xc0\x04\xb6\xb9\
\xe6\x9akR|>_\x91\x13\xadB\xd2\xd2\xd2v\xef\
\xb3\xcf>\xb6\x05LN<\xf1D\xff]w\xdd\xf5\xb7\
\x92\x92\x92}\x9a\x9b\x9b\x1d\xa9\xf6`\xda\x85<\xf5\xd4\
S7L\x9b6\xed\x04\x939q\xe29\xd0\x91R\xca\
,$\x8f\xb6*\x93\xecm\x7fc*\x96\x98J\x0c\x8e\
\x5cq\xec\x06\x9f\xcfg\x16\x9d\xab\xee\xb9\xe7\x9e.\xaf\
\xab\xad[\xb7\xee\xd3\xd0\xd0`\xfb\xe2\xb8\xcf\xe7\xf3\xe7\
\xe4\xe4\x94t\xf7\xb5%K\x96\x1cT]]=\xbc\xf3\
\xfd\x05\x05\x05\x15#G\x8e\xdc\xdd\xf9\xfe\x9a\x9a\x9aC\
\x83\xc1`\x8e\x13\x95\x8e\x8a\x8a\x8a\xb6t\xf7\xb5\xac\xac\
\xac\xc6`0\xf8\x98Y\xc33\x9d3\xac\x80\x88)=\
\xd3h\x05F\xf6\xde\xea\xdb\x05OZ\xda\xdd\xffE\x80\
Dk\x1dQo\x9b@ 0\xb4\xac\xac\xcc\x84\x9dl\
7e\xca\x94\x0f\xea\xea\xeaL\x98$bc\xc6\x8c)\
\xf8\xf4\xd3O\x1d9f\x06\x0f\x1e\xfc\xc1\x88\x11#\xba\
\x8c\xf3\x82\x0b.0\xaf\xe7\xaa\xdf\xfc\xe67]Z\x0b\
E\xcbSO=\x95\xbc~\xfd\xfaS\x9b\x9b\x9b\x1d\x09\
\x98\x04\x02\x81\x96\xb3\xce:\xab\xcb1\xb1e\xcb\x96\x99\
\xa6\xb5Uw\xdf\x93\x91\x91\xd1:a\xc2\x84.\xaf\xeb\
\xf2\xf2\xf2\x91MMM\x8e\x04LL\xd5\x94\xa2\xa2\xa2\
\xa5=\xfd\x0a\x03\x81@\xb7\x15\x9f\xd2\xd2\xd2\xea\xf2\xf3\
\xf3\xd7t\xbe\xbf\xb8\xb8xrKK\x8b\xed\xe1S#\
''\xa7\xe5\x84\x13N\xe8\x12\xb63*++\x07D\
\xa3-Vzzz\xf3\xacY\xb3\xee/,,\xec\x12\
\xa8KMM\x9d\xb0t\xe9\xd2\x03\x9cx\xde\xdc\xdc\x5c\
\x7fCC\x839?u\xa0\xb5\xce_\xb5j\xd5\xac\x10\
\xdfW\xd9\xd0\xd0\xd0%\x8c6c\xc6\x8c\x82u\xeb\xba\
\xed\xe0\x14\xb1\xa2\xa2\xa2\x8f\xa7N\x9d\xba\xb5\xf3\xfd5\
55\x19555\x1dB\x91\xaf\xbc\xf2\xca\x19\x93'\
O~\x5cD:T\xae[\xbcxqq0\x18\xfc\xcb\
\xdbo\xbf}xCCC\x9f_\xfb\xd9\xd9\xd9\xb5\xa7\
\x9f~\xfa-\xb7\xdez\xab\xf9[\xd0\xc5\xaf\x7f\xfd\xeb\
\xc9O>\xf9\xe4\x0d\xe6u3e\xca\x94\xe7\x07\x0e\x1c\
\xd8\xa1\xe2JmmmrSS\xd3$q\x88\xe9\x16\
\xf4\xb3\x9f\xfd\xacC\xbb\xa3\x8b/\xbeX\x05\x83\xc1\xc2\
'\x9exbQUUU\x85\xd6\xda\x9c;\xcd9\xa4\
Rk\xcd\xdc\x12\x00\x00\x00\x00\x00\x00@\xd4\x110\x81\
mZ[[G\x04\x02\x01G\xaePNMM\xad\xbd\
\xe9\xa6\x9bl-\x1b~\xd4QG\xdd\xb1c\xc7\x8e\xc3\
V\xadZ\xb5H\x1c\xa0\xb5VK\x97.=\xf2\x98c\
\x8e\x19\xfe\xf3\x9f\xff|\xf3UW]e\x7f\xbf\x85\x04\
\xa7L\xc9\x0a\x91A\xd6m\xa8)\x82 \x22\x0bE\xe4\
`S\xb4B\xe2TFFF\xf3\x90!C\xba\xb4\xc7\
\xb1\x8comm\xb5=\xbc\x91\x9c\x9c\xdc\x92\x95\x95\xd5\
m\xc0\xa4\xad\xadmA[[\xdb\x7f[\x1c\x18\xe6W\
\xe3\xf3\xf9*/\xba\xe8\xa2.\x8b\x9f+V\xac\xd8\xaf\
\xb1\xb1\xd1\xf6\xaa\x02YYY\x95S\xa7N}\xbb\xbb\
\xaf]\x7f\xfd\xf5\x9f_\x7f\xfd\xf57\x88\xcb\x86\x0d\x1b\
V\xb8l\xd92G\xb6=|\xf8\xf0w\xc6\x8e\x1d\xdb\
e\x81\xbb\xaf\xae\xbb\xee\xba\xa4\x96\x96\x16\xd3zE\x9c\
PPP\xf0\xd9\xe0\xc1\x83\xbb\xb4\x0f\xf2\x82U\xabV\
\x1d\xb3u\xeb\xd6\xb9\xc1`\xd0\xf6\xf9Qrrr0\
==\xbd\xc3\xe2\xf1^w\xddu\x97\xcf\xef\xf7\x9b\x8a\
\x0a\x83\xad\xca-\xa9\xd6\xcdT]Yy\xc3\x0d7t\
\xf9\xbe\xe2\xe2\xe2\xd1uuu\x8e\x04$SSSk\
\x9a\x9b\x9bwv\xbe\xff\xa1\x87\x1eJJNN\xce\xea\
\xe9\xb5\xd1\xda\xda\xdaXZZ\xda\xa5J\xc5\x8a\x15+\
\xc6\xd4\xd7\xd7;RI$))Igeeu\xbb\
\xd0^__\x9f\xecD\xab\xa3\xf6rrr\xea\x8f<\
\xf2\xc8\x87\x06\x0f\x1e\xfc\xeee\x97]\xd6!a\xfb\xcc\
3\xcf\xa4\xef\xda\xb5k\xff`0h~\x8f\xb6\xdbw\
\xdf}?okk\xeb\xd2\x86\xec\xe4\x93O\xce~\xfb\
\xed\xb7\xc7\xf5\xf4}\x03\x07\x0e4A\x8d\x9a\xf6\xf7]\
~\xf9\xe5\xa6\xbd\x9a#\xe17#''g\xedO~\
\xf2\x93.US\x86\x0c\x19\x92\xae\xb5\xeep\xbc\xd5\xd4\
\xd4L\xda\xb3g\xcf\x81\x8f>\xfa\xe8\xe6\xb3\xce:\xcb\
T\x85\xfa\xaf\xf4\xf4\xf4\x15s\xe6\xccy\xf9\xed\xb7\xdf\
>\xa3/\xcfo\xda7\xcd\x9d;\xf7\xd9;\xef\xbc\xf3\
\xce\xee\xbe\xfe\xbd\xef}/s\xe9\xd2\xa5Wn\xdf\xbe\
\xfd\x8b`NQQ\xd1\x8e[o\xbd\xb5\xc3x\xdf\x7f\
\xff}sL\xf6X\x19&\x12\xa9\xa9\xa9\xe6oi\x97\
\xf3bEEE\x92\xd6zF]]\xddcZks\
~_c\x05o6*\xa5L\xb0\xca\xdcWc\xdd\xaa\
\xb5\xd3/x\x00\x00\x00\x00\x00\x00\x00\x09\x8f\x80\x09l\
\x93\x9c\x9cl\xae\xea\xb4}\x01\xc9,TwW\xca=\
R\x97^zi\xed\xd2\xa5K\xdf\xde\xb4i\xd3\x01M\
MM\x8e\x95\xd0\xaf\xad\xad\xfdrFF\xc6\xbdV\xa5\
\x04DH)e\xaa*\x98+\x97s\xac@\xc9\xa1\x22\
r\x90U\xa9\xc4,\xcc\xc6=\x9f\xcf\xb7{\xc8\x90!\
\xdd\x96\xf7\xaf\xac\xac\x9c\xd8\xd2\xd2b{\xe5\x89\xa4\xa4\
$\x7f0\x18\xec\xb6:\xc6\xce\x9d;'644\x98\
\xb0\x8faV\x9e\x03\xa9\xa9\xa9\xf5)))\x9b;?\
\xf6\xb5\xd7^Siii\xd9mmm>'*\x1d\
\x8d\x181\xc2\x99\xf4\x86\x0dn\xba\xe9&\xf37\xb7K\
\xa5\x17\xbb\x8c\x1a5j\xf9\xcd7\xdf\xdc\xa5*A_\
eff\xe6\xa4\xa4\xa482\xce\xa4\xa4\xa4`uu\
\xf5\x9ek\xaf\xbd\xd6sW\xde\x7f\xeb[\xdf\x1a\xfa\xf7\
\xbf\xff\xfd\x86\xba\xba:G\xaa\x97\x0c\x180\xa0j\xd2\
\xa4I\xff\xea\xeek---\xa65\xd0\xf3J)S\
m#\xd3:\xc7\x99\xdb@\x9f\xcfW\xdd\xdd\xf744\
4Lu\xa2\xd5\x97\x09l\x8c\x181b\xe7\x8d7\xde\
\xd8\xa5\x1c\xd9\xb6m\xdbF\xb4\xb5\xb5\xf5\xf8\xf7\xd2\xe7\
\xf3\xb5>\xf9\xe4\x93\xa62P\x07s\xe6\xcc\xc9]\xbf\
~\xbd\xa9\xfe`\xf7pM\x8b\x95\xe4\xa5K\x97\x0e9\
\xf0\xc0\x03wt\xfe\xda\xa4I\x93J6o\xde\xdc\xe6\
\xf7\xfb\x1d\x99\xef\x9aV{\x93&Mz\xe8\xeb_\xff\
\xfaON<\xf1DS\xf1\xa8\x83\xcd\x9b7\xcf}\xef\
\xbd\xf7\x8e\x13\x87\x0c\x1b6\xec_\xddU\xb7\xd9\xbcy\
sAKKK\x8f\x95[&N\x9c\xb8v\xea\xd4\xa9\
\x1d*\xe9\xa4\xa4\xa4\x0c\x08\x06\x83\x8e\x04L|>_\
\xa0\xaa\xaa\xaa\xae\xf3\xfdw\xdf}\xb7/;;\xbbC\
8q\xafw\xdf}\xf7\xac\xe3\x8e;\xce\x04\x06;\xfc\
\x1d\xb9\xf0\xc2\x0bw\xac\x5c\xb9\xf2\xc5\xbe\x06L\xc6\x8f\
\x1f\xff\xc1\xb1\xc7\x1e{kw_\xbb\xf4\xd2KS\xea\
\xeb\xebO[\xbf~\xfd\xb1\xad\xad\xad{\xff\x96u\x09\
uM\x9a4)e\xd7\xae]\xa6\xed\x9e\xed\x8a\x8a\x8a\
Z\xb4\xd6]\xc2B\x03\x06\x0c\xf0\x05\x83\xc1\xa9Zk\
s<\x8e\xb0nGZ_6\xf7\x99\x923k\xad\xdb\
gV\xe8\xa4\xa6]\x85\xae\x06B'\x00\x00\x00\x00\x00\
\x00\x00\xecD\xc0\x04\xb6)//\x9f\xd0\xd2\xd2b{\
P#99\xd9\xb4\x07\xe8P&\xdd.\xb3f\xcdz\
n\xe9\xd2\xa5G\xaf_\xbf\xde\x91\xf2\xf5\xc6G\x1f}\
t\xc2\xe9\xa7\x9f\xfe4\x01\x93\xfeQJ\x99\x05\xd4\x0c\
\xeb6AD\xe6[\xa1\x92yV\xd5\x92>III\
iNMMm\xf6\xf9|\xf6\xf7r\x8a\x02\xadu\xd2\
\xa0A\x83\x8a\xa7N\x9d\xdamE\x9f\xe6\xe6\xe6qm\
mmf_\xd9*33\xb3y\xe2\xc4\x89]*\x98\
\x9cq\xc6\x19f\x11\xd3\x04O\xb6Y7\xb3(W\x97\
\x91\x91\xb1\xb9\xbe\xbe\xfe\xc5\xce\x8f\xdf\xb9sg\x96\x13\
\xe3\xdb\xbb\x80\x7f\xf8\xe1\x87\xaf\x12\x8f\x0a\x04\x02\xc3\xb5\
\xd6\x8e\xb4WHII\x09\xd6\xd4\xd4\xd8\xd2Z\xc6\xb4\
Xjll\xec\xf3\xb1\x15\x8e\xac\xac\xac\xda\xf9\xf3\xe7\
\xef\x11\x8f\xb9\xea\xaa\xab\xf2\x1a\x1a\x1a\xae,//\xef\
\xb1\xadH\xa4rss\xb7\xcd\x9a5\xeb\x8dP\x8f\xb1\
\x16\x91\xeb\xad[\x97\xc0D{\xcb\x97/\x9f\xd1\xd2\xd2\
b{\xd5\xb0\xe4\xe4\xe4f\xadu\xb7\xcf\xfd\xee\xbb\xef\
.jhh(\xec\xe9{\xdb\xda\xda:T\x9b\xd8k\
\xdb\xb6mY---\x8e\x04\x00M\x15\x97\x97^z\
\xe9\x90K.\xb9\xa4K\xdb\x93c\x8e9\xe6o\x9f}\
\xf6\xd9A[\xb6l1\x01D[\xf7Qff\xe6\xd6\
\x83\x0e:\xe8\x0f\xaf\xbc\xf2\xca\x1f\xba{\xccc\x8f=\
\x96\xfd\xe1\x87\x1f\x9e\x1e\xaaUM$\x94Rz\xcc\x98\
1\x1f\xdf~\xfb\xed\x1d\x82\x22g\x9eyf\xfa\x8e\x1d\
;L\xf8\xb2Gmmm\xeb\xaf\xb8\xe2\x8a\x0e\x81\x0f\
\xbf\xdf_XZZj\xfe\xc6\xda.??\xbf|\xfe\
\xfc\xf9]ZC\xbd\xfc\xf2\xcb\x03*++\x0f\xec\xee\
{\x96-[v\xc4\xca\x95+\x0f\x18<x\xf0\xf6\x19\
3ftx]\xa5\xa4\xa4l\x1a=z\xf4\xaa\xea\xea\
\xea\xc2\xa4\xa4\xd0\x1d\x90\xfc~\xbf\xe4\xe5\xe5\xed\xfe\xea\
W\xbf\xfa\xe7\x1f\xfd\xe8G\xdd\xce%[ZZ\x8e|\
\xfa\xe9\xa7onll,2\xffNKK\xabII\
I\xe92\xde}\xf7\xdd7\xe5\xddw\xdfu$\x84\x93\
\x95\x95\xb5y\xc4\x88\x11\x1b;\xdf\xbfl\xd9\xb2\x14\xa5\
\xd4A\xa6*^7\xdff~\xf8)\xd6m\xaf\x1a+\
l\xb2\xc6\xba-SJ\x15[\x81\x13\x13\x822\xc7w\
\x970\x14\x00\x00\x00\x00\x00\x00\x00\x84\x8b\x80\x09l\xb3\
y\xf3\xe6\xa1N\x5c%\x9c\x96\x96V\x1b\x08\x04\xcc\x87\
\xe3\xb6\xbb\xfc\xf2\xcbW\xbe\xfe\xfa\xebK7m\xda4\
/\x10\x088\xb2\xf8\xf5\xf1\xc7\x1f\x1ft\xdcq\xc7\xed\
s\xef\xbd\xf7\x96\x9e\x7f\xfe\xf9\x5cE\x1a^\xdb\x1b\xf3\
:2\xc1\x12se\xf3l\xabB\x89\xb9\x1d\xd8\xcfm\
\xea\x8c\x8c\x8c\x86\x94\x94\x94\xd2\xc1\x83\x07\xbf?}\xfa\
\xf4\xa5\xc3\x86\x0d\xabI2\x97\xea\xc7\xd0\x85\xbd\xe6\xe7\
hhh\xc8\x1c:t\xe8\x8e\x1bo\xbc\xb1\xcbU\xeb\
W_}\xb5Z\xb7n\xdd\xb8@ \xd0\xddBTD\
\x92\x92\x92\x1a\xda\xda\xda\xba\x1c\x87\x8f?\xfe\xb8i\xfd\
p\x9e\xb5h\xd5\xa1\xe5Bw\xdey\xe7\x9d\xc2\xea\xea\
\xea,\xbb\xc7g\x8d\xb1j\xed\xda\xb5\x0d'\x9cp\x82\
x\xd1?\xfe\xf1\x8f\x11\xa6\xda\x8b\x13\xdb\x9e0aB\
\xd9{\xef\xbd\xd7\xa5rD\x7f,_\xbe\xbc\xa0\xa4\xa4\
\xc4\xb4j\xb1]nnn\xe9\xc6\x8d\x1b\xbb\xad\xc8\xe1\
\x96\xc3\x0f?<u\xe2\xc4\x89\x87>\xf3\xcc3\xdfs\
\xf2yrss7ggg\x9b\xea\x02\xb6hkk\
\x9b\xe1D\x05\x93\xdc\xdc\xdc\xfa1c\xc6\x98\xb0X\x17\
\xf5\xf5\xf5\xd3\x03\x81\x80\xb6\x020\xcaZ\xe0\xfe\xef\xad\
\xb2\xb2\xb2\xdb\xe0\xde\xae]\xbbR\x83\xc1\xa0\xed\xe7%\
\xa3\xa5\xa5\xa5\xa0\xb6\xb6\xf6\xf4\xc7\x1e{\xec\xf13\xce\
8\xa3\xc3\x09\xfd\xc2\x0b/\xfc\xe7\x1bo\xbc\xb1oi\
i\xe9\x15\xc1`0\xd7\xe7\xf3Er\xce7\xdf\xa8M\
u\xa6\xa1C\x87\xbe2y\xf2\xe4\x9f?\xf7\xdcs\x1b\
\xba{\xe0\x95W^\xe9{\xfe\xf9\xe7\xcf\xdb\xb0a\x83\
c\xaf\xa9\xfc\xfc\xfc\xca\xa1C\x87vic\xd4\xd4\xd4\
4\xb4\xb5\xb5\xd5\xfc\xdd\xec\x96\xf9\xb3\xe7\xf7\xfb\xbb\x04\
\x88\x1a\x1a\x1a\xf2KJJF:1\xd6\xa2\xa2\xa2\xcd\
[\xb6l\xe9r\xdc\x9b\xb0Rss\xf3\x9c\x9e\xbe\xef\
\xbe\xfb\xee\xbbl\xf5\xea\xd5\xeb\xee\xbb\xef\xbe\x0e\x95\xa9\
\x86\x0c\x19\xb2\xfc\x9cs\xce9~\xeb\xd6\xadi>\x9f\
/\xe4/\xb4\xb1\xb1\xd17s\xe6\xcc\x9a#\x8e8\xa2\
\xdb\xf6a\x8f?\xfe\xf8\xf8\xa7\x9ez\xea\xee\xf6\xa1\xba\
\x993g\xae\xca\xca\xca\xea\xf2\xbbmiiIkj\
jr\xe4\xdc8h\xd0\xa0-3g\xce\xec\x120i\
kk3\x95\x7f\xf67\xe1\xd207e*\x1f\x99\xd0\
t\xfb\xe0\xf4\x0e+t\xb2BD>QJ}\x22\x22\
eV\xc5\xb1/nV\xb8\x0d\x00\x00\x00\x00\x00\x00\x00\
zE\xc0\x04\xb6III\x19\x16\x0c\x06m\x7fM\xe5\
\xe5\xe5\xd5O\x980\xa1K\xab\x0d\xbb,X\xb0\xe0\xa9\
M\x9b6\x1d\xb4a\xc3\x86\x1e\x17d\x22\x11\x08\x04\xd2\
\xb7l\xd9rbCC\xc3j\x11\xe9rE,\xfe\x1b\
*1L\xc8g\xb4\x15&\xf9\xb2\x88|\xc9\xac\xbbD\
\xb8m\x9d\x9f\x9f\xbf\xe1\x94SN\xb9~\xd7\xae]/\
?\xff\xfc\xf3\xbd\x86 b\xd5\xf4\xe9\xd3\x07\xa5\xa5\xa5\
9r^\xcf\xcb\xcb\xab[\xb4hQ\x97\xc5/\xad\xb5\
\xe9y\x11V\xdf\x8b\xeb\xae\xbbN\x8d\x193&/)\
)\xc9\x89VZ\x01\x9f\xcfWr\xe5\x95Wz61\
t\xf0\xc1\x07\x17\xde\x7f\xff\xfd\xc3\x9c\xd8v0\x18\x5c\
\xe5\xf3\xf9\x22n\x8fch\xad\xf3#=\xeez2b\
\xc4\x88\xed\x19\x19\x19]Ze\xb8\xe5\xdcs\xcfU\xa6\
\x82\xc2\xc3\x0f?|\x97S!C\xc3\x04\xdc\x8a\x8a\x8a\
V\x5cv\xd9e\xcdvms\xcf\x9e=\x03\xda\xda\xcc\
\xda\xb0\xbdRSSk\xb5\xd6\x9b\xba\xfb\xdag\x9f}\
\xf6\xdb\xe6\xe6\xe6'E\xc4T1)\xb2B\x80CL\
\xb7\x16\x11\x19'\x22\xdd\x06h\x9a\x9b\x9b\x93\x9c\x0a\x98\
\xb4\xb5\xb5\xa5\xac]\xbb\xf6\x80\xb6\xb663\x86.\xc1\
\x89'\x9f|\xf2\x8e\xc3\x0f?\xfc\xc5\xc1\x83\x07\xcf\x18\
7n\x5c^]]\x9d\xa9\x08\x11\xf6b\xba\x19wZ\
Z\x9aNIIi\xda\xb3gOeEE\xc5\x96g\
\x9f}\xb6\xc7\xa0\xd03\xcf<\xa3\x92\x93\x93g\xb6\xb4\
\xb4\x9c\x14\x088\xd7\x09j\xc2\x84\x09\x1fgeeu\
\x09\x02m\xdb\xb6mpuuu\x8fUS\x86\x0f\x1f\
^\xbd|\xf9\xf2.\x15\xd5\x86\x0c\x19RXUU\xe5\
H\xe5\xa2}\xf6\xd9g\xb3\xa90\xd5\xf9\xfe5k\xd6\
\x14\xb5\xb4\xb4\xf4\x18\x1c]\xb3f\xcd\xec\xf1\xe3\xc7\x1f\
\xf4\xe8\xa3\x8f~z\xd6Yg\xfd\xf7\xdc~\xd5UW\
\xb5\x8aH\x97\x90e_=\xf5\xd4Si?\xf8\xc1\x0f\
\x9e\xdb\xbd{w\x87\x9f\xbb\xb5\xb5uMsss\x97\
c\xc0T8\xa9\xac\xac\xfc\xa2\xca\x89\xdd\xaa\xab\xab\xab\
6o\xde\xdc\xa5\xba\xd3\xc1\x07\x1f\xec\xfb\xedo\x7fk\
\x8e\xadH\x0c\xb7nGX\xff6m'7Y\x81\x93\
\x8f\xcdM)e\xe6\xa8{\xcfO\xa6\xab\x8eg\xff\x96\
\x02\x00\x00\x00\x00\x00\x00p\x17\x01\x13\xd8\xe2{\xdf\xfb\
\x9e2\x15L\x02\x81\x80\xed\xaf\xa9\xf4\xf4\xf4\xaa\x8c\x8c\
\x0cG*\x98\x18Z\xeb\xf7\x94RoY\x952\x1c\xf1\
\xe0\x83\x0f~\xef\xc4\x13O|\x80\x80IWJ)\xb3\
\xa8k\xca\xf2\xff\x9f\x88\x9cd\xfd\x1eL\x0b\x15s\x7f\
\xc4\x0b\xbe\x99\x99\x99\xe5g\x9ey\xe61\xc1`p\xfb\
\xf3\xcf?\xdfm\xfb\x86x\xf1\xc0\x03\x0f,\xac\xaa\xaa\
\xcaub\xdbIIIu\x81@\xa0<\x92mTW\
W\x9b\xd6\x12\x03\x1a\x1b\x1bm\xaf`\x92\x95\x95\xd50\
b\xc4\x88.W\xf3{I}}\xbdY\xf8-pb\
\xdb\x0b\x16,X6x\xf0`[\xc2S\x1b6l0\
\x0b\xcd&4`\xbb\xe1\xc3\x87\xafnkk\xb3%\x08\
\x13\xa9\xdbo\xbf=\xad\xa5\xa5\xe5\xdc\xd5\xabW\xff\xdc\
\xef\xf7\x9bP\x8dc\xa6L\x99\xb2\xfc+_\xf9\x8a\x09\
fD\xec\xa2\x8b.RIIIc\xec8?v'\
;;{\xcf\xc4\x89\x13\xcdbs\x17J\xa9\x12+\xc4\
\xa1\xba\xb9\x99\x0a\x0b\xdd\x067\x92\x93\x93\xf5\xffr\x84\
\xf6kll\xcc\xbd\xf7\xde{\x7f\x1a\x08\x04\x16\x9f{\
\xee\xb9]\xce\xf3Z\xeb-Z\xeb\xad\xa6\xcdH_\xd7\
\xcd\xcd\xe3\xdb\xdd\x8c\x90\xe1\x94W^ye\xc2\xda\xb5\
ko*..^(\x0e2\xa1\x99\xec\xec\xec.\x81\
\x9a\xe1\xc3\x87\x17}\xfa\xe9\xa7\xe3{\xfa\xbeq\xe3\xc6\
\xbd5`\xc0\x80.\xe7\xf2\x8f>\xfa\xa8\xa8\xb1\xb11\
\xdb\x89\xb1\xa6\xa5\xa5mSJ\x99PC\x07\xf3\xe6\xcd\
K}\xf1\xc5.\x9d\xd4:X\xb3f\xcdI\xa5\xa5\xa5\
f\x8e\xf6\x99\x9dcz\xff\xfd\xf7S\xee\xbd\xf7\xde\xc5\
{\xf6\xec1\xf3\x8f\x0e\xd5A\x0e8\xe0\x80\xd5g\x9e\
yf\x87\x8a+\xdf\xff\xfe\xf7\x93jkk\x8b\x02\x81\
\x80\x09U\xd9n\xfc\xf8\xf15\x87\x1crHS\xe7\xaa\
d\x222\xca\x81\xa73\xf3\x84\x99&\x97j\xba*Y\
\xc1\x92\x92\xbd-uD\xe4m\xa5\xd4:\xad\xb5\xe7\xda\
\x99\x01\x00\x00\x00\x00\x00\x00p\x1f\x01\x13\xd8b\xc6\x8c\
\x19\xbeW^ye\x88\x13\x01\x93\xb6\xb6\xb6\xaa\x86\x86\
\x86.\x95\x13\xecr\xcd5\xd7\x04\xca\xca\xca^\xce\xcc\
\xcc<|\xf9\xf2\xe5\xa6\xe5\x80#WX+\xa5\xce\xfa\
\xcb_\xfeRr\xdey\xe7%\xfc\x07\xf6V\xa8\xe4p\
+T\xb2@D\xc6\x9a\x8c\x80\x15,\xb1\xed5\x94\x92\
\x92\xd28g\xce\x9cG'M\x9aT|\xc9%\x97\xc4\
}\xf9\xf7\xaa\xaa\xaa\xe3\x03\x81\x80#\x01\x06\x93\x0f9\
\xe7\x9cs\x22\xba\xa29++\xcb\xfcN\x86(\xa5\x9c\
\xf8\xdbS\x9f\x9c\x9c\xec\xe9\x80\x89i\xc1\xd0\xd6\xd6f\
Z\x0a\xd9\xae\xa2\xa2b[[[[X\x95dzS\
UU\x95\xe7\xf7\xfbM\x85\x0a\xdb\xb5\xb6\xb6~V_\
_\xefz\x05\x93k\xaf\xbdv\xdc\xab\xaf\xbe\xfa\x8b\x95\
+W\x1e\xe9\xf7\xfb\x1d\x09e\xb5\x97\x9a\x9a\xba\x229\
9\xd9\x96\xbfcEEE\xa6\xbb\xd7$\xeb<j;\
\xaduURR\xd2\xd6\xee\xbeV]]\xfdE\x9b\x98\
\xben\xb3\xa8\xa8\xc8\x9f\x94\x94\xe4\xd89\xd8\xef\xf7\xa7\
-]\xba\xf4\x8c\x83\x0f>\xf8\x05\x93\xf1\xe8\xfc\xf57\
\xdex\xc3\x8c\xd9\xb9r\x22\x96\xa3\x8e:j\xe1\xa7\x9f\
~z[uu\xf5\x5c\xad\xb5c\x15q|>\x9f?\
==\xfd\x83s\xce9\xa7\xa5sk\x1e\xa5\xd4$\x13\
\xa4\xe9\xe9{\xb3\xb3\xb3?\xce\xcf\xcf\xef2\x0f\x19<\
xp\x8e\x15\x14\xb2\x9d\xdf\xef/nii\xe9\x10\x80\
\xbb\xe2\x8a+\x92|>\xdf\xf8\xde\x02?\xc5\xc5\xc5\x07\
\x97\x95\x95\x9dhw\xc0\xe4_\xff\xfa\xd7\x11o\xbe\xf9\
\xe65mmmf\xde\xd1A^^^\xcb\xc1\x07\x1f\
\xdcy`\xc9\xc1`\xb0\xb0\xa9\xa9)\xdcV5}R\
SSS\xbbi\xd3\xa6\x0e\xbf\xcfm\xdb\xb6\xa557\
7;\x15~\xde\xdb\xdaJ\xacV[\x93\xad\xb0\xef\xd1\
\x22r\x99\xf9S\xa0\x94Zo\xb5\xd6y[D\x96h\
\xadM[\x1d\x00\x00\x00\x00\x00\x00\x00\x09\x8e\x80\x09l\
\xe1\xf3\xf9\x82UUU\x8e\xf4\xa5/((\xa8\x9e;\
wn\x97+_\xed4q\xe2\xc4O6o\xde\xfc\xa9\
\xc9\xca8\xf5\x1c\xff\xfa\xd7\xbf\xce\x9b5k\xd6s\x22\
\xf2\x81$ \xa5\xd4\x08\x119\xccT|\x17\x91\xfd\xac\
r\xedyV\xb0\xc4\x91E\xad\xac\xac\xac\xfa\xf9\xf3\xe7\
\xbf\x96\x08\xe1\x92\xe3\x8f?~\xca\xfa\xf5\xeb\x0fkn\
n\xb6=\xc00`\xc0\x80\x9ai\xd3\xa6\x99\xe3#\x22\
\xef\xbf\xff\xbe\xf2\xf9|3[[[S\xc4fII\
I\xfe\x1d;v4\x88G\x9dz\xea\xa9\x87\xac]\xbb\
\xf6,'\xb6\x9d\x9c\x9c\x1c\x98?\x7f\xfe\xcea\xc3\x86\
uX\x9c\xec\xaf\xc3\x0e;,\xff\x99g\x9eqd\x11\
\xf5\x80\x03\x0e\xf8\xf4\xea\xab\xaf\xb6e\x9c\xfdq\xfd\xf5\
\xd7go\xdd\xba\xf5\xec7\xdf|\xf3\x9b;v\xec\x98\
\xe9\xf7\xfb\xcd\xc2\xaa\xa3\xa6M\x9b\xf6\xd1\xa2E\x8b\xee\
\xbd\xe0\x82\x0bl\x098\xbc\xf7\xde{IJ)3v\
\xdb\x8f##\x10\x084]}\xf5\xd5\xb6\x861\xc6\x8e\
\x1d\xdb\xb4t\xe9\xd2`S\x93-\x19\xa8\xee\xa8\xc6\xc6\
\xc6\xbc\xbb\xef\xbe\xfb\xee\xb4\xb4\xb4\xa3\xaf\xb9\xe6\x1aS\
\x89!\xaaN8\xe1\x84\x0b\x96,Y\xf2\xfd\xea\xea\xea\
I\x9d+b\xd8\xed\x82\x0b.\xb8\xd1\xb4~\xeb|\xff\
\xc0\x81\x03G\xbf\xfa\xea\xab&\xb4\xd9\xa3\x83\x0e:\xe8\
\xa3\xc9\x93'w\xa8\x22t\xfd\xf5\xd7\xe7UVV\x8e\
r\xe8o\xbf\xa9`R\xfc\xdb\xdf\xfe\xb6C`#\x18\
\x0c\x0e\xf0\xf9|\xd3z\xfb\xfe@ \x90\xf2\xd0C\x0f\
]\xbac\xc7\x8e\xda\xc7\x1e{\xec\x8eH\xc7s\xce9\
\xe7$o\xdf\xbe\xfd\x92\xe5\xcb\x97_\xde\xda\xdajB\
5\x1d\x0c\x1e<x\xcf\xdbo\xbf\xdd\xa52LMM\
MV]]\xddL':\xc7\x98}4q\xe2\xc4\xea\
\x9f\xff\xfc\xe7\x1d6\xbeu\xeb\xd6,\xa5\xd4\xde\xb66\
N3\xf3\xb0T\xebf*\xd9\x0c\x10\x11S)\xe9\x10\
\x111\x7f\xbbj\x94R\xa6\x9a\xe0*\x11Yj\xe6\xb2\
\xa6*P\x94\xc6\x06\x00\x00\x00\x00\x00\x00\xc0C\x08\x98\
 b\xcf<\xf3\x8c***\xca\x0b\x06\x83\x8e,\xd4\
\xa5\xa7\xa7\xd7\x9ew\xdey\x8e\xf6\x82OOO\xafN\
OO7Wi:\xa6\xaa\xaa\xaap\xc7\x8e\x1d\x0b\xfe\
\xf0\x87?,\xbf\xf8\xe2\x8b\x1d[e\xf3\x12\xa5\xd4>\
f=KD\x0e\x15\x919\xe6Bv\x111\x95\x11\xd2\
\xa3\xf1\xfciiiu\xa3F\x8d\x8a\xeb@\xcf\x01\x07\
\x1c\x904g\xce\x9c\xa3?\xfa\xe8\xa3k\xaa\xab\xabM\
\x88\xc7v>\x9f\xaf\x22%%\xe5\xddH\xb7\xb3}\xfb\
vUPP0[km{\x08\xc6\xef\xf7\x0f\xa9\xae\
\xae>\xea+_\xf9\xca+/\xbe\xf8\xa2-\xadb\xec\
\xb2`\xc1\x82#\xca\xca\xca\xae\xde\xbe}\xfbD'\xb6\
\x9f\x9e\x9e\xde\x18\x0c\x06w|\xeb[\xdf\xb2%H5\
p\xe0\xc0\xb4@\xc0\x99b\x0f\x0f?\xfcp\xf1\xd5W\
_-\xd12\x7f\xfe|\xdfa\x87\x1dV\xf4\xde{\xef\
\xcd.--=$%%\xe5\xa0\xdd\xbbw\xef[Y\
Y9(\x1a\xcf\xaf\x94\x0a\x1e~\xf8\xe1\xff\xfc\xc67\
\xbe\xb1\xd2\xaem\xb6\xb6\xb6*S\xa5\xc2\x899\x5cA\
AA\xcb\xa0A\x83>\xb7{\xbb\x15\x15\x15\x95\xc1`\
\xd0\xf1\x16e\xbbw\xef\x1ey\xcf=\xf7<\xb6q\xe3\
\xc6\xbb233\xef\xfb\xd3\x9f\xfe\xe4x\x98\xe9\x98c\
\x8e9\xac\xa6\xa6\xe6\xf4\xd5\xabW\x1fW[[k\x82\
\x93\x8e\xca\xcb\xcb\xdb5i\xd2\xa4\xa7\x16/^\xdc\xa5\
\xd5Tcc\xe3\x8c\x0d\x1b6\x98\xea`\xdd\xca\xc9\xc9\
1\xad\xba*O:\xe9\xa4\x0es\xaa\x86\x86\x86\x01-\
--&L`\xbb\x8c\x8c\x8c\xc6\x8f?\xfe\xb8\xbb\xb1\
\x0eZ\xbe|\xb9i\xd1\xd2\xab\x8a\x8a\x8a\x82\x7f\xfc\xe3\
\x1fW\x8f\x193f\xe1\xc0\x81\x03\xdf_\xb8p\xe1\x92\
\xc9\x93'o\x1a<xp \x18\x0c\x86\x0c\xa8\xa6\xa5\
\xa5\x057l\xd8\x90\xf2\xc1\x07\x1f\x8c\xda\xbd{\xf7\x81\
k\xd7\xae]T__\x7f@mmm\xb7\xadn\xf2\
\xf2\xf26j\xadK;\xdf\xbf{\xf7\xee\xec\x86\x86\x86\
y\xe2\x80\xe4\xe4d\x7f \x10\xa8\xea|\xff\xa0A\x83\
R\x96,Y2_\xdc\x93l\x85M\xcc\xcd\xb4M3\
\xe7\x1d\x13`:MD\xf6(\xa5\xb6YmuL\x00\
u\x85\xd6z\x9d\x8bc\x05\x00\x00\x00\x00\x00\x00\x10%\
\x04L\x10\xb1w\xdey\xc7T%8\xd0\xef\xf7;\xb1\
\xd8\xd5\x94\x99\x99i>\xc0v\xd4\x05\x17\x5c\xa0\xd7\xad\
[\xf7\xe9\xd8\xb1c\x8b\xb7l\xd9\xe2\xc8\x22\x8b\xf1\xe6\
\x9bo\x9e\x93\x9f\x9f\xff\xba\xf5a|\x5cRJ\x992\
\xeb_\xb2\x16!\xc6\x8b\xc80\xabZ\x89\xa3Wtw\
'))i\xf7%\x97\x5c\xd2%lp\xfe\xf9\xe7\x9f\
\xb5i\xd3\xa6CL\xeb\x22'\xdb68\xc9\x5c\xf1\xec\
\xf7\xfb\x93\xb6n\xddZPVV6\xa5\xbc\xbc\xdc\x91\
\xf0\x821`\xc0\x80\xf2\xe3\x8e;\xee\xa3H\xb7\xb3i\
\xd3\xa6\xc0\xa0A\x83f\xb4\xb5\xb5\xd9~\xae0\x95[\
\xb6m\xdbvBmm\xed\xc8\xf9\xf3\xe7o\xcb\xcc\xcc\
\x0c:q\xa5y_~?\xe6\xf9\xb7n\xdd\x9a__\
_?\xa5\xbe\xbe~\xa2\xdf\xefw\xa4RORRR\
e \x10\xa8\xb4c[\xb7\xdezk\xfe\xe7\x9f\x7f>\
N\x9c\x11\xdc\xb1c\xc7\xef\xf6\xdf\x7f\xff\xfa\xac\xac\xac\
T\xa7B,F[[[RuuuZYY\x99\
\xa9\xcc\x90[UU5\xa8\xb6\xb6vD[[\x9b\xa9\
\x98\x145\xfb\xec\xb3\xcf\xcay\xf3\xe6\xbd:q\xe2D\
\xdb~\xd8\xcf?\xff\x5cegg\xcfp\xa2%]^\
^\xde\xceQ\xa3F-\xb3{\xbb\xe3\xc7\x8f\xdf\xf4\xc1\
\x07\x1f4\xd6\xd48\x9f\xfd*))\x99\xf1\xdak\xaf\
]\x93\x9f\x9f\x7f\xe4\xf8\xf1\xe3\xff\xfd\xedo\x7f\xfb\xdf\
\xef\xbf\xff\xfe\xc6\x17^x!\xe2`\xe7\x09'\x9c\x90\
t\xd0A\x07\xe5\x7f\xfc\xf1\xc7\xfb\xac]\xbbv\xff\x86\
\x86\x86\x85\xcd\xcd\xcd\x93\xcb\xcb\xcb\xf7\xd5ZGeN\
={\xf6\xec'RSS\xbbT\xd8x\xe2\x89'\x92\
7o\xde<\xbb\xbe\xbe\xbe\xc7\x96OIII\xdb\xb6\
o\xdf\xde\xd8\xf9\xfe\x95+W\x0e\xdc\xb1c\x87iU\
g\xbb9s\xe6|\x9a\x93\x93\xd3%<\x11\x0c\x06\x0b\
*++\xc3>\xd7TWW\x0f\xac\xae\xae>\xa5\xb2\
\xb2\xf2\xd0\xca\xca\xca\xb2\xd7_\x7f\xbd:--M\x87\
j\x07d$%%\xe9\x86\x86\x06s>\xc8ijj\
\x1aVUU\xd5m\xb0d\xafa\xc3\x86\xad\xd9w\xdf\
}\xbb\xb4[[\xb6lY\xae\xcf\xe7\xdb_\x9c\xd1\x14\
\x08\x04\xba\x84p\x92\x93\x93\xf3+**\xa2\x12\x86\xeb\
\x83\xbd\x81\x13\x13h\x9d)\x22\x8bL\x06HD\xca\x95\
R\x9bE\xc4\x84L\xd6[\x81\x93\xa8W\x12\x02\x00\x00\
\x00\x00\x00\x00\xe0<\x02&\x88\xd8\xb2e\xcb\x92\x0a\x0b\
\x0b\x0f\x0f\x06\x83\xb6W%\xc8\xcc\xcc\xdc\x93\x9a\x9a\xba\
I\xa2\xa0\xa0\xa0`INN\xceS\x22\xf2#\xa7\x9e\
c\xed\xda\xb5\xd3\x16-Z45\x9e\x02&J\xa9$\
+L2\xdbZl\x98 \x22\xfb\x9aB\x08n\x8e+\
33\xb3q\xc6\x8c\x19]\x16J\xef\xb8\xe3\x0e\xb5f\
\xcd\x9a\x13?\xfa\xe8\xa3S\x82\xc1\xe0\x17A\x80X\xe7\
t\x90\x22++\xab\xf9\xeb_\xffz]\xa4\xdby\xe8\
\xa1\x87\xf2\xab\xab\xabM\xb5#qb\x1f444\x14\
444\x1c^ZZ\xea\xf8>\x09W4\xc61n\
\xdc\xb8u\xc5\xc5\xc5]\x16\x8d\xfbc\xd5\xaaU\x13+\
++\x9dj\x15\xa6\x02\x81\xc0\xd9\x9f|\xf2\x89i{\
\x11\x95c\xcf\xec\xff\xcaJ[\xb27\xfd\x92\x9d\x9d\xfd\
\xc6\x80\x01\x03l\x0dl\xcc\x993'\xf0\xd6[o\x8d\
\x0d\x06\x83\xb6\x87\xf6\x8a\x8a\x8a6/\x5c\xb8\xf0=\xbb\
\xb7;w\xee\xdce\xcf>\xfbl\xd4ZX\x95\x96\x96\
\x0e---=1##\xe3\xe0\xa7\x9ez\xea\xb4\x8a\
\x8a\x8a]\x83\x07\x0f\xae\x9d<yrCZZZ[\
_\xf6\x9dy\x9d\x9as\xd6\x9e={Rkkk\xb3\
\xb7o\xdf\x9e\xb7g\xcf\x9e\xc1555ckkk\
\x07D\xfb\x5cs\xd4QG\xfd577\xb7\xcb\xf1\xfe\
\xcc3\xcf\x1c\xb2t\xe9\xd23C}\xef\xd8\xb1c\xd7\
\x0c\x1a4\xa8\xcb\xf7\x16\x17\x17\x0fljj2\x81P\
\xdb\x8d\x1a5\xea\xbda\xc3\x86\x95w\xbe\x7f\xf7\xee\xdd\
\x03\x1a\x1b\x1b\xfb<O\xa8\xab\xab\x1bhn\xe2\x90\xd4\
\xd4\xd4m\xc9\xc9\xc9]N\x1a\xf9\xf9\xf9j\xfd\xfa\xf5\
=\x86w\x221b\xc4\x88\xedmmme\xed\xef\xbb\
\xe5\x96[\x92\x86\x0d\x1b6\xbc\xad\xad-C\xbc-\xcb\
\xba\x99p\xb6\xa9\xb6\xd2,\x22\xbbL\xd12\xa5\xd4\x06\
\xab\xa5\x8e\xf9\xefj\xad\xb5\x09\xa0\x00\x00\x00\x00\x00\x00\
\x00\x88q\x04L\x10\xb1y\xf3\xe6\xa9\x17_|\xf1\xff\
L5\x08\xbb\xb7\x9d\x99\x99Y>z\xf4h\xf3\xc1\xb4\
\xe3\xae\xbd\xf6\xda\xeae\xcb\x96\xfd\xbd\xbe\xbe\xfe\xd4\xcd\
\x9b7\x8fv\xe29\xcc\x22UII\xc9\xa2\x9bo\xbe\
\xf9_W_}u\x87\xc5\x84X\xa2\x94*\x10\x11\x13\
\x94\x99\x22\x22\xfbY\x8b\x0a&T\x12\xd5\xea\x00\xbd\xb5\
V\x1a1b\xc4\x9b\x9d\xef/--M\xad\xa8\xa8\x18\
\xbc7\xe4\xe0\x95 \x82W\xa5\xa7\xa7\x9b\x16\x04%\x91\
n\xe7\x96[nI\x0e\x04\x02\x07&%9_\xc8\xc6\
\x89\x00\x8b\x97M\x9c8\xf1C\xbf\xdfoK\xc0\xc4\xef\
\xf7O+))1\xc7\xb5\x13TS\xd3\xff\x8aH\xc4\
\xfb\xb17f\xcc\x98\xe5\x13'N|\xfc\xe8\xa3\x8f\xb6\
\xad%\xda\xf5\xd7_\xaf\xe6\xcc\x993\xe8\x8d7\xde\xc8\
\x14\x07\x04\x02\x81\xb2K.\xb9\xa4Ku\x8cH\x9dv\
\xdai\xd57\xddt\xd3n\x89\xb2\xa6\xa6\xa6\x01\xcb\x96\
-;\xc8\xaad!o\xbd\xf5V\xc4U\x89\xdc4k\
\xd6\xac\xbf\x8d\x193f\xd5i\xa7\x9d\xd6\xe1$w\xd3\
M7e\xadX\xb1\xe2\xe4-[\xb6\x84\x0c\x89\xe4\xe4\
\xe4\xac7\x95\xe1:\xdf?z\xf4\xe8\xa2\x0f?\xfc0\
\xdf\x891\xa7\xa7\xa7\xbf\x99\x95\x95U\xdb\xf9\xfe\xba\xba\
\xba!\xcd\xcd\xcd\x9e\x0bO\x14\x14\x14\x94\x0f\x1a4\xa8\
Ck\xa53\xcf<\xd37l\xd8\xb0\xd1k\xd7:\xd3\
Iq\xc4\x88\x11\xebrss;\x84/\xb6m\xdb\x96\
V]]m\x82d\xb1\xf6^\xcd\xb4@\x1cm\xdd\x16\
\x9a\xc3\xd0\x84ML\x113\xa5\xd4gV\x85\x13\xf3\xb3\
\xae\xef\xae\x15\x11\x00\x00\x00\x00\x00\x00\x00\xef\x8b\xb5\x0f\
-\xe1A\xb3g\xcfN\xfa\xf5\xaf\x7fm\xc2\x05\xb6\xaf\
\x1c'''WdeeE%`b,\x5c\xb8p\
Evv\xf6S\x9b7o\xbe\xdc\xa9\xe7\xf8\xf8\xe3\x8f\
\xbf,\x22O\x8b\xc8\xcb\x12C\x94REVu\x92I\
\x22r\xb0U\xadd\x9a\xb5\x98\xe09>\x9f\xafv\xd4\
\xa8Qow\xbe\xbf\xb5\xb5u`ccc\x8e;\xa3\
\x8a=fa0%%eE\xa4\xdbY\xb7n]J\
0\x18\xfcR0\x18\xf4\xd932\xec5f\xcc\x98\xb7\
\xf2\xf3\xf3m\xa9\x0e\xd1\xdc\xdc<\xb2\xbc\xbc<\xcf\x8e\
m%\xb2\xb4\xb4\xb4\xdd\xc7\x1cs\xcc\xaf\xfe\xf8\xc7?\
~l\xe7v+++}J\xa9i\xbd\xb5\x05\xe9\xaf\
\x8c\x8c\x8c.m:\xec2~\xfc\xf8W\x8b\x8b\x8b\xf7\
\xab\xaf\xafw$\xc8\xe0t\xf0\xcc\xedpI~~\xfe\
\xb61c\xc6\x5c\xd3]\x98l\xf7\xee\xdd\x87\xed\xd9\xb3\
\xe7\x98\xde\xb61t\xe8\xd0\x0d>\x9f\xafK\xc0d\xd4\
\xa8QY\xaf\xbd\xf6\x9a\xd8\xcd\x84zV\xae\x5c\xb9\xf5\
\xde{\xef\xed\xd0\x22\xea\x96[nI\xc9\xcd\xcd5\xad\
_<UB,%%\xa5u\xc0\x80\x01;\xaf\xb9\xe6\
\x9a\x0e\xbfl\xa5Tnzz\xfa\x17A%'\x0c\x1a\
4h\xd5~\xfb\xed\xd7\xa1-OqqqZ}}\
\xfd\xe88\x08L\x9a\x10\xd1D\xebf^\xa3\xe6\x1cc\
\xe6\xf5k\x95R\xabM+\x1d\xd3\xd9\xca\x84P\xb4\xd6\
\xee\x95\x9b\x02\x00\x00\x00\x00\x00\x00\x106\x02&\x88\xc8\
\xfd\xf7\xdf\xafZ[[\x87'''K[[\x9b\xed\
\xdbonn\xae\xfc\xd5\xaf~\x15\xb5\xab\x9e/\xbf\xfc\
\xf2\xea\xcb.\xbb\xec\xb5\xbc\xbc\xbc\xef\xd4\xd4\xd48R\
\x0a\xbd\xa4\xa4d\xd0\xacY\xb3\xe6>\xfe\xf8\xe3\xaf\x9f\
~\xfa\xe9\x1d\xae\x92\xf5\x1a\xa5\x94Y\x08\xdcGD\xa6\
\x9bb5\xa6\xd3\x81\x15,\xb1\xbdZ\x8d\xddrrr\
\x9a\xae\xbd\xf6\xda.Ub\x92\x93\x93'\xf8|>G\
\xae\xfe\x8fG\xa9\xa9\xa9e#G\x8e\x5c\x19\xe9vV\
\xacXa\xfe\xde\x1c\x10\x08\x04\x08\x988p\xf5\xfb%\
\x97\x5c\xd2a\x01\xb7?^x\xe1\x05\xb3\xd8[h\xcf\
\xa8\x12\xdb\xd1G\x1f}\xef\x82\x05\x0b\xfen\xf7v}\
>_\xf2\xf6\xed\xdb\xa7h\xad\x1d9\x8e\x0a\x0a\x0a\xaa\
\xc5!\x8b\x16-zx\xd5\xaaU\xa7\xd4\xd7\xd7\x9bv\
j\xe8\x83\xac\xac\xac\xba\xaf\x7f\xfd\xeb\xbf\xfc\xfd\xef\x7f\
o\xda\x8dt\xf0\xec\xb3\xcff\xae[\xb7\xee\xab{\xf6\
\xec\x19\xd7[\xd8c\xc2\x84\x09\x9b\x92\x92\x92L\x0b\x93\
\xffz\xea\xa9\xa7\x92\x9b\x9b\x9b\x0781\xee\xec\xec\xec\
\xb6\x95+Wvy\xad\xd6\xd7\xd7\x17644\x8c\x12\
\x8f1\xadq\x82\xc1`\x97\x90CQQQQqq\
\xf1\x81N=\xef\x80\x01\x03J\xbf\xf3\x9d\xef\xb4\xb6\xbf\
/;;;Mk=\x5c\xe2O\xb6)\xc6c\xdd\x8c\
R\xab\xaa\xc9j+pb\xca\xc4l\x13\x91\x9dZk\
O\xcf\x91\x01\x00\x00\x00\x00\x00\x80DE\xc0\x04\x11\xd9\
\xbcysJ \x10\xd8\xdf\x89\xab\xa9\xcdbH0\x18\
tl\xb1\xab'#G\x8e\x5cu\xc8!\x87<\xff\xe2\
\x8b/\x9e\xed\xd4s\x94\x97\x97\x1fUVV\xf6\x92\x88\
,\x13oV*\x19f.8\x17\x91\xfdE\xe4(\xab\
\x0dN\xcc\xf0\xf9|fAnOw_\xdb\xbe}\xfb\
\xc4\xe6\xe6fG\xc2C\xf1\xa8\xb0\xb0p\xe7\xf4\xe9\xd3\
#\x0e\x98X\x8b\x8c\xe6\x0af\xe7{\xe4$\x90\xe1\xc3\
\x87o\xd9\xb1cG\x87\x85\xc9\xfe*)))\xa8\xab\
\xab\x1bj\xc7\xb6\x12\xd9~\xfb\xed\xf7\xe2\xb9\xe7\x9e\xfb\
\xfb\x13O<\xb1\xca\xeem\x0f\x180 \xf5\xbd\xf7\xde\
\x9b\xe4D%\xa0\xb4\xb4\xb4\xa6\x94\x94\x94\x0aq\xc8\xe2\
\xc5\x8bK^|\xf1\xc5\x15\xdb\xb6m\x9b\xe6\xf7\xfbS\
\x9dz\x9ex\x93\x9c\x9c\xec?\xf4\xd0C\x1f\xfe\xfd\xef\
\x7f\xff\xfb\xee\xbe\xfe\xfa\xeb\xaf/\xda\xb8q\xe3!\xbd\
mG)\xd5\xd2\xd8\xd8\xb8\xf5\xe6\x9bo\xee\x10F[\
\xbbv\xed\xe0\x8a\x8a\x0aG\xdab\x15\x14\x14\x94%'\
'w\xa9\x98\xf2\xe6\x9bo\x8e\xdc\xb3g\x8f\xa9\x80\xe6\
)\xf9\xf9\xf9\xa5\xad\xad\xad]\xaa\xf8dee\xe5/\
]\xbat\x8e\x13\xcf\x99\x93\x93\xd3Z__\xdf\xa5\x02\
UYYYzSS\x93#\xed\x1a=f\xa8u\xfb\
\x92\xf5\xef\xad\x22\xf2\xa1\x88,\xb7Z\xea\x14\x9b\x10\x0a\
\xd5M\x00\x00\x00\x00\x00\x00\x00\xef `\x82\x88\xac^\
\xbd:\xa5\xb1\xb1q?'\x02&\xd9\xd9\xd9f\x11\xc4\
\xf6\x05\xba\xde\xfc\xe0\x07?\xd8Y[[\xfb\xf0?\xff\
\xf9\xcfS[[[\xd3\x9cx\x0e\xb3P\xb1\xef\xbe\xfb\
\x1e\xea\x85\x80\x89R\xca,\xf8\xe7Y\x95\x0b\xc6Z\x81\
\x12S\xc6|\xaa\xc4\xa8\xec\xec\xec\xaa\x9c\x9c\x9cw\xbb\
\xfb\xda\xda\xb5k\xc7766\x9a+h\xd1\x0b\xa5\x94\
\x1e8p\xe0\xa6k\xaf\xbd\xb6\xdc\xa6MR\xbd\xc4F\
J\xa9\xe0A\x07\x1dt\xd7\xea\xd5\xab\xbb\xb4\xcc\xe8\x8f\
%K\x96\x8c.--\x1db\xc7\xb6\x12\xd5\x94)S\
V|\xff\xfb\xdf\xff\xee\x89'\x9e\xd8\xa1\xdd\x85]2\
222\xfc~\xbf\x09j\xd9.''\xa7z\xc2\x84\
\x09\x8eV\x0c[\xb8p\xe1\xa3\x1b6l8`\xeb\xd6\
\xad\x93\x9d|\x9e8\x12\x1c1b\xc4\x92\x93O>\xf9\
\x8a\xee\xbex\xd4QG\x0d\x5c\xb3f\xcd\xb7KJJ\
L 4\xa4\xec\xec\xec\xddUUU]\xe6T\x9f|\
\xf2\xc9\xd8\xe2\xe2b\xd3\xfe\xcev\x05\x05\x05\x1b\xd3\xd3\
\xd3\xbbT\xa1HOO\x1f\xd1\xd0\xd0`\xaa\xa3y\xca\
\x84\x09\x13\x8a\xf7\xec\xd9\xd3%\xd8\xdc\xdc\xdc\x9c\xe7\xf7\
\xfb\x1d\x09\xa6\x8e\x1d;vcii\xe9\xe6\xce\xf7W\
TT\xa4\x05\x02\x81D\x08\x98t6\xda\xba\x9df\xfd\
{\x89\x88\xfc[)e\xda\x8d\xad7\x9d\xc2LW(\
\xaa\x9b\x00\x00\x00\x00\x00\x00\x00\xee\xe1JrDd\xd0\
\xa0A\xa9555\xe6\xcaW\xdb\x03&999\x15\
c\xc6\x8c\xf9\x5c\x5cPXX\xb8\xee\xc0\x03\x0f|\xc3\
\xa9\xed\x07\x02\x81\xb4\xed\xdb\xb7/z\xfc\xf1\xc7]Y\
\xccU\xff\x91\xad\x94\x1aa\x85I~$\x22O\x88\xc8\
k\xa6SP\x8c\x85KL\xf5\x86:\xb3\xe0`\x8a0\
\x98b\x19\xa9\xa9\xa9\xcf\x8c\x193\xa6\xdb\xf6\x14uu\
u\xe3\x82\xc1 -r\xc20`\xc0\x80\x8a\xb1c\xc7\
~dWU\x19\x9f\xcf\x17q\x1b\x17\xfc\x8f\xcf\xe7k\
\x1d=z\xf4+\xd3\xa7O\xb7e\xa1-99y\x84\
\xdf\xef\x1fd\xc7\xb6\x12Qzz\xfa\x9e\xc5\x8b\x17_\
|\xee\xb9\xe7\x9a\xf3\x90#\x0a\x0a\x0a2\xca\xcb\xcb\x1d\
\x09\x03\xa4\xa4\xa4\xd4\xd4\xd5\xd59\x1a0\xc9\xcd\xcd}\
k\xf8\xf0\xe1\x1f&%%q.\x08CQQ\xd1\xc6\
\x05\x0b\x16\xdcz\xdey\xe7u\xa9pa\xf8\xfd\xfe\xe3\
M\xae\xc9t\x9d\xb1\xfe\x16\xea\x9e\xb65q\xe2\xc4\x15\
+W\xae\xf4w\xbe?55uhuu\xb5#\xed\
jF\x8c\x18\xb1y\xec\xd8\xb1\x1dZ\xf2\x18\xe3\xc7\x8f\
\x1f\xb6c\xc7\x0eG\xda\xf2D\xc2\xef\xf7\x17+\xa5j\
\xda\xdfw\xeb\xad\xb7\xaa\xaa\xaa\xaa\x91Z\xf7\xb8k#\
\x92\x9a\x9a\xba\xa2\xb0\xb0pG7cI\xab\xa8\xa8 \
\xf0'2_D~,\x22O[s\xd4\xdf\x99\xf0\x89\
Rj\xbaRj\xb0R*\xc7Lh\xdd\x1e$\x00\x00\
\x00\x00\x00\x00\x90H\xa8`\x82\x88h\xad\xb3\xb7m\xdb\
6\xdc\x89\x0a&999;\xc6\x8c\x19\xb3E\x5cp\
\xf1\xc5\x17oOKK\xbb\xfd\xed\xb7\xdf>Jk\xed\
H\x10\xeb\xddw\xdf=6++\xeb;J\xa9\x9f\x9d\
v\xdai\xce\xac\x5c\xb4c}\x00o\xda\x12dX\xed\
o\xfeODN\xb4\xda\xe0\xc4\x02\xb3\x8f\xcc\xa2d[\
\xbb\xff\x96\x9aB:\x22\xb2FDVY\xff\xbf\xa9\xbc\
\xbc\xbc\xcb\x82\xd6^\xa5\xa5\xa5\xe3\x9b\x9b\x9b\x09\xd7\x85\
a\xce\x9c9o\x9dx\xe2\x89O\xd9\xb1\xadQ\xa3F\
\x05\xb5\xd6\xdb\xb6n\xdd:\xd0\x89\xf3E\x22V\x97\x19\
4h\xd0\xa6\xbc\xbc\xbc=?\xfd\xe9O\x83vl\xb3\
\xa4\xa4d\xe4\xae]\xbbL\x8b,\xf4\x91\xcf\xe7k\x9c\
={\xf65\xc1`\xd0\x5ce\xef\x98w\xdey's\
\xcf\x9e=\xa3\x9cX\xec\xce\xcc\xcc\xac\xca\xce\xce\xb6\xab\
ZQ\xb7.\xbd\xf4\xd2\xb65k\xd6<\xbfe\xcb\x96\
\x85\xa5\xa5\xa5\x9e\xab`\xe1%\xb9\xb9\xb9{\xbe\xf2\x95\
\xaf<x\xdf}\xf7\x99vz\xddz\xe7\x9dw>m\
kk\xbbMD\xf6\xb1n\xa6\xf2\xc3`3\x85\xb2\xe6\
\xf8IV\xe5\xa8\xe4I\x93&\xbd\x96\x96\x96\xd6\xa5\xda\
Q]]\xdd\xc0\xaa\xaa*S\xc5\xccv\x19\x19\x19[\
\xb2\xb2\xb2:\x04\xe0\x1e}\xf4QUWW\xe7Hu\
\xb8H\xcd\x9a5\xabx\xfa\xf4\xe9&\xb0\xfa_\x9b6\
m\xca.--\x1d\xe9\xd4s\xce\x9b7\xef\xb3C\x0f\
=\xb4K\xc0\xe4\xf4\xd3OO\xfb\xf9\xcf\x7f\x9e\xe5\xd4\
\xf3\xc6(\xf3\xda>\xd9\xba\x99\xdf\x939\xdf\x9a0\xf8\
?\x94R\xa6\x0a\x8c\x99\xfb\xf9\xb5\xd6f~\x08\x00\x00\
\x00\x00\x00\x00\xc0!\x04L\x10\x91\xc9\x93'\xe7\xfe\xed\
o\x7f3\xbd\xd3m\xd7\xd6\xd6V\xda\xd8\xd8hz\xb1\
\xbb\xa2\xbc\xbc|gaa\xe1\xd6={\xf6\x98\xb61\
\xb6kmmM*//\x9f\xe7\xf3\xf9L\xd9\xf5\x0e\
W\xcc:\x10,17\xf3s|MDN\x12\x91\x99\
\x22\xe2\xc9\x05\x9ev\xcc\x0a\xea\xdeU\xd4V+L\xb2\
\xd2\x0a\x92\x98\xffn4\xe5\xd2\xb5\xd6\xe6\xca\xed\xb0\xe5\
\xe6\xe6\xea\xa6\xa6&gF\x1cg\x01\x86\xcc\xcc\xcc\x95\
\xc7\x1f\x7f|\x87\xc5\xb6\xfe\xda\x7f\xff\xfd\xcd\xa2\xcf;\
%%%\xfb\xb5\xb5\xb5\x11\xf0\x89Prr\xb2\x7f\xca\
\x94)\x1f)\xa5l\xab8\x91\x9f\x9f?\xac\xa5\xa5\xc5\
\xb4\xcaB\x1f\xa4\xa6\xa6VM\x9c8\xf1r\xa5\xd4#\
\x17]t\x919W9\xe2\x91G\x1eQ\xb3f\xcd*\
z\xe0\x81\x07\x1c\xd9~FFFEee\xe5.q\
\xd8\x9f\xff\xfc\xe7\xe7\xbf\xf6\xb5\xaf\x1d\xf6\xcc3\xcf|\
\x9f\xb0Y\xf7RRR\xea\x8f<\xf2\xc8\xdf\xddw\xdf\
}\xb7\x84z\x9c\xdf\xef_\xd6\xbe\xd5\x9eR\xca\xcc\xeb\
\x87Xa\x13S\x89l\x9c\x88\xec+\x22ssrr\
>\xcc\xc8\xc8\xe8R\xedh\xc0\x80\x01\x83\xfd~\xbf\x09\
\x9f\xda\xae\xa9\xa9i\x9b\xa9\xb4\xd4\xfe\xbe\x8f?\xfe\xb8\
\xa0\xa4\xa4\xc4\x93U\xd2*++\xb7w>\x86\xfd~\
\x7fvkk\xebp\xa7\x9e\xb3\xa4\xa4d\xcfi\xa7\x9d\
\xd6%\x10\xd1\xdc\xdc\xec\xf59\x9a\xdbL\x88j\x91u\
\xbb\xc6\x9a\x1b\xbe-\x22/[\xedt\xcc\xdcE\x1bn\
\x0f\x14\x00\x00\x00\x00\x00\x00\x887\x04L\xd0o\xa7\x9c\
rJRSSS\xc1\x9e={\x06;\xb1H4b\
\xc4\x88\xdd3g\xce\xac\x12\x97\x14\x15\x15U\xcd\x9c9\
\xf3\xdd7\xdex\xc3\x91\x80\x89\xb1a\xc3\x86y\xef\xbd\
\xf7\xde\xa9\xa7\x9cr\xca\x9f\x9d\xd8\xbe)\x1f.\x22\xa6\
\x84\xfeqV\xa5\x92\x82vW5{Y\x85\xb5X\xf0\
\x91\x15&Yo\xb5\xbf1A\x9c\xe0\xde\x9b\xd6\xbaO\
\x95\x1b\xae\xbb\xee\xbaq\xd6\xa2\x04zq\xe0\x81\x07\xbe\
5{\xf6\xec\xe7\xed\xda\xde\xd0\xa1C[\x83\xc1\xe0\xcb\
III\x17\x99\xf5S\xbb\xb6\x9b\xc8\x153\x8e=\xf6\
\xd8\x9b\x94R]Z^\xf4\xd7\xa7\x9f~:\xca\xef\xf7\
\xb3\xe0\xdf\x07iii\xd53g\xce\xfcFcc\xe3\
\xab\xef\xbe\xfb\xaec\xe1\x12\xe3\xe1\x87\x1f\xcenii\
9\xd8\xa9\xed\x0f\x1d:\xb4l\xee\xdc\xb9&\xc8\xe7\xb8\
\x85\x0b\x17\xfe\xed\xb3\xcf>;\xf4\xf3\xcf?\x9f\x15\x8d\
\xe7\x8b%\xe9\xe9\xe95\xfb\xef\xbf\xffM\xf3\xe6\xcd\xbb\
\xa3\xaf\xdfk*7(\xa5L5\x0c\xf3{|\xa7]\
\x05\x13S\x09\xa3\xeaW\xbf\xfaU\x87\xd6D_\xfb\xda\
\xd7RW\xaf^m\xe6\x09\xb6\xcb\xcc\xccl\x9b8q\
bE^^^\x87sTkk\xeb\xf8@ 0Y\
<())\xa9\xb6\xf3}\xe5\xe5\xe5\x03jjj&\
9\xf1|\xe9\xe9\xe9\xcd\xf3\xe7\xcf\xdf\xd3\xf9\xfe\x1f\xfe\
\xf0\x87\x99;v\xec\x98\xeb\xc4s\xc6)\x13\xc61\xe7\
\x92\x19\x22r\x91\x15@~ED\xfe\xa9\x94Z\xa2\xb5\
\xb6%(\x0b\x00\x00\x00\x00\x00\x00\xe0?\x08\x98\xa0\xdf\
\xa6M\x9b\x96\x5c[[;\xf4\xe5\x97_vdA2\
\x10\x08\x94\xb7\xb6\xb6\xf6\xa9:\x85\x9d\xb2\xb3\xb3+\x0f\
=\xf4\xd0'\xdfx\xe3\x8d\xb3\x9dz\x8e\xaa\xaa\xaa\x81\
\x1f\x7f\xfc\xb1\xb9\xfa\xd2\xb6\x80\x89R\xca,$-\xb4\
*\x95\x98m\x0f\xb6\xda\xe2xuQ\xbfADLi\
\xf3\x15\x22\xf2\xa1\xd5\xe6f\xbb\xd9=V\xe5\x12sk\
\xebk\x98\xa4;\xcd\xcd\xcds\x83\xc1 \x01\x93\xde\x05\
\xc6\x8f\x1f\xff\xf7\xa9S\xa7\x9a\xd6C\xb6\xf8\xf5\xaf\x7f\
\x1d\xb8\xec\xb2\xcb\xdeKII\xf1\xb7\xb6\xb6\x9a\xd7#\
\xfa)==\xbd\xf1\xcc3\xcf\xbcJD\x8a\x7f\xf0\x83\
\x1f\xd8ru\xf6\xbd\xf7\xde\x9b\x9c\x9f\x9f\xcf\xb1\xd1\x07\
\xa9\xa9\xa9\x0dG\x1f}\xf4\xb7\xcb\xca\xca\xfe\xf9\xd9g\
\x9f\xd9\x16\xf4\xe9I[[[frr\xf2|\xa7\xb6\
\x9f\x92\x92\xb2\xeb\xbb\xdf\xfd\xae\xe3?\x87\xb1p\xe1\xc2\
\xf7W\xadZ\xf5\xf4\xe7\x9f\x7f\xbe\x9fUa\x0b\xff\xa9\
\x22S\x7f\xe0\x81\x07^3u\xea\xd4\xbf\x5cq\xc5\x15\
\xfd\xfa]X\x15\x1b\x02\x9d\x8b\x89t\xf7\xd8i\xd3\xa6\
\x15\x96\x96\x96:R\xb5Hk]\xd3\xda\xdaZv\xed\
\xb5\xd7v\x18\xcb+\xaf\xbc2\xae\xae\xae\xce\x91\xc0F\
$\x86\x0e\x1d*+V\xac\xe8\xb2\x9f\xca\xca\xca\x064\
55Mt\xe29\xf3\xf3\xf3w\xd5\xd6\xd6v\xa9B\
e*I\xf9\xfd\xfeyN<g\x1cK\xb2n)\xed\
\xaa\xf7\x9cg2BJ\xa97E\xe4q\x13Z\xd6Z\
\xf7\xd8B\x11\x00\x00\x00\x00\x00\x00@x\xbc^\xc5\x00\
\x1e\xf6\xd9g\x9fe\xad[\xb7\xee@'\xb6\x9d\x92\x92\
\x22YYY\xe57\xdcp\x83k\xa5\xad\xcf:\xeb\xac\
\xb6\x8c\x8c\x8cOF\x8f\x1e\xbd\xda\xb4\x0bq\xe29\xb4\
\xd6IUUU\xfb\xfe\xe2\x17\xbf\x98\x13\xe9\xb6\x94R\
\x07+\xa5\xfeh]\xb5|\x9f\x88|\xc3*\x93\x9f\xeb\
\xb1pI\xb1\x88\xbc&\x22?\x13\x91\xd3D\xc4\x5c\x91\
\xff\x15\x11\xb9LD\xee7%\xce\xb5\xd6\x9b\xb4\xd6\x95\
\xa6\xfd\x8d\xd6\xba\xd5\x8ep\x89\xf1\xe1\x87\x1f\x1eT[\
[\xcb\x22z/\x0e=\xf4\xd0\x07\x17-Z\xf4\xe7\x93\
N:\xa9\xf3\x22eD\xb6m\xdb\xd6\xb2`\xc1\x82\xfb\
\xd3\xd2\xd2X\xe0\xe9'S\xb1d\xde\xbcyO\x9ev\
\xdai\x0f_z\xe9\xa5\xb6\x9d\x97>\xf9\xe4\x93\x99\x95\
\x95\x95\x8e\xb5\x81\x887\x13&LXu\xf9\xe5\x97\x9f\
\xaa\x94z\xf1\xc3\x0f?\x8cJ(\xe3\xd0C\x0f\xcd\xf9\
\xf0\xc3\x0f\x8fpj\xfb\xa9\xa9\xa9\x8e\xb5j\xebl\xce\
\x9c9\xfe\xaf~\xf5\xab\x7f<\xe9\xa4\x93\xee\x8e\xd6s\
z]ff\xa6\x1c\x7f\xfc\xf1\xd7\x1fx\xe0\x81\xf7\xff\
\xeew\xbfk\x8c\xc6s~\xf6\xd9g\x13+**\xcc\
B\xbc\xed\x06\x0c\x18P\x93\x9a\x9aZ\xde\xf9\xfe!C\
\x86\x14UVVz\xae\x15W~~\xbei!\xd4\xa5\
\x9a\xc8\xfe\xfb\xef?p\xf3\xe6\xcd\x83\x9cx\xce\xf4\xf4\
\xf4\x12\x9f\xcfW\xd9\xf9\xfe\xd7^{m\xf0\xf2\xe5\xcb\
\xbf\xe4\xc4s&\x08\x13Z\xcb\x14\x91B\xabE\x94\x99\
\x0f?j\xe6\x97J\xa9;\x94R_UJ\x11t\x05\
\x00\x00\x00\x00\x00\x00\xfa\x89\x0a&\xe8\xb7m\xdb\xb6e\
\xa5\xa4\xa4\x98J\x19\xb6\xcb\xce\xce\xae\xde\xb9s\xa7i\
\x93\xe2\xaa}\xf6\xd9\xa7\xfc\xf2\xcb/\xff\xd1%\x97\x5c\
\xf2\xb2S\xcf\xb1y\xf3\xe6I\xef\xbf\xff\xfe\xd7\xcc\x1a\
o_\xbfW)e\xf6\xffaVH\xc3,\x12\x99\x05\
b/}h^g\xb5\xb7Yf:p\x88\xc8&\xab\
t\x7f\xbdU\xa1\xa4Nkmk\x88!\x94\xca\xca\xca\
\x09~\xbf\xdfK\xfb\xc7s\x16.\x5c\xf8\xf4\xa2E\x8b\
n>\xf7\xdcsm_l\xce\xc9\xc9\x91\x81\x03\x07>\
\xfd\xc1\x07\x1f\x9c\xde\xd2\xd2\x92n\xf7\xf6\x13\xc1\xacY\
\xb3^\xbf\xec\xb2\xcb~z\xe4\x91G\x9a\xca?\xb6\xd9\
\xb9s\xe7\x9c\xe6\xe6\xe6Qvn3\x1e%%%\x99\
\xdf\xc1C\x8b\x16-\xba\xb5\xb0\xb0\xf0\xf3\xe7\x9e{\xce\
\x96\xf0[8\x0a\x0b\x0b\x93\x1a\x1a\x1a\xcc\xa2\xa9\xed&\
M\x9aT\x5cPP\xb0A\xa2\xe8\xe8\xa3\x8f\xae^\xb5\
j\xd5\xcd\xeb\xd6\xadK]\xbbv\xed\xb7$\x81ee\
e\xad\xfe\xc67\xbeq\xeb\x8c\x193^\xb8\xf0\xc2\x0b\
\xa3V\xb9m\xe7\xce\x9d\x93\x9a\x9a\x9aL\x10\xd5v\x85\
\x85\x85\xc5\xcb\x97/\xef\x12&LMM\xcdv\xa2\xad\
b\xa4F\x8d\x1a\xb5\xa4\xa8\xa8\xa8K\xd8\xa3\xa0\xa0 \
\xa3\xb5\xb5\xd5\xe7\xd0sn\xaa\xae\xae\xae\xee|\x7f^\
^^\xd6\xa7\x9f~:\xd4\x89\xe7LP\x99\xd6m\xb8\
U\xdd\xc4T\xf8[\xac\x942U\xf3\xde\x10\x91\xb7\xa8\
l\x02\x00\x00\x00\x00\x00\x00\x84\x8f\x80\x09\xfam\xca\x94\
)\x19/\xbc\xf0\xc2t'\xb6=a\xc2\x84\xf5\xb3g\
\xcf6=\xd4]u\xe2\x89'\x06^{\xed\xb5\x7f\x8f\
\x1b7n\xc9\x96-[\xe6\x9a\x8a#v?Gss\
s\xc6\xf6\xed\xdb\xc3n{\xa0\x94\x1a)\x22\xe6*\xf6\
#Ed\xba\xf5\x81y\xbex\xc3N\x11Yk\xb5\xbb\
1\xadn\xb6\x98\x5c\x87\x88\x98\xb0P\x85\xd6:*W\
\xfaw\xe7\xdak\xaf\xcd\xa8\xad\xad-t\xe2w\x18/\
\xf6\xdf\x7f\xff\xe7\xbf\xfb\xdd\xef\xdex\xc6\x19g\x98\x96\
E\xb6\xbb\xef\xbe\xfb\xf4w\xbe\xf3\x9dO\xb2\xb3\xb37\
\xd6\xd5\xd5\x99\xd6M\xe8\x83i\xd3\xa6\xbd\xf7\xd3\x9f\xfe\
\xf4\x87'\x9cp\xc2\x0e\xbb\xb7\xbdc\xc7\x8e\xfdw\xef\
\xde]d\xf7v\xe3Iaaa\xc5\xc2\x85\x0bo\x1e\
3f\xcc\xb3\xb7\xddv\x9bi\xe3\x155\xb7\xdezk\
\xd2\xce\x9d;\xc7;\xb5}\x9f\xcf\xb7\xba\xb2\xb2\xd2\xb6\
\x96X\xe1\xba\xfc\xf2\xcbK\xb6l\xd9r\xd3\xec\xd9\xb3\
\xd3\x1e}\xf4\xd1\xb3$\x01\x9dr\xca)Om\xdb\xb6\
\xed\x0f\x83\x07\x0f~\xef\xc2\x0b/\x8cZ\xe0\xd2\x08\x06\
\x83\xfbTTT\x98*g\xb6\x9b:u\xea\xbbII\
I-\x9d\xef\x0f\x04\x02^\x99\xaft0v\xec\xd8O\
F\x8d\x1ae\x82\xaf\xff\xf5\xa3\x1f\xfd(y\xe5\xca\x95\
\xc3\x9cz\xce\xe1\xc3\x87\x7f>`\xc0\x80.-r\xb2\
\xb2\xb2\x86\x06\x02\x01\xcf\x85p\xe2,lb\xe6\xd2s\
\xcdT_D\xb6*\xa5\x96\x88\xc8\x0bZk\xf3_\x00\
\x00\x00\x00\x00\x00\x00!\x100A\xbf\x0d\x1f><\xbb\
\xba\xba\xda\x91*\x04EEEk\xa7L\x99\x12\xf5\xc5\
\xae\xeeTUU\xb5\x9e{\xee\xb9\x7f\xbc\xe5\x96[\xee\
lnn\xcer\xe29JJJ&]w\xddu'\
\xdep\xc3\x0d\x7f\xeb\xee\xeb\xc9\xc9\xc9C\x83\xc1\xe0\x02\
\xad\xf5\x02+TbJ~\xbb\xdd\xce\xa2\xd9\x0a\x90\x98\
\xab\xdeWY\x95JvZ\x15Jvh\xad;,\xd4\
\xb8\xad\xa1\xa1ahKK\x8b\x09\x98\xb8=\x14O:\
\xf0\xc0\x03_;\xe0\x80\x03\xae?\xe3\x8c3>s\xf2\
y\xee\xb9\xe7\x9e\xa6_\xfe\xf2\x97?\xfe\xc5/~\xf1\
\xcc\xee\xdd\xbb\x09\x99\x84i\xfc\xf8\xf1+\xce=\xf7\xdc\
+O:\xe9$\x13\xe0\xb2]cc\xe3\xa0\xe6\xe6f\
G\xae\xd2\x8fuJ)\x13\xa8|m\xdc\xb8q\x7f\x19\
>|\xf8sw\xdcqGk\xb4\xc7\xf0\xf9\xe7\x9f\xe7\
\xd4\xd7\xd7\xcfsj\xfb\x13&L\xf8\xec\xb8\xe3\x8e\xdb\
&.\xb8\xf3\xce;\xb7<\xfc\xf0\xc37,_\xbe<\
c\xf5\xea\xd5'K\x82HJJ\x0aL\x9e<\xf9\xd6\
\x83\x0f>\xf8\xbe\xc5\x8b\x17;\x12\xea\xeb\x8d\xcf\xe7+\
hnv\xa6pCff\xe6\xfb\x9d\xdb\xa1\xfd\xf2\x97\
\xbf\xcc\xcd\xc8\xc80\x0b\xfb\x9e\x92\x9e\x9e.iii\
;\xaf\xba\xea\xaa\xb6\xf6\xf7WWW\x17466:\
\xd2B\xc8\xc8\xcb\xcb[u\xd3M75\xb5\xbf\xef{\
\xdf\xfb^FNN\x8eca2t`\x82&\x13\xad\
\xdb!\x22r\x94Rj\x95UQ\xf0\x0d\xad\xb5'\xde\
\x87\x00\x00\x00\x00\x00\x00\x00^C\xc0\x04\xfdr\xc5\x15\
W\xa4\xec\xda\xb5\xcb\x91\xb2\xea\x86\xcf\xe7\xdb\xbcx\xf1\
\xe2.e\xc3\xdd\xd0\xd6\xd6\xa6\xf7\xdbo\xbf\xe7\x07\x0e\
\x1cx\xa5\x09\x828Q\xda}\xf7\xee\xddC^x\xe1\
\x85o\xef\xbf\xff\xfe/\x1d{\xec\xb1\x1d\x168\x8c\xbc\
\xbc\xbcs\xea\xeb\xeb/lmm\x1d-\xee1\x81\x11\
\xb3\x00i\x16\xc2\xd6Z\xc1\x92\x92\xbd\xf7i\xad\xbb\x8c\
\xdbK\x0a\x0a\x0a\x86\x05\x02\x81<\xb7\xc7\xe1ES\xa7\
N}i\xc1\x82\x057\xdc~\xfb\xed\xcb\xa3\xf1|\x97\
_~\xf9{\xeb\xd6\xad\xfb\xc93\xcf<sSuu\
5m\x00z1c\xc6\x8c\xbf\x1fw\xdcq\xb7_v\
\xd9e\xef:\xb1\xfd\x1bn\xb8!\xd3\xef\xf7;\x12\x9e\
\x8b\xf5`IAA\xc1\xc7\xa6\xb2\xcf\xd4\xa9S_\xbc\
\xfd\xf6\xdbW\xba5\x96\xf4\xf4\xf4\xdc\x95+W\xcer\
j\xfb\xe3\xc6\x8d\xab8\xff\xfc\xf3\xa3\x1e\x9c\xd9\xeb\xec\
\xb3\xcf\xde\xf0\x8f\x7f\xfc\xe3j\xf3'w\xfd\xfa\xf5\xa7\
\xfa\xfd\xae\x15\xbb\x8a\x8a\x11#F\xbcu\xea\xa9\xa7>\
S^^~\xef\xe2\xc5\x8b;\x04\x0c\xa2\xe5'?\xf9\
I^}}\xbdcU\x8b\x02\x81\xc0\xaa;\xef\xbc\xb3\
\xc3\xbc\xa0\xbe\xbe^\xb7\xb4\xb4\x980j\xb1\x88\x98s\
\x7f\x9ax\x80\xcf\xe7\xab\xde\xbaukm\xe7\xfb\xfd~\
\xff\xe0`08\xd6\xa9\xe7}\xff\xfd\xf7\xbbT/\xc9\
\xce\xce\x1e\xd0\xdc\xdc\xec\xd8\xfc\x1a=J\xb3*\x9a\x98\
\x9b\x09\xba}\xac\x942\x7fs\x97\x9a\xc0\x89\xd6\xda\x84\
\xa7\x01\x00\x00\x00\x00\x00\x00\x100A\x7fm\xde\xbc9\
\xbf\xaa\xaa\xea`\xa7\xae$-//\xef\xf2\xa1\xbb[\
\xce<\xf3LS\xf2\xa2\xfa\xaf\x7f\xfd\xeb}\xcf?\xff\
\xfc\xb5MMM\xd9v?\x87i\xdbRVV6}\
\xed\xda\xb5\x0b\x8e=\xf6\xd8\xb7:\x7f}\xec\xd8\xb1\xc3\
7o\xde<\xba\xb55\xaa\xeb\x7f\xa6\xb5\xcdv\xabJ\
\xc9:+Pb\xfe\x7f\x93\xd6\xda\x95+\xdd#QR\
R2\xb1\xb9\xb9\xd9\x91\x8a;\xb1\xaa\xb0\xb0p\xeb\xb8\
q\xe3\x9e\x9e>}\xfa\x9fn\xbf\xfd\xf6M\xd1|\xee\
{\xef\xbd\xf7\xbe\xed\xdb\xb7\xfb?\xfa\xe8\xa3kkj\
j&D\xf3\xb9cEvvv\xf9\xf8\xf1\xe3\x1f?\
\xf2\xc8#\x7f\x7f\xf3\xcd7;\xd62l\xeb\xd6\xadS\
\x9b\x9a\x9ah\x8f\xd3\xce\xd0\xa1C7|\xe9K_\xfa\
GYY\xd9\x13/\xbf\xfc\xf2{n\x8f'+++\
w\xfb\xf6\xed\xe6*{\xdb\xe5\xe5\xe5\xb5\xee\xd8\xb1\xc3\
\xf5@\xe7\xa3\x8f>\xba\xee\x1b\xdf\xf8\xc6\xf7\x03\x81\xc0\
\xda@ p\xfa\x86\x0d\x1b&I\x9c\x191b\xc4\xb2\
q\xe3\xc6\xbd\x1c\x0c\x06\x9f\xf9\xd5\xaf~\x15\x95@_\
O\xd6\xaf_?\xbb\xa6\xa6\xc6\xf6\xea\x1cJ)\x9d\x9b\
\x9b\xdb\xb0}\xfb\xf6.U\xccJKK\xeb\xeb\xeb\xeb\
\x1f\x11\x11S)k\x84\x88\x8c1\x05t\xac\xff7\xad\
h\x06\x99\xe2.\x12e\xf9\xf9\xf9\xc5\xf9\xf9\xf9]\x8e\
\x81-[\xb6\x0c\xa9\xa8\xa8p\xe4\xef\xd3\xc4\x89\x13w\
6777t\xbe\xbf\xb1\xb1\xb1p\xe7\xce\x9d\xfcM\
t\x97i\x1bu\xb8u3\xa1\xea\x0f\x95R&h\xf2\
\x8ey\xedj\xad\xbb\xb4~\x02\x00\x00\x00\x00\x00\x00\x12\
\x09\x01\x13\xf4\xcb\xd6\xad[\x07466\x1e\xea\xc4\xb6\
\x07\x0d\x1aT\xd7\xd0\xd0P!\x1e3k\xd6\xac\xbb_\
{\xed\xb5\x8b\x9c\x08\x98\x18UUUC\x1e}\xf4\xd1\
\x0b.\xbb\xec\xb2.\x01\x93}\xf7\xdd\xf7\xad\x8a\x8a\x8a\
/WUU9v%\xad\x88\x98}\xbe\xcb\xaaJ\xf2\
\xb9\x15(1\x95JVh\xad\xf7H\x8c\xfb\xe0\x83\x0f\
\x0enii\xc9p{\x1c^\x90\x9c\x9c\xdc4|\xf8\
\xf0\x7f\xcd\x9e=\xfb\xb1g\x9f}\xf61\xb7\xc6\xf1\xcf\
\x7f\xfe\xf3\xe13\xcf<\xb3\xfe\xd3O?\xbdr\xdd\xba\
u\xf3\xdd\x1a\x87\xd7$''\xfbG\x8e\x1c\xb9r\xe8\
\xd0\xa1\x0fL\x980\xe1\xee\xdbn\xbb\xcd\xd1r\x0ee\
ee\xfb\xb7\xb4\xb4$|\xbb\xa2\xbc\xbc\xbc\xdd\x99\x99\
\x99\x1b\xc6\x8e\x1d\xbb2??\xff\x95G\x1f}\xf4y\
\xf1\x88\xd4\xd4\xd4\xa2\xc6\xc6FGZ\x8b\x8c\x1c9r\
{yy\xf9V\xf1\x80\x87\x1ez\xa8LD\xae?\xe7\
\x9cs>\xcd\xca\xca\xfa\xc6\xda\xb5k\x8fjii\x89\
\xe9\xea:\xc9\xc9\xc9&X\xb21??\xff\x9d\xfc\xfc\
\xfc\x07\xfe\xfd\xef\x7f\xbf-\x1e\xb0i\xd3\xa6\x03\xea\xea\
\xeal\x0f2$%%\x05'N\x9c\xf8qYYY\
\x97jow\xdf}\xb7\xb6\x16\xec\xff\xdb\x12H)e\
\xc2m\x93E\xc4T\xed\x18k\xddL\xf0d\x88\x158\
\xc9\x11\x87\x0d\x1a4h\xe3\xf4\xe9\xd3\xeb:\xdf\xbfa\
\xc3\x86a\x8d\x8d\x8d\x8eT\x8e\x1b9r\xe4\xbf\x0a\x0b\
\x0b\xbb\xccu\xb5\xd6\x03v\xef\xde\xed\xb96B\x09l\
\x9cu;\xd3\x14\x9d1\xads\x94R\xe6\xbf\x1b\xb4\xd6\
\x8e\x05?\x01\x00\x00\x00\x00\x00\x00/#`\x82~\xc9\
\xcf\xcfo\xf5\xf9|5Nl\xbb\xb0\xb0p\xf9\xb8q\
\xe3\xa2ZM!\x1cW\x5cqE\xed\x03\x0f<\xb0\xac\
\xba\xbazd \x10p\xe2\xd8Qiii\xdd\xb6\xdf\
\xc9\xc8\xc8hMNN\xb6\xb3\x05M\xc0jyc\x16\
7v\x98\xb5&\x111\xbd\xe6M\x0b\x88O\xb5\xd6\x8e\
\xfcn\xdd4v\xec\xd8\xd6u\xeb\xd6E\xfd\xcah/\
\xb5\xfb\xc8\xca\xca\xda\x95\x9d\x9d]<`\xc0\x80\xd7\xa7\
L\x99\xf2\xeb'\x9f|\xd2\xf5\xe0\xd0_\xff\xfa\xd7\xe7\
n\xbc\xf1\xc6\xb2\x17^x\xe1\xb2\xe2\xe2\xe2\xb9\xd5\xd5\
\xd5\xa3\x02\x81\x80\xedm\xa8b\xe4\xf7S\x99\x91\x91Q\
l\xca\xf2\x1fq\xc4\x11\x0f\xdes\xcf=\xcb\xa2\xf1\xdc\
\x83\x06\x0d\xaaMII\x09J\x82IKK\x0b\xa4\xa6\
\xa6Vk\xad+\xc6\x8e\x1d\xbby\xda\xb4i\xaf\xd5\xd6\
\xd6\xfe\xe3\xa5\x97^2\x15\x9b<e\xf8\xf0\xe1\x81\xdc\
\xdc\xdc\x9a\x86\x86\x06\xdb\x17\xdb\xb3\xb2\xb2\xd6\x8e\x193\
\xc6\x04\x0b=\xe3\xc1\x07\x1f|\xfe\xa7?\xfd\xe9\xbf\xb3\
\xb2\xb2.\xdf\xb4i\xd3\x91\x8d\x8d\x8d\xe3\xea\xea\xea\x06\
jm\xf2\x09\xb1!''\xa7&33sKFF\
\xc6\xf2\xc3\x0e;\xec\x85a\xc3\x86=\x7f\xf3\xcd7{\
\xe683\x15;v\xee\xdci{k;\xa5T`\xfc\
\xf8\xf1\xaf\x9bvG\xe1<^k\xbd\xdb\xaa\x0c\xf1N\
\xbbm\x98\xb0\xc9\x0c\x11\x99b\x8a}X\x81\x13\x13\x82\
\x1b`\x86nw\x95\x93\x94\x94\x94\xea\xba\xba\xba.A\
\xbe\xf4\xf4\xf4\x96\xd6\xd6VSe\xc4\xf6\xe3\xae\xa8\xa8\
\xe8\xfd!C\x86t\xa9\xf2\xd2\xdc\xdc\x5cTUU\x95\
\xf0\x81?\x8f:\xc8\xba\x999\xf2\x9bJ\xa9\x17E\xe4\
#\xd3\xf2Ik]\xef\xf6\xe0\x00\x00\x00\x00\x00\x00\x80\
h!`\x82~\xf9\xf6\xb7\xbf]\xbcm\xdb\xb6\xeb\xd6\
\xad[w_mm\xedhS\x12\xdd\x8e\x05V\xb3\xb0\
<j\xd4\xa85s\xe7\xce\xf5\xc4\xd5\xd4\x9d\x1dq\xc4\
\x11\xf7UVV\xce///\x1fi\xc7\xcflQI\
II\x81\xd1\xa3G/9\xfb\xec\xb3\x7f\xd2\xdd\x03>\
\xfb\xec\xb3\xb9\x15\x15\x15C#x\x0e\xb3\xa8U\xdb.\
T\xb2^DLy\xfe\x0f\xcd\x87\xe3Zk\xdb\x17\x99\
\xbc\xe6\xcb_\xfe\xf2\x1d\x1b7n\x9c\xb8~\xfd\xfa\x85\
mmm\xc96\xfe\xfe<\xc7\x1cK\x22\xe27\x8bc\
\xa9\xa9\xa9\x8d)))&@\xb0>??\xff\xe5\x19\
3f\xbc\xf8\xd7\xbf\xfe\xd5\xb4>\xf2\x8ck\xaf\xbd\xf6\
\x83\x8c\x8c\x8c\xd3V\xadZu\xf2\xc6\x8d\x1bO^\xbf\
~\xfd~~\xbf\xbf\xb0\xb9\xb99;\x18\x0c&\x07\x83\
\xc1\x94XZX\x0e\xe3wc\xb4%''\xb7df\
f6\xa4\xa5\xa5\xd5777\x97\x8c\x1d;\xf6\x9fc\
\xc6\x8cy\xe2\xd9g\x9f\xfd\xef\xd5\xfd\xd1p\xe6\x99g\
>R^^>\xaf\xaa\xaa\xea\xec\xe6\xe6\xe6<\x9f\xcf\
\xa7\xe3h\x7f\xeb\xd4\xd4\xd4\xa0\xdf\xefo\xcb\xc8\xc8h\
\xf1\xf9|\xcdZ\xeb\xc6\xfc\xfc\xfc=C\x86\x0cY\xd3\
\xd4\xd4\xb4\xca\x148\xba\xe4\x92K>8\xff\xfc\xf3M\
\xf0\xce\x93\xf2\xf3\xf3W\x1er\xc8!\xbf\x7f\xfe\xf9\xe7\
\xaflii)\xb0\xf3\xefOnn\xee\xa6\xa2\xa2\x22\
S9\xc4Sn\xba\xe9&\xf37\xeb\xda\xb3\xce:\xeb\
\xcf\xeb\xd7\xaf?\xa5\xb8\xb8\xf8\xc4\xd6\xd6\xd6\xb1--\
-\x85^\xacjb*w$''\xd7\xe5\xe4\xe4T\
\xa7\xa4\xa4\x94\x8e\x1f?\xfe\xd5\xe1\xc3\x87\xff\xf5\x89'\
\x9e0\x15\xc1<g\xf1\xe2\xc5\xf7=\xf0\xc0\x03\x93^\
}\xf5\xd5sZZZ\xf2mzM)\x13\x86\x1d;\
v\xec\xbb\xe1\x06L\xba\xa3\xb56\x15\xd4\xcc\xed\x99/\
6\xaa\x94\x09\x95\xcc\x13\x91\xb9\x222\xd5\x0a\x9d\xec\xad\
nb\xaa\xca\xa5F4h\xa5\xc6\xed\xde\xbd\xbbK\x85\
\xb3o~\xf3\x9b\xef|\xfa\xe9\xa7\x0f\xbd\xf8\xe2\x8b\xdf\
\x0e\x06\x83\xe69l9\xee\xb4\xd6\xea\xa0\x83\x0eZ\xb6\
x\xf1\xe2\xa6\xce_\xdb\xb6m[Q0\x18\xa4\x9d\x9f\
\xb7\xe5\x89\xc8\x09\xd6\xcd\xb4\xceyZ)e\xaa\x0f\x16\
\x9bJ\x80q\xf3\x07\x14\x00\x00\x00\x00\x00\x00\xe8\x01\x01\
\x13\xf4\xcb\xa9\xa7\x9ej\x02\x0bo,[\xb6\xec[\x9f\
|\xf2\xc9O\xd2\xd3#\xff,\xdc,n\x94\x95\x95\x0d\
\x9d1c\xc6\x07W]u\x95\xeb\x95\x15\xbas\xca)\
\xa7\xbc\xb9i\xd3\xa6\x7fn\xda\xb4irZZZ\xb3\
\x1d\xdb\x0c\x04\x02)\x99\x99\x99\xb5\xfb\xed\xb7\xdf#\xdf\
\xfd\xeew\xb7t\xfe\xfa\xcb/\xbfl\xae\xd4\x9d^W\
W\xd7\x97\xd6<\xe6\xf7c\xc6g\xae\xbc5\xfb\xd2l\
\xf7\x03\x11\xf9\x97U\xa1\xc4\x96\xb1\xc7\x92o\x7f\xfb\xdb\
k\xb6l\xd9\xf2\xfdW_}\xf5\x86\xc6\xc6\xc6\x81)\
))fa'\xee*e\x04\x83AUPP\xd0V\
\x5c\x5cl\x16\xd0K\xc6\x8f\x1f\xbf\xae\xa0\xa0`\xc9\x1f\
\xff\xf8G\xb3\x90\xeeY?\xfa\xd1\x8f\xcc\xe2\xfeS\xe6\
v\xd1E\x17\x8d\xda\xb1c\xc7\xd1\xabW\xaf\x9e\xde\xdc\
\xdc<`\xd4\xa8Q\x85\x8d\x8d\x8d)v-\xee\xb9\x1d\
0IIIikmm\xad\xae\xa9\xa9)Y\xb0`\
\xc1\xaa1c\xc6\xac|\xe1\x85\x17V.[\xb6\xcc\x95\
\xa0\xd7\x91G\x1e\x19\x5c\xb2d\xc9e\xb5\xb5\xb5\x95e\
eeGfgg7\xc4\xc3\xfa\x98\x09\xeeeff\
\x06\xdb\xda\xda\x1a\xb7l\xd9R9k\xd6\xac\x92\xac\xac\
\xac\xad\xc1`p\xfd\xec\xd9\xb3W_{\xed\xb51S\
\xa9\xe9\xac\xb3\xce\xaa}\xe9\xa5\x97~;k\xd6\xac\xe4\
\xda\xda\xdacMP&\xd2m\x9a\xdf\xb1\xd6:{\xc8\
\x90!\xcbL\x10M<\xea\xd1G\x1f5\x81\xb8\xdf\xcc\
\x9d;\xf7\xee\xa2\xa2\xa2EeeeGl\xdf\xbe}\
^kk\xeb\xf0`0\x98\xed\xf3\xf9R\x9a\x9a\x9aR\
\x94R&\x8c\x96\xb4w\x01\xdf\x89`\x98\x99\xa7$%\
%\xe9`0\xd8f\x8ec\xadukRR\x92?9\
9\xb9u\xc2\x84\x09\xab\x9a\x9a\x9a>\x9e?\x7f\xfe\x9b\
\xa9\xa9\xa9\xef\xdds\xcf=\xad\xe2a'\x9dtR\xcb\
G\x1f}t}uu\xb59\xee\x8fMOO\x8f\xb8\
\x02C0\x18\xf4)\xa5\xfcIII\xa6\x22\x9am\xd5\
Z\xb4\xd6\xd5\x22\xf2\x9au3\xbf\x07\xb3\xc0?\xc7\x0a\
\x9cL7\x9d\x04M\xa1\x1f\x11\xc94E\xdf\xfa\x1a8\
Y\xb5j\xd5\xe4\xf9\xf3\xe7\x9b\xc0J\x87\xf0\xe55\xd7\
\x5c\xb3\xf3\x9cs\xce\xf9\xed\xf4\xe9\xd3\xf3[[[G\
\xf9|>[~\xa7mmm\x85\x1b7n\xac\xec|\
\xff-\xb7\xdc\x92\x92\x9d\x9d=8\x10\xf0l\xd6\x0d]\
\xcd\xb5n\x0dV \xeaa\xa5\x94\x09p\xd7\x9a\xf3\x83\
\xdb\x83\x03\x00\x00\x00\x00\x00\x00\x9c\xa0\xe2a\x11\x09\x88\
g\x8f<\xf2\xc8\xb4\x1bn\xb8\xe1\xaf\x1b7n4\x8b\
(=1\x0b9fq\xda|\x98\xddd\xb5\xbc\xf9\xd8\
\x0a\x94\xbco\x95\xa0\x07\x00 .\x1c{\xec\xb1\xe3E\
d\xff\xc1\x83\x07\x8f{\xf5\xd5WG\xe7\xe4\xe4\x14\xe5\
\xe5\xe5e755\xa5\xb5\xb4\xb4$\xdb\x192IJ\
J\xfa\x22\x18\x96\x96\x96\xd6\xe6\xf7\xfb\x9b*+++\
&N\x9cX\xd2\xd2\xd2\xf2yaa\xe1\xce\xe1\xc3\x87\
\xaf\xff\xd3\x9f\xfe\xb4\xcd\xae\xe7C\xdf(\xa5L\xcay\
\xb6\x88\x1c \x22\x07ZUNL\xd5\xb74\xd3\x01'\
\x9c@\xfd\xcf~\xf6\xb3\xefN\x9c8\xf1\xbeSO=\
\xb5E\x5c\xf2\xado}k\xfa\xea\xd5\xab\x7f\xbdd\xc9\
\x92#\xdc\x1a\x03\x22fZ-\xbdd\xb2q&\x88/\
\x22\x8dZk\xd7^S\x00\x00\x00\x00\x00\x00\x80\x13\x08\
\x98\x00\x1e\xf6\xc9'\x9f\xa4]|\xf1\xc5\x7f\xfb\xf0\xc3\
\x0f\x8f\xee!T\xa2\xad\x0f\xb3\xb7X}\xe0_1\x15\
J\xcc\xbf\x13\xa1\xed\x0d\x00\x00\xed\xddu\xd7]j\xcf\
\x9e=\xc9\xad\xad\xad_Ti\x89\x94\xd9Fjj\xaa\
\x1e6lX\xf0\xbc\xf3\xce\xb3\xad*\x07\x1c\x0f\x9c\xcc\
\x12\x91\xff\xb3\x02'3Dd\xb0U\xb5l\xef\xad\x83\
\x94\x94\x14\x19=z\xf4\xc1'\x9dt\xd2{\xb7\xddv\
\x9b+o\x8e\x16/^|\xfa\xfd\xf7\xdf\xff`}}\
}D-\x7f\xe0\x09\xe65d*\xc7\xfdYD\x1e\x14\
\x11S!\xc8t\xcf\xe1\x8d7\x00\x00\x00\x00\x00\x00b\
\x1e-r\x00\x0f\xbb\xf9\xe6\x9b\x7f\xb2f\xcd\x1asE\
ngU\x22\xf2\xa6U.~\x99\x88\xac\xb3*\x97\x98\
\xba\xeaA>\xc0\x06\x00$\xa2\x0b/\xbcpo\xf0\x12\
\x09\xca\xb4\x01TJ\x99\xd0\xedRS\x80FD\x0a\xad\
V:\x87\x9b\xae`\x222\xc9j\xa5\xf3_~\xbf\xdf\
|\xdf\x0f}>\xdf\x0e+\xb4\x1bu\x95\x95\x95S\x08\
\x97\xc4\x0d\x13b\x9a&\x22\xb7\x9b.\x8dV\xc8\xe4\x09\
\x11)q{`\x00\x00\x00\x00\x00\x00@\xa4\xa8`\x02\
x\xd4\xf9\xe7\x9f\xff\xad\xe7\x9e{\xeeWUUU\xf9\
V5\x12\x13$y\xdb\xb4\xbc\xb1\xae\x8a\xac\x10\x91f\
\xb3.\xa2\xb56\xc1\x12\x00\x00\x00t\xa2\x942\xa1\xfa\
t+X2\xd4j\xa9c\xaa\x9b\x98v4\xe3\xccc\
\x92\x93\x93M@\xe9\x8e\x86\x86\x86k\xef\xbb\xef\xbe\xda\
h\x8e\xef\xaa\xab\xae:\xf1\xce;\xef\xbc\xb3\xae\xaen\
X4\x9f\x17Qa*\x1f5\x8a\x88yM\xdd-\x22\
\x7f\xd0ZW\xba=(\x00\x00\x00\x00\x00\x00\xa0\xbf\x08\
\x98\x00\x1e3r\xe4\xc8\x11\xf3\xe6\xcd\xfb\xe6{\xef\xbd\
wbEEE\xb1\xd6z\x89\x88\xbc+\x22\xdb\xac\x12\
\xdb\xf5Zk\xae\xce\x06\x00\x00\xe8\x7f\x1b\x9dl\x11\xc9\
\x13\x91\xf1V\x85\x93\xe3\x0a\x0a\x0a\x16\x0e\x1b6\xec\xa3\
\xe1\xc3\x87\xdf>l\xd8\xb0\x17\xef\xbf\xff~\xc7\xdb\x22\
]p\xc1\x05'\xbc\xf1\xc6\x1b\xd7o\xdc\xb8q?\xa7\
\x9f\x0b\xae\xab\xb1\xe6\xf3\xcf\x98\xf69Z\xeb\x9dn\x0f\
\x08\x00\x00\x00\x00\x00\x00\xe8+\x02&@\x1f\xf8|\xbe\
\xd4\xaf~\xf5\xabs\x86\x0f\x1f> \x10\x08\x98\xf2\xd7\
\xfd=\x80\xcc\xf7\xa6\x88H\x96\xcf\xe7\xcbhlll\
\xdb\xb8qcCee\xa5Z\xbf~}}zzz\
\xa0\xb2\xb2r\x8f\x88\x94\x99v8Z\xeb:\x9b\x7f\x14\
\x00\x00\x00\xfc'pb\xc2&\x83EdlJJ\xca\
\xb4\xec\xec\xec\xc2\xdc\xdc\xdc\xa4\xa1C\x87\xfaG\x8e\x1c\
Y5b\xc4\x88\xba\xb6\xb6\xb6F\xab\x1daD\xa1\x93\
\xb4\xb4\xb4\xc0\x13O<1:''g_\x9f\xcf7\
~\xc7\x8e\x1d\xd3\xab\xab\xabG\x05\x83A37Db\
\xa8\x16\x91\xad\x22\xf2\xbc\x88\xfcNkm\xe6\xfc\x00\x00\
\x00\x00\x00\x00@L `\x02\x84A)e\xca\xa7\x7f\
I)u\xfc\xe0\xc1\x83\xc7\xa5\xa7\xa7\xa7\xf7\xf3\xd8\xf1\
\xb5+\xd1n\xfe\x7f\x9bRjI0\x18|\xaf\xae\xae\
nY]]]\x9dR\xaa\xd1\xef\xf7\xef\xd1Z\xb7\xd8\
\xff\x93\x00\x00\x00\xa0'J\xa9,\x11\x19\xa1\x94*\xc8\
\xc8\xc8\x18\x9b\x97\x9773--m?\xad\xf5\x0c\xab\
\xea\x89\x09\x9a\x989\x9a\xa9&\xd7\xe7\xc9`RRR\
\xb0\xac\xac,\xb7\xad\xad\xad\xc0\xef\xf7\xa79\xf3S \
F\x98\x00\xf9{VE\x93'\x08\x94\x03\x00\x00\x00\x00\
\x00 \x16\x100\x01z\xa0\x942\x01\x90\xa3E\xe4P\
\x11\x99+\x22\x93Dd\x98\x0d\x9b\xde$\x22\x1f\x88\xc8\
j\x11\xd9,\x22\xc5\xe6\xa6\xb5.\xb7a\xdb\x00\x00\x00\
\xb0\xaf\x95\xceh\x11\x19%\x22\xe3\xacV:\x0bEd\
\x9a\x15\x14\x06\xecPj\x05MLE\x93\xa7\xb5\xd6\xcd\
n\x0f\x08\x00\x00\x00\x00\x00\x00\xe8\x09\x01\x13\xa0\xfbj\
%\x07\x88\xc8\xc1\x22r\x98\x88\xec\x1b\xe1&Mpd\
\x8du[+\x22\x9f\x89\xc8*\xcaa\x03\x00\x00\xc4\x0e\
\xa5\x94\xa982SD\xc6\x8b\xc8\x0c+h2_D\
\x06\xb9=6\xc4\x85\x1d\x22\xf2\xa2\x88\xdc\xaf\xb5^\xe2\
\xf6`\x00\x00\x00\x00\x00\x00\x80\xee\x100\x01,J)\
S\xa5\xe4\x10\xebv`\x04\x8b\x05A\xabJ\xc9\x16\x11\
\xd9(\x22\x1fZ\xa1\x925Z\xebV\x9b\x87\x0d\x00\x00\
\x00\x17(\xa5&\x88\xc8\xfeV0y\xb2u\xb3\xa3\xda\
\x1d\x12\x9b\xa9f\xf2\x9c\x88\xbc\xaa\xb56\xef!\x00\x00\
\x00\x00\x00\x00\x00\xcf `\x82\x84\xa6\x94\x1adU(\
1W\x9f\x9e(\x22\x0b\xfa\xb9\xa9F\x11\xd9n\x05J\
\x96\x89\xc8'\x22\xb2RkmB&\x00\x00\x00\x88c\
J\xa9}\xac\x80\xf2B\xab\xca\x89\x09\x9f\x14\xba=.\
\xc4\xb4\xd7D\xe4\x01S\xd5Dk]\xe7\xf6`\x00\x00\
\x00\x00\x00\x00\x00\x83\x80\x09\x12\x8eRJ\x89\xc8\x08\x11\
\x99%\x22\xff'\x22\xc7\x89\xc8\x98~l\xaa\xd6*e\
m\xaa\x95,\xb7*\x95\xbc\xa7\xb5\xaev`\xd8\x00\x00\
\x00\x88\x01J\xa9\x99\xd6\x1c\xf3 \x11\x99$\x22cE\
$\xc3\xedq!&\x05D\xe4\x16\x11y\xc2\xaa\x86\xc8\
\x9bw\x00\x00\x00\x00\x00\x00\xb8\x8a\x80\x09\x12\x86R*\
OD\x06\x8a\xc8l\x119^D\xce\x10\x91\xa4>n\
\xa6JD\xf6\x88\xc8f\x11\xf9XD^\xd6Z\xbf\xef\
\xd0\x90\x01\x00\x00\x10\xc3\x94R\xa6\xaa\xc9i\x22bZ\
1\x8e\xb4\xe6\xa2\x84M\xd0Wo\x8b\xc8\xefD\xe4\x1d\
\xadu\xb9\xdb\x83\x01\x00\x00\x00\x00\x00@\xe2\x22`\x82\
D\xa8V\x92c}\xa0\x7f\x8a\x88\x9c`U.\x09\x97\
_D\x1aD\xa4\xde\x0a\x95\xbcbnZ\xeb\x15\x0e\x0e\
\x1b\x00\x00\x00qD)\x95&\x22\x8b\xac\x96\x8c\x8b\xac\
\xa0I\xb6\x88\xf8\xdc\x1e\x1bb\xca]\x22\xf2[\xd3\x96\
Skm\xaa\x9b \x81)\xa52\xadJI&\xc06\
]D\xc6\x8b\xc80\x11\x19 \x22\xe6k^\x11\x14\x11\
\xf3\xfe\xf9\x8f\x22\xf2\x97hU\xe2\xf1\xd0\xfe1\x9f'\
\xec\x16\x91R\xab\xa5\xeeg\x22\xb2TD\xde\xd7Z7\
;\xfd\xe4J)SE\xeb\x06\x11\xf9r\x1f[\xb7\x99\
\xdf\xdbj\x11\xb9SD\xeeq\xb3\x82\x92R\xaa@D\
\xae\x13\x91\xafZ\xd5h\xc3Q!\x22/\x98\xef\xd3Z\
\xef\xe8\xc3s\x8d\x16\x91\x1b\xad\xfde^+\xf1\x22h\
\xbd\xf6\xee\xb2~\x9f\xe6\xdfN\xbf\x86\x9c\x16\xb4.\x02\
3\xc1\xcbm\x22\xb2\xd6:\xd7\xbc\xab\xb56\xc7\x9a\xe7\
p^\xb2\xe5u\xd5f\xb5&\xff\x8d\xd6\xfaq\x07\x87\
\x08\x8f\xf2\xd0q\xd4\x9bD\x9f\xff\xf4\xc6\xbc\x97\xf9T\
D\xee\xd0Z?\xd2\x9f\x0d0\xc7a\x8e\x13\xe9\x1c\xa7\
\xaf8\xbe<!\xe6\xe6\x7f\xf1\x8c\x80\x09\xe2\x92R*\
\xd9:\xa9\xef#\x22_\x13\x91sEdp\x1f\xde\xac\
\xb4Z-p>\xb2\xfa\x9f\xffKk\xfd\xb9\xc3\xc3\x06\
\x00\x00@\x9c\xb3\xde\xa8\x9fd\x85M\xa6ZA\x93T\
\xb7\xc7\x85\x98\xf1\x8e\x88\x5ca>0\xd2Z\xb7\xb8=\
\x18D\x97R*KDN\x16\x91\xb3D\xe40\x111\
\xe1\xb5X\xf2\x88\xd6\xfal\xa76\x1ec\xfb\xc7,\xe2\
\xbe.\x22\x8f\x8a\xc8sN,\xea*\xa5\xcc\xc55\xff\
\x16\x11S\xcd5\x12\x7f\xd0Z_\x22.PJ\x0d\xb5\
\xce{\xe6\x03\xfc\xfe0\x8b\xe8\x07k\xad\xd7\x85\xf1\x5c\
\xfb\x89\xc8\x9b6\xec/\xaf3\xaf\xb9\xb3\xc3YP\xb3\
\xf15\x14m\xc5\x22\xf2\xb4\x88<\xac\xb5^\xe9\xe6@\
8/9\xfa\xba2!\x93\x1f\xda4,xX\x8c\x1d\
G\xdda\xfe\x13\xda\xef\xb5\xd6\x8b\xfb\xf2\x0d\xccq\xbe\
\xc0\x1c'\x829N\xb88\xbeb\x8ag\xe6\x7f\x89\x82\
\x80\x09\xe2\x8aR\xca\xb4\xbc1\xe1\x92\x83E\xe4\xfb\x22\
r\xb4\x88\xa4\x84\xf1\xad\xdaJ\xbf\x99\xf67KD\xe4\
Us#T\x02\x00\x00\x00\xa7(\xa5\xf6\x17\x91\x0b\xac\
\xb0\x89y\xf3\xae\xac\x1b\x10J\xa9u5\xd1\xbdT2\
I\x0cJ\xa9\x5c\x111\x8bh\x17\xc7\xc1\x15\x87_\xd1\
Z\xbfd\xe7\x06\xe3`\xffTX\xd5\x89\xccU\x86\xa6\
\xb2\x80-\x94R\x1f\x8a\x88\xf9;c\x87yZkS\
\xe1 \xaa\x94R\xf7[\x17\x0cE\xe2\xdfZ\xebEa\
<\x97Y\xe4Y(\x89\xe1D\xad\xf5\xf3Q~\x0d\xb9\
\xc5\x04&n\xd4Z\x9bvsQ\xc3y)\xbe\xcfM\
\x88\x8e88\x8e\xdac\xfe\x13\xda!Zk\xf3w8\
a\xce#\xccq\xdc\x9d\xe3\xf4\x86\xe3\x8b\xf9\x1fzG\
\xc0\x04q\xc3*)v\x9c\x88\x9c#\x22\x07Zi\xc2\
p\xca\x8e7\x89\xc8\x07\x22\xf2\xa4\x88\xfcCD\xca\xac\
2R\x017K\xa4\x01\x00\x00 a\xc2\xd1\xe3D\xe4\
T\x119MD\xa6\xb8=.x\x9e\xb6*.\x9a\xf7\
/\x97j\xadMH\x1eqJ)\xf5u\x11\xf9\x95\x88\
\x0c\x92\xf8p\xbb\xd6\xdaT\xe1\xb1E\x9c\xed\x9f\x12\x11\
\xf9\x81\xd6\xfa\x19\x9bJx\xdb\xb9(\xfc\xb6\xd6\xfaP\
\x892\xa5\xd4\xf6>\x94\x8c\xef\x89\xf9|'-T \
O)e*\x89%RU\xa8\xdfj\xad/\x8d\xf2k\
\xc8mOX\x7f3MH\xd3Q\x9c\x97\xa2\xfa\xba\xfa\
\xb1\xd6\xfa6\x1b\xb7\x07\x8f\x88\xb3\xe3\xc8`\xfe\x13\xda\
\xadZ\xeb\xab\xc2y s\x9c\x0e\x98\xe3\xf4c\x8e\xd3\
\x1b\x8e/\xe6\x7f\x08\x8f\xf9@\x13\x88iJ\xa9\x01J\
\xa9\x9fZ!\x91?\x88\x88\x99\x10d\xf6\x12.1m\
p^\x14\x91\x0bMJUDN\x11\x91\x07\xb5\xd6[\
M\xa9i\xadu\x1b\xe1\x12\x00\x00\x008\xc9\xf4\x07\xd6\
Z\x9b\xa0\x80\xa9\x9a\xf7K\x119\x5cD\xce\xb0\xe6\xb5\
@O\x94\x15\xa67\xa1\xa4\x07\x95R\xf9n\x0f\x08\xf6\
SJe+\xa5L\xcf\xec\x87\xe3\xe8\xc3M\xb1\xab%\
X\x9c\xee\x1f\xb3\xc8\xf0\xb4R\xea^\xa5TF\x84\xdb\
\xb2\xbb\xf5\xda!J\xa9\xafH\xf4\xe5\xd8\xb0\x0d_\x18\
\xdb1\x9f!%\x12s\x81Vo\xe2\xad}\x9f\x09\xf1\
~\xaa\x94\xea\xf5J\xef\xfe\xe2\xbc\x14\x16\xbb_W\x89\
v\xec\xc6\xbd8=\x8e\x0c\xe6?\xa1\xf5\xe5\xfc\xc2\x1c\
\xe7\x7f\x98\xe3\xf4o\x8e\xd3-\x8e\xaf/0\xffC\xd8\
\xcc\xd5r@LRJ\xcd\x16\x913E\xe4\xffDd\
t\x18=\xc1jD\xe4C\xab\xfd\xcd\xfb\x22\xb2UD\
\xaa\xb5\xd6\xa6\x82\x09\x00\x00\x00\xe0\x0a+\xd8\xdchn\
J\xa9\xe7\xac\xb9\xea\x5c\xabd\xae\x1b\x1fv!6\x98\
\x90\xc9\x91&8\xaf\x94\xbaVkm\xfa$#\x0e(\
\xa5\x8aD\xe4\xef\x222\xdf\xed\xb1xQ\x02\xec\x9f\xf3\
Dd\x1f\xa5\xd4\xf1Zk\xf39\x86W\xdc\xae\x94z\
\xc5\x5c\x90\xe3\xf6@\x80~\x1a,\x22\xaf)\xa5\xce\xd5\
Z\x9b\xc5#\xdbp^\x02\x22\x97\x00\xc7QD\xd8?\
\x8eb\x8e\x93\xe08\xbe\xe2\x9ac\xf3\xbfDG\x05\x13\
\xc4\x1c\xa5\xd4\x91J\xa9\xa7D\xe4\x11\xabg\xfd\x8c\x10\
\xe1\x12\xbf\x88\xbceJ&Z\x1f\xbe^$\x22\xf7h\
\xad?4e\x91\x08\x97\x00\x00\x00\xc0K\xacjz\xdb\
D\xc4\xf4\x0d\xbeDD\x8e\xb0*\xef\x01\xddI\xb1\xfa\
i\xdf\xa9\x94\xfa\xae\xdb\x83A\xe4\x94R\xe6*\xc4\x7f\
\xf1\xe1\xa6$\xfa\xfe9DD^\xb1\xa9b\x80]&\
\x89\xc8\xb7\xdd\x1e\x04`\xc3g\xe1\x0f)\xa5\xcc\x05k\
\xb6\xe0\xbc\x04D.\x81\x8e\xa3~a\xff8\x8e9N\
\x02\xe3\xf8J\x08\xb6\xcf\xff@\x05\x13\xc4P\x1b\x1c\xeb\
\xea\xcdcDd\xa6\xf5G?\x14s\xd5\xe7?Ed\
\xa9\x88\x14\x9bj%Z\xebx\xea\x1d\x06\x00\x00\x808\
f\xf5Q6\x15\xf7\xb6*\xa5\xcc\x7f\xfff\xb5\xcf1\
\x81\x13\xa0\xb3\xc9\x22\xf2S\xd3.Gk}\x8b\xdb\x83\
A\xff(\xa5L\xfb\xa3\xbfZ\xefy\xd1I\x02\xee\x9f\
\x03E\xe4>\xeb\xdc\xef\x15\xd7\x9b\xd2\xe1Z\xeb:\xb7\
\x07\x02D\xe8~\xa5\xd4\x16\xaduDm\x099/\x01\
\x91K\xc0\xe3\xa8O\xd8?Q\xc3\x1c'\x01q|%\
\x1c[\xe6\x7f\xf8\x0f\x02&\xf04\xa5\xd4p\xebM\xcb\
\x22\xabR\x89\xf9wO\x96\x88\xc8G\x22\xb2LDV\
\x8a\xc8Z*\x94\x00\x00\x00 \xd6i\xad7\x8a\xc8F\
\xa5\xd4\x12k^\xfc\x1d\x11\x99\xea\xf6\xb8\xe09CE\
\xe4\x0a\xa5T\x8d\xd6\xfaN\xb7\x07\x83~1WN\x1e\
\xe7\xf6 <,\x11\xf7\xcf\xe9J\xa9\x97\xb4\xd6\x8f\x8a\
7\x0c\xb2*\xc4\xfe\xd4\xed\x81\x00\x11J\xb5\xaed\x9d\
\xa9\xb56m\x0a\xfb\x8b\xf3\x12\x10\xb9D<\x8e\xfa\x82\
\xfd\x13\x1d\xccq\x12\x13\xc7Wb\xb1k\xfe\x07\x02&\
\xf0*\xa5\xd4l\xab\xf4\xe2\x22\xeb\x96\xd5\xc3C7\x88\
\xc8'\x22\xf2\xae\x15,YE\xca\x14\x00\x00\x00\xf1H\
k\xbd\xca\xccw\x95R\x9f\x89\x88)\xedy\x92\x88\x98\
J\x7f\xc0^\xa6u\xe8\xd5J)S\x02\xf6n\xadu\
\xab\xdb\x03BxL\xf5\x19\x11\xb9\xcd\xedqxU\x82\
\xef\x9f\xdf*\xa5\x9e\xd7Z\xd7\x8b7\xfcP)\xf5'\
\xad\xf5\x0e\xb7\x07\x02Dh\x82\x09f\x9a\xab\xd6\xfb\xf3\
\xcd\x9c\x97<u^B\x8cJ\xf0\xe3\xa8W\xec\x9f\xa8\
c\x8e\x93@8\xbe\x12VD\xf3?\xfc\x0f\x01\x13x\
\x8aR\xea \x119\xdc*\xfdm\x02&\xdd\xd9j\x85\
JVZ\xff\xfdXk\xbd+\xcaC\x05\x00\x00\x00\x5c\
\xa1\xb5\xfe\xb7R\xca\xcc\x83\xdf\x11\x91S\xac\xb9s\x86\
\xdb\xe3\x82\xa7*\x99\xdc(\x22\x99J\xa9;\xb4\xd6\xcd\
n\x0f\x08a\xb9\xcc\x0a\x08\xc5;\xd3\xfe\xab?\x12e\
\xfft\xa7HD\xbe'\x22\xbf\x10o0\x7fon\x12\
\x91oJ\xfch\x91\xc4B\xb5\xdf\xff\xf9\x81R\xea7\
Z\xeb\x9a~|/\xe7%\xef\x9c\x97\x10\xbb\x12\xe58\
b\xfe\x13\x9a_\xbc\x819Nb\xcdq8\xbe\x12W\
$\xf3?X\xccUM\x80\xab\x94R\x03\x94R\x07+\
\xa5~(\x22\xbf\xb3>\x0c\xed\x1c.1\xa9\xd1\xb7E\
\xc4\x94z\xbeRD\xce\xd7Z\xdf\xa0\xb56%\x19\x09\
\x97\x00\x00\x00 \xa1h\xadk\xb5\xd6\x0fY\xedr~\
-\x22\xc5n\x8f\x09\x9eb\xae\xc6\xbaND.PJ\
\xe5\xba=\x18\x84\xa6\x94\xf2\x99\xf7\xb8\x92\x18L%\xa6\
>I\xb0\xfd\xd3\x93\xefX=\xe2\xbd\xe2\x1c\xa5\x94i\
c\x1c\x17\xac\xf6\xca\xeb%q,u{\x00\x1e\x92g\
\xb5\xe6\xee\x13\xceK\x9e</!\xc6$\xd8q\xc4\xfc\
'\xb4\x8f\xc5;\x98\xe3$\xc0\x1c\x87\xe3+\xe1\xf5k\
\xfe\x87\x8e\x08\x98\xc05J\xa9\x81J\xa9\x03D\xe4*\
\x11yPD~%\x22s\xda=\xc4\xb4\xbaY-\x22\
\x8f\x88\xc85&9\xaa\xb5\xbeXk\xfd\xb8\xd6\xba\xca\
\xc5\xa1\x03\x00\x00\x00\x9e\xa0\xb5.\xd3Z\x9b>\xd1W\
\x8b\xc8G\x22BK\x14t\xbe\x02\xefX\xabe\x0e\xbc\
\xcb\xb4\x85\x1d\x22\xf1\xcf\x9c\xa3\x1e\xed\xc7\xf7%\xca\xfe\
\x09e\x9c\x88\x98\xcfO\xbc\xc2,*\xffR\xe2\x8b\xb9\
\x8a5(\xf1o\xa5\xf59\x1b\xfe\xc7\xb4\x1d\xec+\xce\
K\xde;/!\xf6$\xcaq\xc4\xfc'\xb4\xd7E\xe4\
i\xf1\x0e\xe68\x891\xc7\xe1\xf8B\x7f\xe6\x7fh\x87\
\x0f\x99\x10U&\xd9\xae\x94\x1a\xa1\x942\x15J~\x22\
\x22\xcfX\x7f\xe0\xc6Z\x0fi\xb2\xae\xbe|\xc3\xaaf\
r\x9e\xd6\xfal\xad\xf5\xfdZ\xeb\xcd.\x0f\x1f\x00\x00\
\x00\xf0$\xad\xf5_E\xe4$\x111UMv\xba=\
\x1exF\xb6U\xe5f\xa6\xdb\x03AH\xa6Ml<\
3\xc1\xb7{D\xe4H\xadu\x7fBp\xf1\xbe\x7fb\
u?\xfc\x9fR\xea(\x89\x13\xa6B\xae\x88\x1cm]\
\xe8\x14\xaf\xe5\xd1\xff\x22\x22\x87j\xad\x13\xad\x5c~o\
\x0ePJe\xf6\xf1{\xbcv<\xba\x85\xfd\x80H\xc4\
\xfb\xeb\x87\xf9Ohf\x1d\xe8\xf7\x22\xf2\x15\xad\xb5\xd7\
\xc2\x0f\xccq\xe2\x7f\x8e\xc3\xf1\x85\xfe\xcc\xff\xd0Nr\
\xfb\x7f\x00N\xb1JN\x992\xcd\xb3E\xe4\x22s\x15\
\x9d\x88\xa4\xb5\xfb\x03P/\x22\xb5\x22\xf2\xaa\x88<\xa1\
\xb56\xc9:\x00\x00\x00\x00a\xd2Z\x97\x8a\xc8\xb7\x95\
R\xa6\xd4\xe7\xed\x222\xdc\xed1\xc1\x13\xbed\xf5\x18\
\xfe\x01\x95 =k\x7f\x07\xb6iJa?g]\xc9\
W.\x22m\xe2\x0e\xf3>\x7f\x9d\xd6\xba\xd1C\xfb\xa7\
\xd2\xba\xd8\xe5C+\x90\xd7l\xe3\xb6\xd3Ed\x98U\
\x9d\xf5\x14\x11\x19\xe4\xf1\xd7I\xa4nWJ\xbd\x16/\
\x1f\x5ck\xad_\x13\x91iJ)s\x11\xd4P\x11I\
\x8d`sf1'\xcb\xa6\xa1\xfdSDn\x8d\xf08\
\xfc\x5ck\xdd`\xd3x\x22\x19\x879\xf6>\x10\x91\x12\
k\xf1\xa3/\x0a\xad\xaa\x19G\x88\x88\x9d\x0b\x7f)\x22\
2\xd7j\xcd\x1d.\xceK\xde=/!v0\xff\x89\
\xee\xfe\xd9e\x9dg\x96Z\xe7\x197\xc3\x865\x22\xb2\
Vkm\xe7\xb9\xcen\xccq\xe2{\x8e\xc3\xf1\x15=\
\xf14\xffC;\x04L\xe0(\xa5\x949HM\x0al\
\x96u\xe5\xdci\xed*\xe74[\xb7wE\xe4E\x11\
yEk\xbd\xdd\xe5!\x03\x00\x80(\xb1zv\xfb<\
TU\xcf\xaf\xb5\xd6n\x0f\xc2\xe3\x81as\x0b\xa9\x9f\
Wg\xc1FZ\xeb\xc7\x94R\xe6C\x85\xdf\x8a\xc8x\
\x0f\x1dcp\xcf7D\xa4J)\xf5c\xae\x5c\xf7\xa4\
\x096o\xcf\x04\xcc\xae\xd2Z\x07$>\xd8\xb9\x7f\xde\
4\xd5\x9e\xb4\xd6\xd5\xe2\xac\xfb\x94RW\x8a\xc8\xb3\xd6\
\x87\xa1v\xd8G\xbcg\xbaigl]5\x1a7\xb4\
\xd6[D\xc4\xdc\xfaM)e\xe7\xa2\xa6i\x87g^\
\xbb\xb1\xec\x13\x11\xf9\xb2\xd6\xda,\xc0D\xea\x97J\xa9\
#\xad\x05.\xf3\xb9\xa3]\xc7W_\x16\x188/y\
\xf7\xbc\x84\xd8\xc1\xfc'z\xfb\xe7\xef\x22r\xba\xd6\xda\
\x5c\xe4\x8b\xf00\xc7\x89\xef9\x0e\xc7Wt\xc4\xdb\xfc\
\x0f\xed\x100\x81\x93\x0bF\xe9V\xa5\x92\xef\x89\xc8a\
V\xff:\xb3hc>\xd0\xdcl\x85J\xfef\xd2\xf9\
,\xe6\x00\x00\x90\x90rEd\xbe\x88\x8ct\xf1\xca\xa2\
\xf6\xdeVJme^\xd2#\xd3bc\x9a\x15V\x08\
\x86\x98\x06>\xe1\xa1+%\x12\x96\xd6\xfae\xa5\xd46\
\xabe\xce~\xd6\x5c\x1c\x89\xcd\x84\xfdW+\xa5\xee\xe5\
<\xe79#l\xdc\xd6\xe7\x22re\xbc\x5cmi\xf3\
\xfe1\x0bN\xe7Da\x11\xf7\x0bZ\xeb:\xa5\x94\xb9\
\xd0f\xa3MA?\xafV\xa5\xbaQ)\xf5X\x84W\
i#\xbe\x99\xbf9g\xd9\xb4\xb8\xf0\x9f\x0dj\xfd\xaa\
R\xea\xcf\x22\xf2]\x97\xce3\x9c\x97\xbc}^Bl\
`\xfe\x13\x9d\xfdc.\x00\xf96\x8b\xdf\xfd\xc2\x1c'\
~q|9/\x1e\xe7\x7fh\x87\x80\x09l\xa7\x942\
oP\x16\x89\xc8\x8fE\xe4\x90v\xe5\xb6\x9a\xac\x94\xbc\
I}~*\x22\xa6lU\x80\x0f7\x01\x00HX\xa6\
\xb2\xc2\xcdVp\xc1\x0b\xee3\x1f \x88\x88i3\x82\
\xae\xcc\x1b\xb8\xb3\xc3x\xdc\x14\xa5\xd4M\xe6\x03\xec(\
\x8c\x09\xa1\xad\xb6z-\x9b\xd7\xf6\x97\xdd\x1e\x0c\x5c7\
\xd8,b\x89\xc8{\x22\xb2\xc6\xed\xc1\xe0?\x94R9\
6o\xf2\xf9xZ\x5c\xb1y\xff|\xa2\xb56\xc1\xbb\
\xa8^%\xaa\x94Zc\x054#\x95-\xdedZo\
\x5c&\x22?s{ \xf0\xac\xe5Zk\xb3\xf8k\xb7\
\x17m\x5c`0\xc1\xf7\xb0p^\x8a\x89\xf3\x12<\x8e\
\xf9OT\xf7\xcf\x12\xab\x95*\xfa\x8e9N\x1c\xe2\xf8\
\x8a\x9a\xb8\x9a\xff\xa1+J%\xc36J\xa9\x0c\xa5\xd4\
\xb7\xac\x967\xcfX\xe5\x16S\xad2HW\x88\xc8\x81\
\xd6\x81\xff\x8eI\xe6k\xad\xfd\xf14\xf1\x03\x00\x00}\
Vh\x95\xa5L\xf5\xc8-\x8f\x00vH\xf9a\xeeG\
\xd3\xcf\x97\xfd\xe8\x01&\xc8\xad\xb56\xbd\xc7\xbf.\x22\
\xffp{<p\x9d\xb2zM_\xed\xf6@\xd0A\xaf\
\xad\xc7\xfa(\xa2\x92\xd7q\xbe\x7f\xdc\xda7\xc5vm\
H)\xe5\xd5\xc5\xdc\x1f+\xa5L\x88\x0d\xe8\xce\x06\xaf\
\x1f[}<\xd7p^\x8a\x8d\xf3\x12\xbc\x8d\xf9O\xf4\
\xf6OTClq\x889N\xfc\xe1\xf8\x8a\x8ex\x9b\
\xff\xa1\x13\x02&\x88\x98R*])ezz\xbf%\
\x22\xbf\xb7\x82$Y\x22\xf2\x80\x88\x98\x9eX'\x89\xc8\
\x9f\xb4\xd6+\xb4\xd6\xb5Zk/\x94\xc0\x07\x00\x00\xde\
\x08\x98\x98P\x87W\x14[\x15\xd6\xd0\x89Rj\x8c\x88\
\x0c\x09\xf3\xe1KD\x84\x169\x1eb\x95]\xbfTD\
\x96\xba=\x16\xb8\xce\x84\xbff)\xa5\x16\xb8=\x108\
\x86\xf3\xaf\xf7\xf6M\x8d\x8d\xdb\xf2j\x80\xd3|\x06t\
\x83\xdb\x83\x80g\x99\x8a\xc6N\x88\x87\xf3\x1d\xe7%\xc0\
\x1e\xf1p>p\x8a\xdf\xed\x01\xc48\xe68\x08\x85\xe3\
\xabg\xcc\xff\xe2\x1c\x01\x13\xf4\x9bRj\x94R\xeaz\
\x11y_D\xee\x12\x91y\xa6\xec\x91U6\xecP\x11\
\xf9\x89\xd6\xfa5\xad\xf5vz\x90\x01\x00\x80n\xe4y\
l>Z\x22\x22\xf4\xd6\xed\xde\x5c\xab<l8\xde\xe4\
\x0d\x9f\xf7h\xad\xd7\x89\xc8\xafl\xbe\xda\x03\xb1i\x9c\
\x88|\xcd\xedA\x00\x09$Q.\xb29_)\xb5\xaf\
\xdb\x83\x00\x10\x96D9/\x01\x80\x1d\x98\xe3\x00@'\
$\x8c\xd1gJ)S\xf6\xfc|\x119SD\xcc\x1f\
V\x13\x1ey^D\x9e\x15\x91U\xa6$\x9d\xd6\x9aE\
\x05\x00\x00\xd0#\xa5T\x81\x88L\x11\xef0m\xfbv\
\x89H\x8b\xdb\x03\xf1\xa8\x85\x222<\xcc\xc7\x96\x98\xbe\
,\x0e\x8f\x07\xfd\xefU;QD\xae\xe1\xbd`BK\
3\x17\x04(\xa5\xc6j\xad\xe3\xad\x9c8\x00\xf7\x98\x12\
\xd3\xb7\x8b\xc8W\xdc\x1e\x08\x00\x00\x80\x8d\x98\xe3\x00@\
'|\xa8\x88\xb0Y)\xcds\xac\xb67\x93Dd\x85\
\x88\x5c+\x22\x1f\x8b\xc8jS\xa9\xc4\xed1\x02\x00\x80\
\x981\xca\xaa\x8a\xe1\x15\xa6r\xc9\x0e\x82\x11!+\x1e\
\xa4\xf6\xf2\x18\xb3\xef\xb6R\x22\xd4\xbb\xb4\xd6\x0dJ\xa9\
?[sy\x13\x16G\xe2\x9adU\x9e\xbc\xd8\xed\x81\
\x00\x88+\xc7)\xa5\x0e\xd3Z\x9bjf\x00\x00\x00\xf1\
\x829\x0e\x00\xb4C\xc0\x04\xbdRJM\x10\x91\xd3E\
\xe4\xab\x222HDV\x8a\xc8\xa3\x22\xf2\x0f\xad\xf5\x1a\
\xb7\xc7\x07\x00\x00b6\xb00C\xbc\xa3RD\xaa\xdc\
\x1e\x84\xc7\xfb\x0e\x87Sj\xfbM\xab\x1a\x0c<Jk\
]\xaa\x94\xbaSDf\x8a\xc8T\xb7\xc7\x03\xd7dX\
\x1f\x92\xde\xa0\xb5\xaep{0\x00\xe2\xca/\x95R\xf3\
\x08\xed\x02\x00\x808\xc3\x1c\x07\x00,^\xeay\x0f\x8f\
QJ\x1d\xa0\x94\xbaZD~/\x22\xa7\x88\x88\xe9\xdb\
~\x95\xa9b\xa2\xb5\xfe5\xe1\x12\x00\x00\x10\x81a\x22\
\x92+\xdea\xe69\x0dn\x0f\xc2\x8b\x94R\xe9\x22b\
n\xe1\x04L\xfeMO\xf7\x98\xb0TD\x1ev{\x10\
p\xdd\x00\xab\xf5)\x00\xd8i\x8e\x88\x9c\xe5\xf6 \x00\
\x00\x00l\xc6\x1c\x07\x00,T0A\x07J)\x13:\
\x9a&\x22\x87\x89\xc8!\x222DDL_\xee\xdfk\
\xad_v{|\x00\x00 n\x98\xd6z\x9bEd\xa8\
\x88\xb4\xf4\xf2\xd8\x805o\xcd\x14\x91\x940\xb6\xddf\
\xb5\xbc1\xdf\xa7\xc2x|\x9a\x88\xbc.\x22\xb5a\x8e\
=\xd1\x0c\xb7\xaa\x1d\xf4F[\xc1\x05\xb3\xdf\xe1aZ\
\xebV\xa5\xd4\x87\xa6-\x94\xf5\xfbEb\xca6\x1f\x90\
*\xa5\xcc{\xbdz\xb7\x07\x03 \xae\xdc\xa4\x94zZ\
k\xdd\xec\xf6@\x00\x00\x00l\xc4\x1c\x07\x00\x08\x98`\
/\xa5\x94\xb9\x82x\x1f\xab\x17\xf7B\xeb\x83\xe6\x8f\xcd\
\x95\x8dZ\xeb\xadn\x8f\x0f\x00\x00\xc4\x9d\xb7D\xe4J\
\xabMNm/A\x10\xbf\x15\x80=\xc1\xba\xe2\xbe7\
&,\xf2\x8e\x15\x5c\x09\xa7b_\x8e\x88\xfc\x9d\x0a&\
\x11\x07L\xeaD\xa4\x5ckM\x8b\x9c\xd8\xb0MD>\
\xb4\xda`\x22q\x15\x89\xc8l\x11y\xdb\xed\x81\x00\x88\
+\xa3Ed\xb1\x88\xdc\xe6\xf6@\x00\x00\x00l\xc4\x1c\
\x07\x00\x08\x98@)\x95m\x95\xa87\x1f*\x1ej-\
\x1e|$\x22?0W6\xba=>\x00\x00\x10\x9f\xb4\
\xd65\x22\xf2\x94u\xeb\x95R\xeaT+`\x12\x0es\
5\xbe\x09\x8c\xd8N)e\xaa\x9d\x0c\xb6\xda\xfb\x98\xb0\
KV\x98UR\xdaW\xf90A\x96]\x22Rj\xed\
\x87\xfe\x8e\xc5\x84g\x06\x8aH\x81u\xcb\xb3\xe6\xf7}\
\xe9\x07l\xb6a\xe6|\x1b\xb5\xd6\x9bzx\xccP\xab\
zL(\xa6j\xc9zk\x5c\xa3\xacE\xebA\xbd\x8c\
\xc7T\x99)\x17\x91*+\x98Bk\x9d\xe8*\x13\x91\
O\x09\x98$<\x13\xb0\x9bK\xc0\x04\x80\x03~\xa2\x94\
\xfa\x8b\xd6z\x8f\xdb\x03\x01\x00\x00\xb0\x11s\x1c\x00\x09\
\x8f\x80I\x02RJ)k\x91\xc0,\x8c\xcc\x14\x91\x03\
\xad+|\xff\xa4\xb5^\xe9\xf6\xf8\x00\x00\x00\xba\xb1o\
\x98\xd5K\x8c\x12\x87\x82%\xc3\xac\x16\x82\xa7[s\xa8\
\xa20[\xf6tf*|\xac1\xe1\x1a\xa5\xd4SV\
\xb8\xc3\xdf\xc7\xf1\x14\x8a\xc8<+\x1c`Z\x1b\x9aP\
\x87\x19c\x7f=$\x22\xe7\xf4\xf0\xb5\x11a\x04L\xf6\
\xb6%:\xde\x1a\xd3|k\xff\xf4\x16J\xd9)\x22\xef\
\x8a\xc8\xd3\xa6e\x8b\xd6\xda\xfc\x1bQ\xa0\xb5nRJ\
\x996UHl&d6\xd9\xedA\x00\x88K&\xf8\
z\xad\x88|\xdf\xed\x81\x00\x00\x00\xd8\x889\x0e\x80\x84\
G\xc0$\xf1\x82%>\x11\xc9\xb7\xaeR3\x0b5\x15\
\x22r\x8f\xd6\xda\xf4_\x07\x00\x00\xf0\xea\x1c\xa6\xb7\xb0\
\xc2^\x8dVp\xc1\xce\xe76\x1f\x1e\x1c-\x22WY\
-}\xecX\xd0\x9df\xddLe\x96\xcb\x95R\xaf\x87\
\x132QJ\xa5\x8a\xc8\x04\xeb\x83\x8co\xf63\xe0\xd2\
S\x99\xd7\x9e\x8c\xb5*\xb5\x84\x92bU\xc3;\xaa\x0f\
\xcfi\xe6\xa5#E\xe4\x0c\xeb\xf6\x0f\xa5\xd4\x05\x22\xb2\
]k\xdd\x97*,\xe8\xbfJ\xb7\x07\x00\xd7\xf9\xacc\
\x1c\x00\x9cp\x91R\xcaT\x96\xdb\xe8\xf6@\x10\x97\xc2\
i\xe1\x08\x00\x80\x13\x98\xe3\x00\xee`\xfe\xe7\x11\xe1\xf4\
\xa4G\xfc\xc8\xb4\xaeN\x9bc\x95\xc46\x15K\x1e%\
\x5c\x02\x00\x00<\xae\xc0j\xb7\x12\x8eOD\xa4\xde\xc6\
\xe76UKn\x15\x91\xc7l\x0a\x97t6\xd5\xb4\xf4\
\x11\x91\x83\xc3l\x89s\xb2\x88\xfcSD\xbecc\xb8\
\xc4\xd8\xd6K\xf8\xa4\xb77pfl\xe9\x11\x8e\xe1h\
\xab\x8f\xf1\x90\x08\xb7\x83\xf0\xf5\xa5\xbd\x13\xe27`b\
* \x01\x80\x13R\xacy\x14\xe0\x84}l\xdc\x16\xad\
\x1a\x01\x00}\xc1\x1c\x07p\x07\xf3?\x8f `\x92\x00\
LIw\xa5\xd4@\xeb\xc3\xfa\xdd\x22\xf2\xa6\x88\xac\xd4\
Z\x9b\xb68\x00\x00\x00^7\xb0\x8f\x01\x93:;\x9e\
T)\x95-\x22\x8bE\xe4<q\xd6x\x119\xd2\x0a\
\x90\x84r\x91\x88\xfcND\x86\xdb\xfc\xfc\xb5\x22\x12\xaa\
UJ4\x17\x9fO\x11\x91c\xad\x96D\x00\x9c\x97\xd4\
\x87\xf3+\x80\xc4c>7\x8a\xb4\xaa\xd8W\x95R\x0b\
l\x1a\x0f\xd0\xde\xd7l\xdc\x96-\xef\x1f\x00\x001\x83\
9\x0e\x10\x9b\x98\xffy\x04-r\x12CPD\xaa\xad\
[@km\xfe\x0d\x00\x00\x10+\x06Ymj\xc2\xf1\
\xb9\xd5&\xc7\x0e_\x17\x91\x8b\xa30g6U$\x0e\
\x13\x91\xfdE\xe4\x83\x1e\xda\xf4\x98P\xc9\x95V\xd8\xc6\
nf\x8e\xb8\xbe\xdb\x81)e*\xb8\xa4E\xb9\x9a\xc2\
\xd5\x22\xb2DD>\x8b\xe2\xf3&*\xde\x17\xc0\xc8u\
{\x00\x00<\xcbT\xbf}KD\xbe\x11\xe1vnS\
J-\xa4\x05\x1e\xec\xa2\x94\xfa\x965W\xb7\x0b\xd5\x9d\
\x01\xc4\xab!J)\xf3y\x83\x17\x98\xb6\xc0;\xb5\xd6\
[\xdc\x1e\x08s\x1c\xd8\x84\xe3+\x8a\x98\xffy\x0b\x01\
\x93\xc4\xd0\xc6\x1f8\x00\x00\x10\xc3\x06\x8bH~\x98\x8b\
\xe5\xa5\xd6\x9b\xaa\x88(\xa5N\xb6\x82\x0e\xa6\xc5`4\
L\xb6\xca<v\x09\x98\x98y\x9cR\xeaa\x07*\x97\
\xb4\x0f\x98\x14\xf7\xf0\xb5\x05.,>\x8f\xb1\xaa\xa6\x10\
0q\x1e\x95+`\xd0*\x09@(?\xb1\xae\x14\x8c\
\xa4\xdf\xf9A\xe6*_\x11y\xda\xc6q!\xb1\x16_\
\xcc\xdf\xaa\x22\x11\xd9WD\xbe\x22\x22\xf3\xc4^&\xa4\
\x0e\x00\xf1\xe8(\xeb\xe6\x19J\xa9U\xa6Z\xac\xd6\xfa\
\xdf.\x0f\x859\x0e\x22\xc5\xf1\xd53\xe6\x7fq\x8e\x80\
I\x02 \x5c\x02\x00\x00b\x9ci\xf3W\x10fiC\
s\x15J \x92'SJ\x0d\xb0Z\xb5\x8c\x90\xe8\xc9\
\xed\xaeJ\x8bR*UDN\x12\x91C\x1c\x5c\x046\
\xfbm{\x0f_[\xd8\x87\xea1v1?\xe7B\xa5\
\xd4\x07Z\xeb\xca(?w\xc2PJe\x89\xc88\xb7\
\xc7\x01\x00\xf06\xad\xf5\x0e\xa5\xd4m\x22r]\x84\x9b\
\xbaU)\xf5\x82\xd6\xba\xd5\xa6\xa1!vxn\xf1\xa5\
\x13\xf3\xdea\x85\xdb\x83\x00\x80\x042MD^UJ\
\x1d\xab\xb5~\xcd\xadA0\xc7A\x9c\xf2\xc4\xf1\xc5\xfc\
/\xfe\x110\x01\x00\x00@,\x04L\xc2\xa9\xa2Q/\
\x22\xbbl\x08\xd7\x1e,\x22\xf3\xfbP\xfd\xc3<\xaf\x0e\
\x11\x960W\xc3\x98\xd0J(~\xab\x07pg&\xdc\
\xf1m\x11I\x0as<\xb5\x22\xb2'\xccy\xbe\x19[\
\x8a\x88\xac\xb6\x829\xdd9\xb4\x0fW\xf34\x89\xc8\xee\
\x10?\x9fi\xef\x93\xd3\x87*&\xe6\xb1\x04L\x9c\xad\
\x0c4\xd3\xedA\x00\x00b\xc2\xed\xd6|\xc4\xb4\xce\xeb\
\xaf\xf1\x22r\x91\x88\xdca\xe3\xb8\x00;\xbc\xab\xb56\
sh\x00@\xf4$[s\x82).\x8f\x839\x0e\xe2\
\x91W\x8e//c\xfe\x17!\x02&\x00\x00\x00\x88\x85\
\x80\x89/\x8c\xc7\x99>\xa3\x0d6<\xdf\x01V\x8b\x96\
\xde\x94\x88\xc85\x22\xb2-\xc4c|VH\xc3\xb4\xdb\
\x09e\x97\x88T\xb4\xbfC)\xa5\xac\xb68\xe1\x96\x80\
\xfc\xa7\x88\xfc\xce\xda\x07\xe1\xec\xaf\xbd\xe3\xdb\xa1\xb5\xee\
\xa9\xadPQ\x98\x95S6\x8b\xc8\x0fB\xec\xff\x80U\
\xd2\xf2{\x222=\x8c\xed\xf9\xad\x96Gp\x8eym\
\xcdu{\x10\x00\x00\xef\xd3Z7(\xa5L\x19\xf9\x07\
\x22\xdc\xd4\xb5J\xa9\x07\xb5\xd6&\xa0\x0bx\xc5\xb3n\
\x0f\x00\x00\x12\xd4d\xa5T\x81\xd6\xba\xca\xad\x010\xc7\
A\x1cs\xfd\xf8\xf28\xe6\x7f\x11\x22`\x02\x00\x00\x00\
\xaf\xcb\x0c\xf3q\x1f\xf5P\x05\xa4\xafF[\x95=z\
cJ)>\xa9\xb5n\x0c\xf5 \xa5\xd4\xa00\xb6e\
B*;;\xdd\x97\xd4\x87\xea-\xe6\xfb\xef\xd5Z\xbf\
,6QJ\x8d\x0e3\x5cb>@\xb9Gk\xfdb\
/\xdb\xdbj\xb5\xfb\x09'`\xb2\xc1\xaa\xc4\x02\x07(\
\xa5\x92\xac\xea%\xd1l\x03\x05\x00\x88m\x0f\x8b\xc8%\
\x222'\x82m\x14\x8a\x88Y\xc4\xb9\xc2\xc6q\x01\x91\
\xa8\xb7aQ\x11\x00\xd0\x7f\xa6j\xab\xdb\x0b\xe0\xccq\
\x10\xaf\xbcp|y\x11\xf3?\x1b\x84[j\x1b\x00\x00\
\x00\x88:\xa5\x94y3\x94\x1f\xe6\xc3\xdf\xb6\xda\xb4D\
\xf2|9a\xb4\xb3\xd9kMo\x81m\xa5\xd4\xc00\
+\x90\x98j(;:\xdd\x97f\x95Z\x0d\xc7F\x11\
Y.\xf6Z\x18f{\x9c\x8a0\xdf\x98\x99>\xb0\x93\
\xc2|\xeeU\xbd\x05w\x10\x91\xa9\x22\xf2\x0d\xde\x0f\xc2\
B\xb5 \x00\xbd\xd2Z\x9bs\xc5\x0fm\xd8\xd4b+\
\xc4\x0ax\xc1o)\x8f\x0e\x00\x89\x8d9\x0e\x90p\x98\
\xff\xd9\x80\x0f\x14\x01\x00\x00\xe0e\xb3\xc3lWc\xac\
\x08\xd1\xea%\x5c\xfbYUC\xc2\xf1~\x18oH\xb2\
E\xe4\xa00\xb6e\xaa{\x94w\xf3\xbd\xf3\xc3\x1c\xcb\
n\xab\xcd\x8e\x9d\xe6Z!\x97\xde4h\xad\xc3yn\
\xf3{\x1c\x13\xe6sw\xde\x17\xb0\x89R*KDN\
\xefC\xeb%\xc4\xbf:\xb7\x07\x00 6h\xadM\x98\
\xf7\xb9\x087c\xe6\x167\xdb4$ \x12\xa6\x02\xe0\
\xcf\xdd\x1e\x04\x00\xc0}\xccq\x80\x84\xc1\xfc\xcf&\x04\
L\x00\x00\x00\xe0e\x07\x88\xc8\xf00\x1e\xd7fS\xd9\
G\x13\x06\x19\x19\xe6c\xeb\x94R#z\xb8\x8dTJ\
\x99\xa0\xca\xbe\xa6\xefi\x18\xdb\xda\xa5\xb5n\xed&`\
\xb2 \xcc\xb1\xec\xd6Z\xdb\xb6H\xac\x94\xf2\x89\xc8D\
\x11I\xed\xe5\xa1\xba\x0f\xc1\x96p\xaa\xa1\x88\xb5\xbd\x88\
*\xd1 \xa4\xff\xb3\x02&\x80a\xae\xd6+u{\x10\
\x00b\xca\x8fD$\xd2@\xefYJ)\x13d\x05\xdc\
b^\xc3gP1\x0f\x00\xd0\x0es\x1c \xbe1\xff\
\xb3Q\xc8\x92\xde\x00\x00\x00\x80\xcb\xf6\x0b\xa3E\x8e\xb6\
\xda\xcb\xa8(=\xdf^\xe7\x8bHK\x0f\xa1me\xf5\
\xf4\x1ca\x05Ez\xd3\xd8C #\x9c\x169\xda\xaa\
`b'\xb3\x0f\x06\x86\x11Ho\xb2Z\x05\x85\xbb\xcd\
p,\xa1G\xac3\xacr\xbd\x17\x8a\xc88\xb7\xc7\x02\
\xcf\x08X-\xba\x00 ,Z\xebMJ\xa9\xdf\x89\xc8\
e\x11n\xeav\x11\xf9\x92M\xc3\x02\xfa\xea\xbbZ\xeb\
\xf7\xdd\x1e\x04\x00\xc0;\x98\xe3\x00q\x8f\xf9\x9f\x8d\x08\
\x98\x00\x00\x00\xc0\x93\x94R&\xdc\x90\x1bf\xc0b\x8d\
\xb5P\x1a)\x13\xaa\x08\x97]U \x1az\xa8\x02\x12\
N{\x1a\xa3\xda*\xf1h\x0b\xa5\x94\x09\xc7\x14\x88\xc8\
\xa00\x02&\xa6E\xd0\xe7al3\xd5\xdaf8V\
Z?\x13l\xa4\x94J\x17\x91\xef\x8b\xc8Qn\x8f\x05\
\x9eb\xce\x9b[\xdc\x1e\x04\x80\x98s\x93\x88\x9c+\x22\
\x03\x22\xd8\xc6aJ\xa9\xafh\xad_\xb4q\x5c@\xb8\
\x8b\x0b\xf7\xba=\x08\x00\x80'1\xc7\x01\xe2\x13\xf3?\
\x9b\xd1\x22\x07\x00\x00\x00^e\xde\xd0\xe7\x85\xd9\xe2a\
m\xa4\x01\x13+\xd0bZ\xc3D\x9b\x19\xfb\xcenB\
\x1e\xa3\xfb\xf0\xfd&\x94a\x17e\xed\xfb\xa20\x1ek\
\xaa\xb4l\x0c\xe3qya\xfe.\xc5\x0a\xcbP\xae\xd2\
F\xd6\xeb\xe9\xcb\x22r\xbc\xdbc\x81\xe7\x98\xf6b\x1b\
\xdc\x1e\x04\x80\xd8\xa2\xb56A\xd0\xebl\xd8\xd4mJ\
).~C\xb4\x98\xd7\xed\x89Z\xeb?\xb9=\x10\x00\
\xc0\x7fU\x88\x870\xc7A\x9c\xf1\xd4\xf1\xe5\x12\xe6\x7f\
\x0e!`\x02\x00\x00\x00\xaf\x9a\xd4\x87\x80\xc9z\x1b*\
\x98\x0c\x0a\xb3\x9d\x8d\xdd\xd6v\xd3\xa2\x22+\xcc\xf68\
\xc6&\x11Yg\xe3xL\xc8fb\x98-\x87L+\
\x9b\xada<.'\xcc\x0a&\xa6\x1aM\x99\x0d}\x8f\
\xd1\xd1H\x11\xb9\xb4\x0f\xaf)$\x0e\x13\xe6Z\xe5\xf6\
 \x00\xc4\xa4\xbbm\x98\x7f\xeck\xb5\x1c\x04\xa2\xe1(\
\xad\xf5\xf3n\x0f\x02\x00\xf0_ok\xadMEW\xaf\
a\x8e\x83x\xe0\xd5\xe3+\xda\x98\xff9\x84\x80\x09\x00\
\x00\x00\xbcj|\x98-r\x82\xd6\x9b\xffH\x03&c\
\xac`G\xb4\x95u\xd3\x12\xc6\x04]\xf6\x09\xf3\xfb\xb7\
j\xad\xebl\x0e\x98\x1c\x14f;M\xd3\x22g{\x18\
\x8f+\x0c3`b\x02+\xbb\xb4\xd6\xe6w\x0a\x1b(\
\xa5\xcc1t\xa7\x88\x1c\xe8\xf6X\xe0I\xe6\x98[\xea\
\xf6 \x00\xc4\x1e\xad\xb5\xa9\x80t\x99\x0d\x9b\xbaA)\
\xe5F\xc0\x17\x89\xa7\xc5\xed\x01\x00\x00\xfek\xb7\x88\x5c\
$\x1e\xc4\x1c\x07q\xc0\xb3\xc7\x97\x0b\x98\xff9\x84\x80\
\x09\x00\x00\x00\xbc\xca\x04>\xb2\xfb\x10\xd2\x08\xdaP\xe5\
!S\xa2\xafTD:_U`~\xeeqa~\xbf\
iSc'\x13,\x99\x1fn\xc0Dk\xdd\x12\xe6\xef\
rX\x18\x8f\xab\x11\x91\xca0\x1e\x870(\xa52D\
\xe4is\xc5\x06\xef\xfd\xd0\x8dV\x11Yc}\xf8\x04\
\x00}\xa6\xb5~YD^\xb3\xa1\x82\xdc\x8fm\x1a\x12\
\x10J\xba\xdb\x03\x00\x00\xc8\x1e\x11yPDfk\xad\
\xcd{\x11Ob\x8e\x83\x18\x15\x13\xc7W\x941\xffs\
\x08=\xc0\x00\x00\x00\xe0U\xe3\xc2\x0c\x98\xec4!\x0b\
\xad\xb5i\xaf\x12\x89\xb1.\xb5\xc8\xa9\xe8f\xec\xd9V\
I\xd5p\xde<\x86SA\xa4\xaf\xa6\x85\x11Hh\xb3\
\xf6}8F\x89\xc8\x880\x1eg~\x96\xe60\xb7\x89\
\x10\x94R\x85\xd6\x07\x0b_\xe2}\x1fz`\xc2\x5c\xbf\
\xb1\xe1\xdc\x09 \xb1\x99+|?\xb5*\xa0\xf5{\x1b\
J\xa9\xbb\xb4\xd6;l\x1c\x17\xd0\x99\x09\xde\x02@\xa2\
yLD\xbe+\xde\xd0\xac\xb5\x8e\xa5\xf7\xfb\xccq\xd0\
\x1b\x8e/\xefc\xfe\xe7\x10>h\x04\x00\x00\x80\x97[\
\xe4$\x87\x11r0\xa1\x04;Z\xc4\x0c\x0d\xa3\x82\x89\
\xa9\x92R\xde\x87`Eoor\xcc\x87\x15\xcbz\xf8\
\xda\xe00\xb6\xb1QD6\x8b\xbd\xcc>H\x0d\xe3q\
\xbbD\xe4\x930\xb79<\xcc\xf7\x1e\xe6\xe7\xa1|\xa5\
=\xee\x15\x91\xa3y\xcf\x87^\x02&\x1f\xb8=\x08\x00\
\xb1Mk\xfd\x99R\xea/\x22\xf2\x9d\x086c\xe6=\
7\x8a\xc8y6\x0e\x0d\xf1\xb1\xf82\xc0\x9a\x1f\xda!\
\xcf\xa6\xed\x00@,i\xd5Zwn\xc9\x8b00\xc7\
A\x188\xbez\xc6\xfc/\xce\xf1a#\x00\x00\x00<\
G)\x95&\x22\xb9a<4`\x05L\x1am\x0a\x98\
\x98\xe7\x0d\xa5ID\xee\x13\x91\xa7\xcc\xe7\x0d6\xcc\xc5\
w\xf7\x10V\x19\x22\x22)alc\x8b\x88l\x13\x9b\
(\xa5|}h\xcdc\xc6\xfd~\x1f\xde\x1c\x86c\x83\
\xb5\x8f\xd1OJ)\x13L\xbaUD\x8e\x8f\xf0J+\
\xc47\xf3!\xd8CV\x7fq\x00\x88\xd45\x22r\x86\
\x88\xe4D\xb0\x8do*\xa5\xee\xd0Z\xaf\xb4q\x5c\x88\
\xf1\xc5\x17\xa5\x94\x9d\xf3\xc2\xde\xe6\xf9\x00\x00t\xc6\x1c\
\x07\xe8\x1f\xe6\x7fq\x8e\x80\x09\x00\x00\x00\xbch\xb6\x88\
d\x85\xf18\xb38\xba\xd6\x0a\x9a\xf4\x9bR\xcaT\xed\
\x18\x16F[\x18Sn\xf2#\xad\xf5\xf2H\x9e\xaf\x97\
\xb1\xa4Y-e\xc2QjU!\xb0\x8b\x09\xb5L\x09\
\xf3\xb1\xa6\x82\xc9\xa6\xde\x1e\xa4\x942\xad\x87F\x86\xb9\
Ms\x85\x02%=\xfbI)5_D\xae\x17\x91c\
\xdc\x1e\x0b<\xcf\x1ck\x0f\xbb=\x08\x00\xf1Ak]\
\xae\x94\xba\xd9\x0a8\xf6\x97\x12\x91\xdbE\xe4(\x1b\x87\
\x86\x18\xa7\xb5nQJ\xb5\x86Y]\xaf7\xbdU*\
\x04\x00\xa0\x03\xe68@\xf41\xff\x8b\x0d\xbd}\x80\x0e\
\x00\x00\x00\xb8\xe1P\x11)\x08\xe3q\xe6\x0d\x87\x1da\
\x0f\xf3\x5c\x85a<\xce\xb4o\xa9TJ\x99\x0f\x08\x9c\
\x92-\x22#\xfa\x10\xf2hq)`R\x1df\xf5\x03\
\x13z\x98\x10\xe66\xd7i\xad\xfda>\x16\x16\xf3z\
TJ\x9d,\x22\xbf!\x5c\x820\x98s\xc6R\xad\xb5\
\x1d\xad\xbe\x00`\xaf;D\xa48\xc2m\x1c\xa9\x94:\
\xd2\xa6\xf1 ~\xd4\xd8\xb4\x9dp\xaa#\x02\x00\xd0\x19\
s\x1c \xfa\x98\xffy\x1c\x15L\x00\x00\x00\xe0E_\
\x0a\xb3\x04\xa9\x09#,\xb5\xe1\xf9&\x84\xf9|\xa6L\
\xe3V\xadu\xa4\xedqz\xeb\x0f:>\xccp\xcd6\
\x9b\xc7\x92\x1af\xc0\xc4,P\x97\x84\xb9\xcd9V\xfb\
\xa1pT\xf5\xd0\xf2e\xae\x88\x0c\xb4~\xe6\xde\xf6\xdd\
\xabZ\xeb^+\xab\xc4\x0b+\xect\xb6\x88\xfcTD\
\xf6q{<\x88\x09\xe6\xd8}\xd6\xedA\x00\x88/Z\
\xebf\xa5\xd4\x95\x22\xf2x\x84\x9b\xfa\xa5Rj?\xad\
u\xd0\xa6\xa1!\xf6\xd5Z\xf3\xc0H\xa5\xdb\xb0\x0d\x00\
@\x82a\x8e\x03\xb8\x82\xf9\x9f\xc7\x110\x01\x00\x00\x80\
\x17M\x0cs\xae\xdafJ\x96\xda\xf0|\xb3\xc2l\xc9\
c\x16\xf33\xac\x96:\xfde\xb6\xd1\x18\x22\x18b\xaa\
\xa9\x8c\x0bc;\xa6zH\x8a\xd5R\xc7\x17\xe6s\xfb\
\xb4\xd6u\xa1\xbe\x1efH\xa1LD\xc2\xed\x1f<\xc6\
\xaa\x8c\xd2\xe7p\x89e\x9e\x88\xfcVD\xc6\xf6R\xad\
\xc5\xecO\xf3{\xb9E)\xf5\x0b\xad\xb5y3\x1a\xd7\
\x94R\xa6\xad\xd3\xa9\x22\xf2\x03\x11\x19\xed\xf6x\x103\
\xcc\xd5wo\xb9=\x08\x00q\xe9I\x11Y,\x22\x07\
E\xb0\x8d\xe9\x22r\x8e\x88\xdco\xe3\xb8\x10\xdb\xec\x9a\
\xd3Q\x22\x1d\x00\xd0_\xccq\x80\xe8b\xfe\xe7q\x04\
L\x00\x00\x00\xe0)J)3G\x0d\xe7\x8a\x0e\xf3\x98\
\xad6=\xed\xd00{{\x0e\x10\x91\xcbD\xa44\xc2\
\x80I\xb1R\xea\x05\xad\xf5\x9e\x1e\xd2\xf5\x85a\xbeI\
:MD\x86[c\x0f\xa7m\x8f\x09\xa4\x98\x8a/o\
h\xad\xbb+7\x99\x15\xe6\x15\x02;Ddmo\x0f\
\xb2\xc2/\xe1\x04w\x8cw\xad\x0a1\x9d\x8dkW\xd1\
%#\xccj4f\xff\xd5\xc6y\xd5\x92\x99\x22r\xb1\
\x88\x9c\xe7\xf6x\x10S\xaaE\xe4E\xaduo\xd5\x80\
\x00\xa0\xcfLxV)u\xa9\x88|\x14\xe1\xa6nR\
J=a\xd3\xb0\x10\xfb\xec\x9a\xd3\xe5\xdb\xb4\x1d\x00@\
\x82a\x8e\x03D\x1d\xf3?\x8f#`\x02\x00\x00\x00\xaf\
\x19\x16f\xd8\xa3AD^\xb3\xe99k\xac\x8a \x12\
F\x0b\x96\xef\xd8\xf0|\xa6\x12\xc7z\x11y\xaf\x9b\xaf\
\xb5\xf5\x10\xb4\xe8\xce\xb1\xd6\xad/\xb6ZW\xcd\xbc\xd5\
MhaT\x98\xe5#\xf7X!\x93p\xaa\x97\x84\x13\
\x96\xd9\x1b0i\xee\xe6\xfe\xbe\x96\xc4\x5c#\x22\xbb$\
N)\xa5L\xc8\xe60\x11\xb9\xd9\xaa\xbc\x03\x84+ \
\x22/\x89\xc8\xef\xdd\x1e\x08\x80\xf8\xa5\xb5^\xa2\x94\xfa\
\xab\x88\x9c\x19\xe1\x5c\xf0\x876\x0e\x0b\xb1\x1f\x8e\xb4\x83\
\x1de\xd6\x01\x00\x09\x8a9\x0e\x10U\xcc\xff<.\xc9\
\xed\x01\x00\x00\x00\x00\xddT\xa0\x08\xa7\xa5\x8ai\xf5\xf2\
\xb6M\xcf\xb9\xcc\x0a\xacDKk\x88\x8a#\x95V\xf8\
\xc4)\xaa\x87\x00O\xaa\x1501UGzc\xf6U\
c\x18\x8f\xdb\xa7\x0f\x01\x93\xf7;\xb7\xc0QJ%\x85\
Y\xb5\xa4\xbd\xadZ\xebp\x03:1E)U$\x22\
g\x89\xc8\x9f\x09\x97\xa0\x1f6\x8b\xc8\x13\xf4\xfc\x06\x10\
\x05W\xf5\x10\x1a\xed\x8b\x1f\xd33\x1d\x96\xee\xaa\xee\xf5\
\x87\xa9D\x08\x00@$\x98\xe3\x00\xd1\xc1\xfc\xcf\xe3\x08\
\x98\x00\x00\x00\xc0k\xc6\x85\x190\xa9\xb7B\x09vX\
\x22\x22\x15\x12\xdd\x85\xde\xee\xda\xe3\x18e6\x94]\x0d\
\xe5C\x11\xd9\xd0\xcd\xfdiV\xc5\x91p\xdf\xe8\x85\xf3\
\xa1\xca\x18\xab\xeaK8\x81\x9b\xdd\xdd\xb4F*\x10\x91\
\x11\xd27&x\x14W\x94R\xa9J)\x13\xd6\xf9\xad\
\x88\xdcc\xb5E\x02\xfa\xc2/\x22\x7f\xd3Z\x9b\x0a&\
\x00\xe0(\xad\xf56\x11\xf9U\x84\x9b\xc9\x0e3\xf4\x8a\
\xf8g\xd7\x15\xac,0\x00\x00\x22\xc2\x1c\x07\x88\x1a\xe6\
\x7f\x1eG\xc0\x04\x00\x00\x00\xb1\x1a0i\xb5\xabR\x85\
\xd6\xba\xd2j\x19\x13NU\x0e;\xec\xb0\x022\xdd\x8d\
\xc5\x04$\xfe\xed`E\x95\xd5\x22R\xd2\xcd\xfd\xe6\x0a\
\x9aIan\xa3Zkm\xdam\xf4f\xb4\x88\xe4\xf6\
\xf2\x18-\x22\xc5f\x7f\x98\xbe\xc6\x9d\xbef\xc2%\x83\
%|\xad6\xf6iu\x9di[\xa4\x942mMO\
\x14\x91\xd7\xad\xea%=U\xbe\x01zb\x8e\xab\x7fZ\
\xe1$\x00\x88\x96[\xad\xd0,\x10)\xbbZ\x1f\x0e\xb2\
i;\x00\x80\xc4\xc6\x1c\x07p\x1e\xf3?\x8f#`\x02\
\x00\x00\x00\xaf\x19\xd5C\x0b\x97\xf6L\xb8a\xad\xcd\xcf\
{\x97\x88l\x91\xe8\xd8\xdeK\x05\x90u\x22r\xa7C\
\xcf]\xab\xb5n\xeb\xe6\xfeL\x11\x99\x16\xc6\xf7\x07\xfa\
\x10\xe2\x18\x11F\x8b\x9b\xa0\xb5?\x1azx-\x98\x1e\
\xc5\xe1ZeUB\x89\x17\xe6\x8d\xf0/\xac\x968}\
\xad\xe4\x02\xecU.\x22\x0f\x8a\xc8&\xb7\x07\x02 q\
h\xadM\x90\xf6j\xb7\xc7\x81\xb8`W\x95A\xd3j\
\x10\x00\x80\x880\xc7\x01\xa2\x82\xf9\x9f\xc7\x110\x01\x00\
\x00\x80g(\xa5\xb2\xac\xf6\x1f\xa6jC(&\x8c\xb0\
\xd1\xe6\xa7\xdf`]\x89b\x16c\x9df\x02\x15-!\
\xben*\xaa\xdc-\x22o:\xf0\xdcu!\xca\xb4N\
\x0d\xb3\xd5F\xb8\x95^\xc2\x09\x87\x98\x80\xc9\xd6\x1e\x02\
7\xa3\xfa\xd8\x0efE\x94[\x1d9B)\x95\xa2\x94\
:OD\xde\x16\x91\x8b\xac*0T.A\x7f=m\
*\xe0tS!\x08\x00\x9c\xf6\x80\xf5\xb7\x19\x88\x84]\
W\x89g*\xa5L\xc5>\x00\x00\x22\xc5\x1c\x07p\x16\
\xf3?\x8f#`\x02\x00\x00\x00/\xc9\xb0Z\xa2\xf8\xc2\
\xa8\xa2ak\xc0Dkm\x82\x0e\xcf\x88\xc8I\x22\xf2\
\x88\xd5V\xc2\x95\x80\x89\xb5\x10l\xda\xc6\x9cg]\x19\
cg\xf9\xd5\x9e\xc2!ia\x04{\xf6\xf6A-\xed\
\xedAJ\xa9\xc20\xaf\x140\xed\x90\xd6X\xbf\xd3\xee\
\x02*&t\xd4\x97\xfdjW\x9fVW(\xa5L\x8b\
\xa8\xe7\xac\xca%\x13\xc3\xa8\x00\x03\x84b\x8e\x87\x7fh\
\xad\xab\xdc\x1e\x08\x80\xc4c\xcd\xad~\xe8\xf68\x10\xf3\
\xec\x0c\x0fs\x15+\x00 b\xccq\x00\xc71\xff\xf3\
\xb8p>@\x06\x00\x00\x00\xa2\xa5FD\xfe$\x22\x87\
[\x81\x07\xf3\xa6\xbd\xbb9\xec6\x11Yj\xf7\x93k\
\xad\x9bD\xe4}\xa5T\xb1uE\xca\x01V\xdb\x18S\
A\xc2.\xe6\xe7Z)\x22\xad\xbd\x8c\xc5\xfc\xec\x9b\x95\
R\x7f0\x0b\xc4\x22r\xb0\x88L\xb1\x028&\x94\xd1\
\x9fpyu\x88`\xcev+\xd4\xb0_\x0fa\x0fm\
\x85=\x96Y\xb7p*\xa5\x98*,\x8bB\xfc.\x95\
\x15\xb4y\xb3\x87\xe7|\xc6j\x133\xc9j\xcb\xd3S\
\x15\x0fe\xfd|\x1f\xf4\xa1\xba\x8a\xa7(\xa5rD\xe4\
;\x22\xf2M\x11\x99\xcc\xc5\x00\xb0\xc9u\x22\xf2o\xb7\
\x07\x01 qi\xad\xdfPJ\xbd \x22\xc7\xbb=\x16\
\xc4\xac]6nk\xa0\x88\x94\xd8\xb8=\x00@\x82b\
\x8e\x038\x8a\xf9\x9f\xc7\x110\x01\x00\x00\x80gh\xad\
\xfdJ\xa9\x87D\xe4e\xab\x8aIwUD\x92\xacv\
*e\x0e\x8ec\xa7\x88\xecTJ-\x11\x11S\x89#\
\xd5\xc6\xcd\x9b\x9f\xab8\xdcv\x15Zk\x13\xacX\xa6\
\x94Z+\x22\xf9\xa6\xbcc?\xc3\x07\xcajo\xd3\xd3\
\x9b\xb4\xdd\x22r\xbb\x95\xec\xef.\x0c\xb2\xf7\xfdCm\
8o\xf4\xda\xfd.\xff\x1e\xe2w\xf9\xc5CM\xb8E\
k\xdd]\xc0d\xb9\xb5@^\xd0[ \xc7\xda';\
\xad`NLQJ\x9da\x05Kfqe\x05lt\
\xbf\x88<\xaa\xb56-\xc5\x00\xc0M?\x12\x91c\xfa\
\x19\x90\x05\xec^`\x00\x00\xc0.\xccq\x00g0\xff\
\xf38\x02&\x00\x00\x00\xf0\x14\xad\xb5\xa9bbn\xae\
\xd3Z\x9b*\x1c\xe6\xe6:\xab\xbaJ\x93\x83\xdb7\xc1\
\x8c=\xd6\xcd\xaemVG\xd2\xb2\xc6\x1a\xd3\x17a\x1f\
\x89CJ\xa9\xe9V\x1b\xa4\x13Dd\x8c\xdb\xe3A\x5c\
1UKn\xd3Z\xdbv<\x03@\x7fi\xad\xd7+\
\xa5\xfe(\x22\xdfw{,\x88=Z\xebF\xa5T\xa3\
\x15\xb2\x8e\xd4p\x1b\xb6\x01\x00\xc0\x17\x98\xe3\x00\xce`\
\xfe\xe7}\x94]\x06\x00\x00\x00\x80(RJMPJ\
\x99\x0f\xa0~o}\x10E\xb8\x04v\xfa\x5cD\xae\xd7\
Z\xafs{ \x00\xd0\xce\x8d\x22R\xe5\xf6 \x10\xb3\
\xec\xaa\x5c8\xca\xa6\xed\x00\x00\xb0\x17s\x1c\xc0\x19\xcc\
\xff<\x8c\x80\x09\x00\x00\x00\x00D\x81R*W)\xf5\
\x0d\x11\xf9\xb5\x88\xfcRD\x0eu{L\x88;\xa6\x0d\
\xd6-Z\xeb\xb7\xdd\x1e\x08\x00\xb4\xa7\xb5\xae\x14\x91\x1b\
\xdc\x1e\x07b\x16\x0b\x0c\x00\x00Ob\x8e\x038\x86\xf9\
\x9f\x87\x110\x01\x00\x00\x00\x00\x07)\xa5r\x94R_\
2U%D\xe4.\x11\xf9\x0a\xedJ\xe1\x90\xc7D\xe4\
I\xb7\x07\x01\xa0\x03\x9f\xdb\x03\xf0\x10SB~\xbd\xdb\
\x83@L\xdaj\xd3vX`\xf8\x0f\xceK\x00`/\
\xe68\x80\xfd\x98\xffy\x18\x01\x13\x00\x00\x00\x00p\x80\
R*K)u\x98\x88\x5c!\x22\x0f\x8a\xc8\xa5\x22\x92\
\xe1\xf6\xb8\x10\xb7\xde\x17\x91\xeb\xb4\xd6\xcdn\x0f\x04\xae\
Jw{\x00\x1e\xe6\xd6\xbe)\xb0q[m\x12\xc3\xb4\
\xd6\xa6\xca\xd2\x8f\xdc\x1e\x07b\xd2\xb68]`\xe0\xbc\
\x14\x99l\x17\x9f\x1b\xde\xc2\xfc\xa7g\xa9n\x0f \x11\
0\xc7IX\x1c_\xce\x8a\xd7\xf9_\x5c\xe0\xaa9\x00\
\x00\x00\x00\xb0\x91R\xca|\xc09ND\x8e\x15\x91\x1f\
\x8bH\x91\xdbcB\x5c\xd3\x22\xb2BD\xbe\xa5\xb5.\
v{0\xe8\xb3\x80\xcd\xdb\x9b`\xf3\xf6\xe2i\xff\xb8\
\xb5ol{^\xadu\xbd\xc48\xad\xf5\x0bJ\xa9\x7f\
\x8b\x88\xa9\xec\x05\x84\xab\xd8C\x0b\x0c\x9c\x97\xfa\x7f^\
\xb2\xfbo\xde>6o\x0f\xd1\xc3\xfc'z\xfbg\xb4\
\x8d\xdbB\x08\xccqb\x06\xc7W\xec\xf0\xd2\xfc\x0f\x9d\
P\xc1\x04\x00\x00\x00\x00l\xa0\x94JUJ\x8d\x15\x91\
\xb3E\xe4\x11\x11\xb9\x9dp\x09\x1c\x16\x14\x91OE\xe4\
{Z\xeb\xcf\xdd\x1e\x0c\xfaNk]g\xf3&OR\
J\xc5\xcd\xc5D6\xef\x9fYJ\xa9\xa8.@)\xa5\
f\x89\xc8$\x9b6\x17\xf3\xe1\x92v.\xb5\xc2q@\
\xb4\xaf`MWJ\x0d\x8cd\x03\x9c\x97\xfa\x7f^r\
\xe0o\xde\xe1J)\xe6\xda1\x88\xf9OT\xf7\xcf|\
\xa5\x14\x8b\xab\xd1\xc3\x1c\xc7\xe38\xbeb\x8ag\xe6\x7f\
\xe8\x8a\x80\x09\x00\x00\x00\x00D\xc0|\x98\xa9\x94\xca\x13\
\x91\xe3E\xe4o\x22r\x8fY0p{\x5c\x88{\xe6\
\x83\xcb\x8d\xa6\x14\xb3\xd6\xda\xb4\xc7A\xec*\xb1q[\
\xa6z\xd2\x9d&\xf0&\xf1\xa3\xc4\xc6\xcf\xc0\xfe\xaa\x94\
\x1a$Q\xa0\x94\x1a&\x22\x0f\xd8\xb8\xc9\x1d\x12'\xb4\
\xd6\xa6\xea\xd2}n\x8f\x031e\xab\x8d\xdb\xb2c!\
\x88\xf3R\xff\xcfKv\xfe\xcd\xcb\x12\x91\x87\x95R\xb9\
6n\x13\xd1\xc3\xfc':\xfb\xc7\x04o\x1eTJ\xd9\
\xd9\x1a\x0b=`\x8e\x1338\xbeb\x83\xd7\xe6\x7fh\
'nR\x9d\x00\x00\x00\x00\x10MJ)\xb3(`>\
\xc4\x5c$\x22?\x10\x91#\xcc\xddn\x8f\x0b\x09c\xb7\
\x093i\xad\xdfp{ \x88\x98\x09\x0a\x8d\xb0q{\
\xdf\x11\x91\xa3\x94RO\x8b\xc8r\x11\xd9%\x22\xa6/\
\xbc\x1bjEd\x9d\xd6\xba\xd1#\xfbg\x9e\x88lP\
J=#\x22\x1fX\x1f.7\x89}2\xad\x0f/\x17\
\x98\xab\xa9\xad\xc5O\xbbl\x90\xf8\xf2S\x119MD\
\xb2\xdd\x1e\x08\x12r\x81\xe1\x93\x08\xb7\xc1y\xa9\xff\xe7\
\xa5\x0d6\xff\xcd;\xda\xfc>\x94RO\x89\xc8\xc7\x22\
R*\x22-\x12\xbb\x7f\xf3\x12\x09\xf3\x9f\xe8\xed\x9f\xc3\
\xac\xe3\xc4\x9cg>\xb2\xc2a\xcd\xe2\x9ejk\xff\xb8\
9\x06'1\xc7\xf1>\x8e\xaf\xd8\xe0\xb5\xf9\x1f\xda!\
`\x02\x00\x00\x00\x00\xfdc*\x96\x5cn-\x0c\x98\xf7\
V\x84K\x10-m\x22b><\xbf\xc3\xed\x81\xc0\x16\
\x1fY\x1fL\x8a\xcd\xfd\xc0/\x13ohUJ\xdd/\
\x22Wh\xad\xcd\x82\x8b\xdb\xfb\xc7\x5c\xe9\xfeM\xeb\x16\
K\xcc~\x88\x1bZ\xeb2\xa5\xd4\xad\x22r\x93\xdbc\
\x81\xf7i\xad\xeb\x95RU\x22b\xc7\x15\xc2\xa6\x9da\
\xa48/\xf5\xff\xbcd\xaa\xae}\xc9\xe6q\x98\xb2\xf7\
\xdf\x15\xef\xfc\xcd{\xc0\xaa0\xd7\x9f\xbfy\x89\x84\xf9\
Ot\xf7O\xa1\x88|\xdb\xbayA\x93R\xcaT\xfe\
\xbcJkmg\xa8\xceu\xccqb\x02\xc7W\x0c\xf0\
\xe0\xfc\x0f\xed\xd0\x22\x07\x00\x00\x00\x00\xfa@)u\xb4\
R\xeay\x11\xf9\x8b\x88\x1c`U1\xe1\xbd\x15\xa2\xe9\
/\xd6\x87\xd5&h\x82\xd8\xf7\xba\xc47s\x8e\xbc@\
D^UJ\xa5\xf4\xe3\xfb\xe3}\xff$\xf2~\xf8\xb5\
\x88lw{\x10\x88\x19\xdbl\xda\xced\x1b\xb6\x11\x8f\
\xc7c\xb4\xf6\xc3\x1b\x09\xf07\xef;\xd6\xdf\xbc4\xb7\
\x07\xe3q\xf1~\x1c1\xff\x09-CD\xbe/\x22/\
X\x95A\xe3\x0ds\x1co\xe3\xf8\x8a\x1d^\x9a\xff\xa1\
\x9dX\x7fa\x01\x00\x00\x00\x80\xe3\xcc\x9br\xa5\xd4\x05\
J\xa97\xac\xc5\xfdc\xac\xabT|n\x8f\x0d\x09\xe7\
\x8f\x22\xf2\x13s5\x8f\xdb\x03\x81m\xccy\xa5L\xe2\
\xdf\xfe\x22rV?\xbe/Q\xf6O(\x9bE\xe4C\
\x893\xd6\x15\x95W\xba=\x0e\xc4\xd4q`\x87I6\
l\x83\xf3R\xff\xcfKoYml\x12\xe1o\xde\x99\
n\x0f\xc2\xe3\x12\xe58b\xfe\x13\x9ai3{\x8a\xc4\
\x19\xe68\x9e\xc7\xf1\x15;\xbc4\xffC;\x04L\x00\
\x00\x00\x00\xa0\x07J\xa9t\xa5\xd4\xb9\x22\xf2\x92\x88\xdc\
h\x95\xf4\x1e&\x22\xfd\xb9\x0a\x0d\x88\xd4\xb3\x22r\x83\
\xd6\xba\xd2\xed\x81\xc0>Z\xeb\x80\x88\xdc'\x89az\
_\xbf!\xc1\xf6OO\xee\xd1Zk\x89O\x8f\xc5[\
\xfb\x1f8f\x9dW\xae`\xe5\xbc\xd4\xff\xf3\x92\xb5\xef\
\xee\x96\xc4\xd0\xe7\xbfy\x89$\xc1\x8e#\xe6?\xa1\x99\
\x96\xb3\xf1\x889\x8eGq|\xc5\x14\xcf\xcc\xff\xd0\x11\
\x01\x13\x00\x00\x00\x00\xe8D)5B)e\xae8z\
\xc1\xea\x9dl*\x96\x0cr{\x5cHh/\x8a\xc8O\
\xb5\xd6\xe5n\x0f\x04\x8e\xb8]Dj$\xfe\xf5\xb7\xea\
S\xa2\xec\x9f\xee\xec\x16\x91;%NY\x0b\xd4?t\
{\x1c\x88\x09\x9f\xdb\xb4\x9d\x22\xa5\x94\xa9B\x17)\xce\
K\xfdwG\x82\xec;\xd6^z\x97(\xc7\x11\xf3\x9f\
\xd0\xe2\xf2\xe2\x0d\xe68\x9e\xc7\xf1\x15\x1b\xbc6\xff\x83\
\x85I\x0e\x00\x00\x00\x00X\x94Rc\x95R?\x10\x91\
\x87\xac\x92\xb6\xff'\x22\xc3\xdd\x1e\x17\x12\xde\xd3\xe6\xf5\
\xa8\xb5^\xeb\xf6@\xe0\x0c\xadu\xb5\x88\x5c\xe5\xf68\
\xbc*\xc1\xf7\xcf\x0f\xe2\xbd%\x96\xd6\xfa}\x11y\xd2\
\xedq\xc0\xf3\xd6\xdb\xb8-;\xaa\x98p^\x8al\xdf\
\xfd\xc8\xde!!\x16%\xf8q\xd4+\xf6O\xecc\x8e\
\xe3]\x1c_1\xc3S\xf3?\xfc\x0f\x01\x13\x00\x00\x00\
\x00\x09O)\xb5\xbfR\xeaj\xebj\xcc\x1b\xacV8\
yn\x8f\x0b\x10\x91\xfbE\xe4\xc7Z\xeb5n\x0f\x04\
\x8e\xbb\xcbj\xc7\x85\xee%\xe2\xfeyBk\xfd\xa8$\
\x86\x1f\x8bH\x8b\xdb\x83@B\x94H7&\xd9\xb4\x1d\
\xceK\xfdw\xafU\x9d\x0dH\xc4\xe3\xa8/\xd8?\xb1\
\x8f9\x8ewq|y\x9f\x17\xe7\x7f `\x02\x00\x00\
\x00 Q)\xa5\xd2\x94R\xf3\x95R?\x15\x91_\xb7\
k\x85\x93\xeb\xf6\xd8\x00\xcb#\xe6\x0a_\xad\xf5f\xb7\
\x07\x82\xa8\x95\xd1>SDV\xb8=\x16/J\xc0\xfd\
\xf3\xa1\x88|K\x12\x84\xd6\xbaXD~\xe3\xf68\xe0\
]Z\xeb*\x11\xa9\xf0\xd2\x15\xac\x9c\x97l\xd9w\xcb\
\xed\xd8\x1ebW\x02\x1eG}\xc2\xfe\x89}\xccq\xbc\
\x8b\xe3\xcb\xfb\xbc8\xff\xc3\x7f\x100\x01\x00\x00\x00\x90\
P\x94R\x05J\xa9#D\xe4\x1a\xab\x07\xfc\xcfD\xe4\
 \xb7\xc7\x05t\xf2\x82\x15.\xd9\xe3\xf6@\x10=Z\
\xeb:\x111\xe7\xa7%n\x8f\xc5\x8b\x12h\xff\xbc-\
\x22Gk\xad\x1b%\xb1\xfc\x5cD\xca\xdd\x1e\x04\x12\xe2\
*V\xdb\xae`\xe5\xbc\xd4\x7fV\x9b\x9d\xc3\x13`\xdf\
\xa1\x17\x09t\x1c\xf5\x0b\xfb'.0\xc7\xf1(\x8e\xaf\
\x98\xe0\xb9\xf9\x1f\x08\x98\x00\x00\x00\x00H\x00\xea?F\
+\xa5\x8e\x12\x91\x9fX\x95!LK\x9c\x03\xdc\x1e\x1b\
\xd0I\xb3\x88\xfcMD.\xd4Z\x97\xb9=\x18D\x9f\
\xd6z\xb7\xb5\xe0\x96(\xadQ\xfa$\x01\xf6\xcf_\xac\
E\xdc\x1aI0Z\xebZ\x11\xb9\xd6\xedq\xc0\xd3\xd6\
\xdb\xb4\x9dQb#\xceK\xfd\xa7\xb5\xae\xb4ZS\xc6\
\xeb\xbeC\x98\x12\xe08\x8a\x08\xfb'\xb61\xc7\xf16\
\x8e/\xcf\xf3\xe4\xfc/\xd1\x110\x01\x00\x00\x00\x10\xb7\
\x94R\xa9J\xa9\x89\x22r\x96\x88\xdc&\x22\xcf\x8b\xc8\
\xe5\x222\xd8\xed\xb1\xc13t\xbb[PD\x02\xd6\xad\
\xcd\xba\xf9\xdb\xddZ\xad\xfe\xd9\xcd\xednM\x22\xd2\xd8\
\xee\xd6`\xdd\xea\xdb\xdd\xccUQ\xe6C\xc5\x9av\xb7\
j\x11\xa9\xb2n\x95\xd6\x7fw\x8a\xc8}\x22r\x9a\xd6\
\xba\xd4\xed\x1d\x03\xf7\x98\xab\xba\xb5\xd6_\x17\x91\xb3\xe3\
\xecjGs\x0cE,N\xf7O\x89\x88\x9c\xaa\xb5>\
_km\xce+\xae\xefg\xeb\x5c\x16m\xf7\x8a\xc8*\
\x1b\xb7\x17\xb0\xce\xc1\xd1\x16\xe9\xef\xd0\x89\xdf\xa7[\xcf\
i\xfe\x0ez\xed\x0aV\xf3\xf7\xdbV\x9c\x97\xfa\xcfT\
E\xb1\xf6\x9d\x99\xaf\xc7S\xb8\xd6\xcc\x1d\xd1\x07qz\
\x1c\x19\xcc\x7fB\xeb\xcb\xf9\x859\xce\xff0\xc7\xb1\x11\
\xc7\xd7\x17\x98\xff!l\xc9\xe1?\x14\x00\x00\x00\x00\xbc\
\xcf\x94*\x11\x91\x5c\x11)\x12\x91\x85\x22r\x81\x88\x1c\
(\x89mo\x80b\xef\xffww\x9f\x8e\xe0\xb1\x91n\
G\xc2\xb8_\xac\x00\x88\xb6\x82\x1f\xedC!{\xef\x0f\
\xb6{\x5c\xe7\xfb\xf7~_\xc0\xfa\xff@\xbb@\xc9\xde\
\xc7\xb4u\xfa\x9e\xf6\x8f\x95N\xdf\xb3\xf7\xb9\xf6\xfe\x7f\
\xb0\x9b\xc7\xee\x1d\x7f\xa0\xd3\xb8;?\xaf\xb9\x99\xd7m\
\x85\xd6\xda|\xf0\x08|Ak\xfd\x88R\xeaE\x11\xf9\
\xa1\x88\x5c,\x22\x85\x12\xfb-\x16l\x13'\xfb\xc7\x5c\
1\xf9\x1b\xd3\xb2Mk\xdd`\xd7b\xadR\xea#\x11\
\xd9?\xc2M\xbd%Q\xa6\xb5\x0e(\xa5\xcc\xef\xf3U\
\x9b6\xf9\xb6\xd9\xa6D\xdf\xeb\xd6b\xb9\x1d\xde\x90(\
\xb3\xf15d\xf7\xf8\xcd\x98\xec\xf0Oq\x08\xe7\xa5\xfe\
\xd3Z\xffU)\xf5R\xbb}7@b\xdb;n\x0f\
 V\xc5\xc9q\xd4\x1e\xf3\x9f\xd0^\x09\xf7\x81\xccq\
:`\x8e\xe3\x00\x8e/\xe6\x7f\x08\x8f\xd2\xba\xfdgu\
\x00\x00\x00\x00\x10\xb3\xa1\x12\x13\xa0\xcf\x12\x11S\xb1\xe4\
d\x111W\x9f\x0c\xef\xc7\xe6z\x0a=\x84\xfb\xb5\xde\
\x1e\xd3\x97mt~\xec\xde\xb0B\xfbP\xc3\xde[\xfb\
\xfb\xda\x07 \xf6V\xe2hm\x17\xb0hk\xf7\xff~\
k\xbb\xfev\xffn_\xc5\xa3sE\x8f\xf6\xff\xbf\xb7\
\xc2\xc7\xde\xc7\xec\xad\xf4\xb1w\x1c\xfev\xdf\xd3\xf9\xdf\
\x01kL\xed\x83\x19{\xff\xbb7\x88\xb1\xf7q\xbd\xfd\
\x7fw\xfb\xe5\xbf\xff\xef\xd2\x07o\x80\xad\x94R\xe6\xfc\
\xf6U\xeb\x03\xddCE$Mb\xcb#ZksE\
\xa0#bl\xff\xb4X\x1f\xce\x9bvm\x7fs\xa22\
\x80Rj\xb6\xf5\xc1n^?7\xb1QD\x0e\xd2Z\
W\x88\x0b\x94R\x8f\xd8\xb0xa\x16\xc9\x0f\xd6Z\xdb\
u\xd5c\xd8\x94R#E\xe4}\x11\x19\x11\xe1\xa6L\
\xcb\xb4\x93\xb5\x0b\x1f\xe0\xda\xf0\x1a\x12\xab\xd4\xfc\xd9v\
\x8e_)\xf5\x94\x88\x9c\x12\xc1&\x96\x99s\x84\xb9R\
Y\x1c\xc6y)\xe2}w\xb2\xb5\xef\x0e\xf3\xf8\xbe\x8b\
\xfa\xdf\xbcD\x12c\xc7Qw\x98\xff\x84\xf6\x07\xad\xf5\
%}\xf9\x06\xe68_`\x8e\x13\x05\x1c_\xfd\x96\xd0\
\xf3\xbfDA\xc0\x04\x00\x00\x00@\xccSJ\x997\xfa\
\xd3D\xe4{\xd6\x9b\xce\x9cv_\xee\x5c\xc9\xa2\xa70\
F\xfb\x7fw\x0eQ\xb4v\x0a_\xb4o\x9b\xd2\xb9\x95\
J\xfb\xefii\x17\xa4\xd8{\xdf\xde\xc7\xf8C\xdc\xf6\
\x06/\xda\x87@\xba\x1bW\xe7\x00\xc8\xde\xf1\xb7\xbf\xbf\
s\x95\x8f/n\x84.\x80\xd8\xa5\x94\xca\x14\x91\x05\x22\
2\xd7:\xf7\x8d\x17\x91a\xd6\xd5\xde\xe6k^a\xce\
;+D\xe4\x8f\x22\xf2\x97h}\x80\xec\xa1\xfd\xd3`\
-\x00\x94Z\x8b\x19\x9f\x89\xc8R\xf3\xa1\xbc\xd6\xda\xf1\
\x12\xcdJ\xa9\xb1\x22r\x83\x88|\xb9\x0fW_\x9a\x96\
\x18O\x88\xc8MZk\xd3\xca\xcb\x15J)\xd3\xd6\xfb\
\xbb\xd6\xdf\xf5IV\x95\xa7p\x99\x05#s\xe5\xe9u\
Zk\xf3\xf3\xb8B)e^o\xd7[\xf3\x92!}\
<n\xd6\x88\xc8]\x22\xf2'\xad\xf5\xde\xc0h\xd4\xf5\
\xf35d\xc6\xbb\xda:\xee\xef\xb1{\xfcJ)\x9f\xf5\
\xda0\x15\xea\xa6\x84\xf9\xda0\xe7\x9eM\x22\xf2\x98\x88\
\xfc\x22\x9aU9\xf6\xe2\xbcd\xcb\xbe\x9b#\x22\xd3c\
\xe0o\xde\x9fL+\x0c//\x9a\xc6*\x0f\x1dG\xbd\
I\xf4\xf9Oo\xcc\xfb\xd0O\xad*I&l\xd1g\
\xccq\x98\xe3D\x1b\xc7W\xaf\x98\xff%\x18\x02&\x00\
\x00\x00\x00\x00\x00\x00\x00\x00\x00\x00\x00\x08\xc9$\xe5\x00\
\x00\x00\x00\x00\x00\x00\x00\x00\x00\x00\x00\x80\x1e\x110\x01\
\x00\x00\x00\x00\x00\x00\x00\x00\x00\x00\x00@H\x04L\x00\
\x00\x00\x00\x00\x00\x00\x00\x00\x00\x00\x00\x10\x12\x01\x13\x00\
\x00\x00\x00\x00\x00\x00\x00\x00\x00\x00\x00\x84D\xc0\x04\x00\
\x00\x00\x00\x00\x00\x00\x00\x00\x00\x00\x00!\x110\x01\x00\
\x00\x00\x00\x00\x00\x00\x00\x00\x00\x00@H\x04L\x00\x00\
\x00\x00\x00\x00\x00\x00\x00\x00\x00\x00\x10\x12\x01\x13\x00\x00\
\x00\x00\x00\x00\x00\x00\x00\x00\x00\x00\x84D\xc0\x04\x00\x00\
\x00\x00\x00\x00\x00\x00\x00\x00\x00\x00!\x110\x01\x00\x00\
\x00\x00\x00\x00\x00\x00\x00\x00\x00@H\x04L\x00\x00\x00\
\x00\x00\x00\x00\x00\x00\x00\x00\x00\x10\x12\x01\x13\x00\x00\x00\
\x00\x00\x00\x00\x00\x00\x00\x00\x00\x84D\xc0\x04\x00\x00\x00\
\x00\x00\x00\x00\x00\x00\x00\x00\x00!\x110\x01\x00\x00\x00\
\x00\x00\x00\x00\x00\x00\x00\x00@H\x04L\x00\x00\x00\x00\
\x00\x00\x00\x00\x00\x00\x00\x00\x10\x12\x01\x13\x00\x00\x00\x00\
\x00\x00\x00\x00\x00\x00\x00\x00\x84D\xc0\x04\x00\x00\x00\x00\
\x00\x00\x00\x00\x00\x00\x00\x00!\x110\x01\x00\x00\x00\x00\
\x00\x00\x00\x00\x00\x00\x00@H\x04L\x00\x00\x00\x00\x00\
\x00\x00\x00\x00\x00\x00\x00\x10\x12\x01\x13\x00\x00\x00\x00\x00\
\x00\x00\x00\x00\x00\x00\x00\x84D\xc0\x04\x00\x00\x00\x00\x00\
\x00\x00\x00\x00\x00\x00\x00!\x110\x01\x00\x00\x00\x00\x00\
\x00\x00\x00\x00\x00\x00@H\x04L\x00\x00\x00\x00\x00\x00\
\x00\x00\x00\x00\x00\x00\x10\x12\x01\x13\x00\x00\x00\x00\x00\x00\
\x00\x00\x00\x00\x00\x00\x84D\xc0\x04\x00\x00\x00\x00\x00\x00\
\x00\x00\x00\x00\x00\x00!\x110\x01\x00\x00\x00\x00\x00\x00\
\x00\x00\x00\x00\x00@H\x04L\x00\x00\x00\x00\x00\x00\x00\
\x00\x00\x00\x00\x00\x10\x12\x01\x13\x00\x00\x00\x00\x00\x00\x00\
\x00\x00\x00\x00\x00\x84D\xc0\x04\x00\x00\x00\x00\x00\x00\x00\
\x00\x00\x00\x00\x00!\x110\x01\x00\x00\x00\x00\x00\x00\x00\
\x00\x00\x00\x00@H\x04L\x00\x00\x00\x00\x00\x00\x00\x00\
\x00\x00\x00\x00\x10\x12\x01\x13\x00\x00\x00\x00\x00\x00\x00\x00\
\x00\x00\x00\x00\x84D\xc0\x04\x00\x00\x00\x00\x00\x00\x00\x00\
\x00\x00\x00\x00!\x110\x01\x00\x00\x00\x00\x00\x00\x00\x00\
\x00\x00\x00@H\x04L\x00\x00\x00\x00\x00\x00\x00\x00\x00\
\x00\x00\x00\x10\x12\x01\x13\x00\x00\x00\x00\x00\x00\x00\x00\x00\
\x00\x00\x00\x84D\xc0\x04\x00\x00\x00\x00\x00\x00\x00\x00\x00\
\x00\x00\x00!\x110\x01\x00\x00\x00\x00\x00\x00\x00\x00\x00\
\x00\x00@H\x04L\x00\x00\x00\x00\x00\x00\x00\x00\x00\x00\
\x00\x00\x10\x12\x01\x13\x00\x00\x00\x00\x00\x00\x00\x00\x00\x00\
\x00\x00\x84D\xc0\x04\x00\x00\x00\x00\x00\x00\x00\x00\x00\x00\
\x00\x00!\x110\x01\x00\x00\x00\x00\x00\x00\x00\x00\x00\x00\
\x00@H\x04L\x00\x00\x00\x00\x00\x00\x00\x00\x00\x00\x00\
\x00\x10\x12\x01\x13\x00\x00\x00\x00\x00\x00\x00\x00\x00\x00\x00\
\x00\x84D\xc0\x04\x00\x00\x00\x00\x00\x00\x00\x00\x00\x00\x00\
\x00!\x110\x01\x00\x00\x00\x00\x00\x00\x00\x00\x00\x00\x00\
@H\x04L\x00\x00\x00\x00\x00\x00\x00\x00\x00\x00\x00\x00\
\x10\x12\x01\x13\x00\x00\x00\x00\x00\x00\x00\x00\x00\x00\x00\x00\
\x84D\xc0\x04\x00\x00\x00\x00\x00\x00\x00\x00\x00\x00\x00\x00\
!\x110\x01\x00\x00\x00\x00\x00\x00\x00\x00\x00\x00\x00@\
H\x04L\x00\x00\x00\x00\x00\x00\x00\x00\x00\x00\x00\x00\x10\
\x12\x01\x13\x00\x00\x00\x00\x00\x00\x00\x00\x00\x00\x00\x00\x84\
D\xc0\x04\x00\x00\x00\x00\x00\x00\x00\x00\x00\x00\x00\x00!\
\x110\x01\x00\x00\x00\x00\x00\x00\x00\x00\x00\x00\x00@H\
\x04L\x00\x00\x00\x00\x00\x00\x00\x00\x00\x00\x00\x00\x10\x12\
\x01\x13\x00\x00\x00\x00\x00\x00\x00\x00\x00\x00\x00\x00\x84D\
\xc0\x04\x00\x00\x00\x00\x00\x00\x00\x00\x00\x00\x00\x00!\x11\
0\x01\x00\x00\x00\x00\x00\x00\x00\x00\x00\x00\x00@H\x04\
L\x00\x00\x00\x00\x00\x00\x00\x00\x00\x00\x00\x00\x10\x12\x01\
\x13\x00\x00\x00\x00\x00\x00\x00\x00\x00\x00\x00\x00\x84D\xc0\
\x04\x00\x00\x00\x00\x00\x00\x00\x00\x00\x00\x00\x00!\x110\
\x01\x00\x00\x00\x00\x00\x00\x00\x00\x00\x00\x00@H\x04L\
\x00\x00\x00\x00\x00\x00\x00\x00\x00\x00\x00\x00\x10\x12\x01\x13\
\x00\x00\x00\x00\x00\x00\x00\x00\x00\x00\x00\x00\x84D\xc0\x04\
\x00\x00\x00\x00\x00\x00\x00\x00\x00\x00\x00\x00!\x110\x01\
\x00\x00\x00\x00\x00\x00\x00\x00\x00\x00\x00@H\x04L\x00\
\x00\x00\x00\x00\x00\x00\x00\x00\x00\x00\x00\x10\x12\x01\x13\x00\
\x00\x00\x00\x00\x00\x00\x00\x00\x00\x00\x00\x84D\xc0\x04\x00\
\x00\x00\x00\x00\x00\x00\x00\x00\x00\x00\x00!\x110\x01\x00\
\x00\x00\x00\x00\x00\x00\x00\x00\x00\x00@H\x04L\x00\x00\
\x00\x00\x00\x00\x00\x00\x00\x00\x00\x00\x10\x12\x01\x13\x00\x00\
\x00\x00\x00\x00\x00\x00\x00\x00\x00\x00\x84D\xc0\x04\x00\x00\
\x00\x00\x00\x00\x00\x00\x00\x00\x00\x00!\x110\x01\x00\x00\
\x00\x00\x00\x00\x00\x00\x00\x00\x00@H\x04L\x00\x00\x00\
\x00\x00\x00\x00\x00\x00\x00\x00\x00\x10\x12\x01\x13\x00\x00\x00\
\x00\x00\x00\x00\x00\x00\x00\x00\x00\x84D\xc0\x04\x00\x00\x00\
\x00\x00\x00\x00\x00\x00\x00\x00\x00!\x110\x01\x00\x00\x00\
\x00\x00\x00\x00\x00\x00\x00\x00@H\x04L\x00\x00\x00\x00\
\x00\x00\x00\x00\x00\x00\x00\x00\x10\x12\x01\x13\x00\x00\x00\x00\
\x00\x00\x00\x00\x00\x00\x00\x00\x84D\xc0\x04\x00\x00\x00\x00\
\x00\x00\x00\x00\x00\x00\x00\x00!\x110\x01\x00\x00\x00\x00\
\x00\x00\x00\x00\x00\x00\x00@H\x04L\x00\x00\x00\x00\x00\
\x00\x00\x00\x00\x00\x00\x00\x10\x12\x01\x13\x00\x00\x00\x00\x00\
\x00\x00\x00\x00\x00\x00\x00\x84D\xc0\x04\x00\x00\x00\x00\x00\
\x00\x00\x00\x00\x00\x00\x00!\x110\x01\x00\x00\x00\x00\x00\
\x00\x00\x00\x00\x00\x00@H\x04L\x00\x00\x00\x00\x00\x00\
\x00\x00\x00\x00\x00\x00\x10\x12\x01\x13\x00\x00\x00\x00\x00\x00\
\x00\x00\x00\x00\x00\x00\x84D\xc0\x04\x00\x00\x00\x00\x00\x00\
\x00\x00\x00\x00\x00\x00!\x110\x01\x00\x00\x00\x00\x00\x00\
\x00\x00\x00\x00\x00@H\x04L\x00\x00\x00\x00\x00\x00\x00\
\x00\x00\x00\x00\x00\x10\x12\x01\x13\x00\x00\x00\x00\x00\x00\x00\
\x00\x00\x00\x00\x00\x84D\xc0\x04\x00\x00\x00\x00\x00\x00\x00\
\x00\x00\x00\x00\x00!\x110\x01\x00\x00\x00\x00\x00\x00\x00\
\x00\x00\x00\x00@H\x04L\x00\x00\x00\x00\x00\x00\x00\x00\
\x00\x00\x00\x00\x10\x12\x01\x13\x00\x00\x00\x00\x00\x00\x00\x00\
\x00\x00\x00\x00\x84D\xc0\x04\x00\x00\x00\x00\x00\x00\x00\x00\
\x00\x00\x00\x00!\x110\x01\x00\x00\x00\x00\x00\x00\x00\x00\
\x00\x00\x00@H\x04L\x00\x00\x00\x00\x00\x00\x00\x00\x00\
\x00\x00\x00\x10\x12\x01\x13\x00\x00\x00\x00\x00\x00\x00\x00\x00\
\x00\x00\x00\x84D\xc0\x04\x00\x00\x00\x00\x00\x00\x00\x00\x00\
\x00\x00\x00!\x110\x01\x00\x00\x00\x00\x00\x00\x00\x00\x00\
\x00\x00@H\x04L\x00\x00\x00\x00\x00\x00\x00\x00\x00\x00\
\x00\x00\x10\x12\x01\x13\x00\x00\x00\x00\x00\x00\x00\x00\x00\x00\
\x00\x00\x84D\xc0\x04\x00\x00\x00\x00\x00\x00\x00\x00\x00\x00\
\x00\x00!\x110\x01\x00\x00\x00\x00\x00\x00\x00\x00\x00\x00\
\x00@H\x04L\x00\x00\x00\x00\x00\x00\x00\x00\x00\x00\x00\
\x00\x10\x12\x01\x13\x00\x00\x00\x00\x00\x00\x00\x00\x00\x00\x00\
\x00\x84D\xc0\x04\x00\x00\x00\x00\x00\x00\x00\x00\x00\x00\x00\
\x00!\x110\x01\x00\x00\x00\x00\x00\x00\x00\x00\x00\x00\x00\
@H\x04L\x00\x00\x00\x00\x00\x00\x00\x00\x00\x00\x00\x00\
\x10\x12\x01\x13\x00\x00\x00\x00\x00\x00\x00\x00\x00\x00\x00\x00\
\x84D\xc0\x04\x00\x00\x00\x00\x00\x00\x00\x00\x00\x00\x00\x00\
!\x110\x01\x00\x00\x00\x00\x00\x00\x00\x00\x00\x00\x00@\
H\x04L\x00\x00\x00\x00\x00\x00\x00\x00\x00\x00\x00\x00\x10\
\x12\x01\x13\x00\x00\x00\x00\x00\x00\x00\x00\x00\x00\x00\x00\x84\
D\xc0\x04\x00\x00\x00\x00\x00\x00\x00\x00\x00\x00\x00\x00!\
\x110\x01\x00\x00\x00\x00\x00\x00\x00\x00\x00\x00\x00@H\
\x04L\x00\x00\x00\x00\x00\x00\x00\x00\x00\x00\x00\x00\x10\x12\
\x01\x13\x00\x00\x00\x00\x00\x00\x00\x00\x00\x00\x00\x00\x84D\
\xc0\x04\x00\x00\x00\x00\x00\x00\x00\x00\x00\x00\x00\x00!\x11\
0\x01\x00\x00\x00\x00\x00\x00\x00\x00\x00\x00\x00@H\x04\
L\x00\x00\x00\x00\x00\x00\x00\x00\x00\x00\x00\x00\x10\x12\x01\
\x13\x00\x00\x00\x00\x00\x00\x00\x00\x00\x00\x00\x00\x84D\xc0\
\x04\x00\x00\x00\x00\x00\x00\x00\x00\x00\x00\x00\x00!\x110\
\x01\x00\x00\x00\x00\x00\x00\x00\x00\x00\x00\x00@H\x04L\
\x00\x00\x00\x00\x00\x00\x00\x00\x00\x00\x00\x00\x10\x12\x01\x13\
\x00\x00\x00\x00\x00\x00\x00\x00\x00\x00\x00\x00\x84D\xc0\x04\
\x00\x00\x00\x00\x00\x00\x00\x00\x00\x00\x00\x00!\x110\x01\
\x00\x00\x00\x00\x00\x00\x00\x00\x00\x00\x00@H\x04L\x00\
\x00\x00\x00\x00\x00\x00\x00\x00\x00\x00\x00\x10\x12\x01\x13\x00\
\x00\x00\x00\x00\x00\x00\x00\x00\x00\x00\x00\x84D\xc0\x04\x00\
\x00\x00\x00\x00\x00\x00\x00\x00\x00\x00\x00!\x110\x01\x00\
\x00\x00\x00\x00\x00\x00\x00\x00\x00\x00@H\x04L\x00\x00\
\x00\x00\x00\x00\x00\x00\x00\x00\x00\x00\x10\x12\x01\x13\x00\x00\
\x00\x00\x00\x00\x00\x00\x00\x00\x00\x00\x84D\xc0\x04\x00\x00\
\x00\x00\x00\x00\x00\x00\x00\x00\x00\x00!\x110\x01\x00\x00\
\x00\x00\x00\x00\x00\x00\x00\x00\x00@H\x04L\x00\x00\x00\
\x00\x00\x00\x00\x00\x00\x00\x00\x00\x10\x12\x01\x13\x00\x00\x00\
\x00\x00\x00\x00\x00\x00\x00\x00\x00\x84D\xc0\x04\x00\x00\x00\
\x00\x00\x00\x00\x00\x00\x00\x00\x00!\x110\x01\x00\x00\x00\
\x00\x00\x00\x00\x00\x00\x00\x00@H\x04L\x00\x00\x00\x00\
\x00\x00\x00\x00\x00\x00\x00\x00\x10\x12\x01\x13\x00\x00\x00\x00\
\x00\x00\x00\x00\x00\x00\x00\x00\x84D\xc0\x04\x00\x00\x00\x00\
\x00\x00\x00\x00\x00\x00\x00\x00!\x110\x01\x00\x00\x00\x00\
\x00\x00\x00\x00\x00\x00\x00@H\x04L\x00\x00\x00\x00\x00\
\x00\x00\x00\x00\x00\x00\x00\x10\x12\x01\x13\x00\x00\x00\x00\x00\
\x00\x00\x00\x00\x00\x00\x00\x84D\xc0\x04\x00\x00\x00\x00\x00\
\x00\x00\x00\x00\x00\x00\x00!\x110\x01\x00\x00\x00\x00\x00\
\x00\x00\x00\x00\x00\x00@H\x04L\x00\x00\x00\x00\x00\x00\
\x00\x00\x00\x00\x00\x00\x10\x12\x01\x13\x00\x00\x00\x00\x00\x00\
\x00\x00\x00\x00\x00\x00\x84D\xc0\x04\x00\x00\x00\x00\x00\x00\
\x00\x00\x00\x00\x00\x00!\x110\x01\x00\x00\x00\x00\x00\x00\
\x00\x00\x00\x00\x00@H\x04L\x00\x00\x00\x00\x00\x00\x00\
\x00\x00\x00\x00\x00\x10\x12\x01\x13\x00\x00\x00\x00\x00\x00\x00\
\x00\x00\x00\x00\x00\x84D\xc0\x04\x00\x00\x00\x00\x00\x00\x00\
\x00\x00\x00\x00\x00!\x110\x01\x00\x00\x00\x00\x00\x00\x00\
\x00\x00\x00\x00@H\x04L\x00\x00\x00\x00\x00\x00\x00\x00\
\x00\x00\x00\x00\x10\x12\x01\x13\x00\x00\x00\x00\x00\x00\x00\x00\
\x00\x00\x00\x00\x84D\xc0\x04\x00\x00\x00\x00\x00\x00\x00\x00\
\x00\x00\x00\x00!\x110\x01\x00\x00\x00\x00\x00\x00\x00\x00\
\x00\x00\x00@H\x04L\x00\x00\x00\x00\x00\x00\x00\x00\x00\
\x00\x00\x00\x10\x12\x01\x13\x00\x00\x00\x00\x00\x00\x00\x00\x00\
\x00\x00\x00\x84D\xc0\x04\x00\x00\x00\x00\x00\x00\x00\x00\x00\
\x00\x00\x00!\x110\x01\x00\x00\x00\x00\x00\x00\x00\x00\x00\
\x00\x00@H\x04L\x00\x00\x00\x00\x00\x00\x00\x00\x00\x00\
\x00\x00\x10\x12\x01\x13\x00\x00\x00\x00\x00\x00\x00\x00\x00\x00\
\x00\x00\x84D\xc0\x04\x00\x00\x00\x00\x00\x00\x00\x00\x00\x00\
\x00\x00!\x110\x01\x00\x00\x00\x00\x00\x00\x00\x00\x00\x00\
\x00@H\x04L\x00\x00\x00\x00\x00\x00\x00\x00\x00\x00\x00\
\x00\x10\x12\x01\x13\x00\x00\x00\x00\x00\x00\x00\x00\x00\x00\x00\
\x00H(\xff\x0f\xb4\xef`\xaf\xd0\x83Q`\x00\x00\x00\
\x00IEND\xaeB`\x82\
"

qt_resource_name = b"\
\x00\x03\
\x00\x00v\xf3\
\x00p\
\x00i\x00c\
\x00\x04\
\x00\x06\xfa^\
\x00i\
\x00c\x00o\x00n\
\x00\x03\
\x00\x00x\xc3\
\x00r\
\x00e\x00s\
\x00\x0e\
\x0erl'\
\x00c\
\x00o\x00n\x00t\x00r\x00o\x00l\x00l\x00e\x00r\x00.\x00s\x00v\x00g\
\x00\x08\
\x00\x9eW\xa7\
\x00d\
\x00i\x00s\x00k\x00.\x00s\x00v\x00g\
\x00\x0b\
\x02^N'\
\x00d\
\x00i\x00s\x00p\x00l\x00a\x00y\x00.\x00s\x00v\x00g\
\x00\x09\
\x06\x98\x8e\xa7\
\x00c\
\x00l\x00o\x00s\x00e\x00.\x00s\x00v\x00g\
\x00\x0c\
\x0f\x88\xfaG\
\x00m\
\x00i\x00n\x00i\x00m\x00i\x00z\x00e\x00.\x00s\x00v\x00g\
\x00\x09\
\x06\xc7\x95\xe7\
\x00a\
\x00b\x00o\x00u\x00t\x00.\x00s\x00v\x00g\
\x00\x0c\
\x01\x13\xc9G\
\x00o\
\x00v\x00e\x00r\x00v\x00i\x00e\x00w\x00.\x00s\x00v\x00g\
\x00\x0b\
\x00\xbd\xcd\xa7\
\x00s\
\x00e\x00t\x00t\x00i\x00n\x00g\x00.\x00s\x00v\x00g\
\x00\x09\
\x09\x08\xe6\x87\
\x00T\
\x00I\x00T\x00L\x00E\x00.\x00p\x00n\x00g\
"

qt_resource_struct = b"\
\x00\x00\x00\x00\x00\x02\x00\x00\x00\x02\x00\x00\x00\x01\
\x00\x00\x00\x00\x00\x00\x00\x00\
\x00\x00\x00\x00\x00\x02\x00\x00\x00\x01\x00\x00\x00\x0c\
\x00\x00\x00\x00\x00\x00\x00\x00\
\x00\x00\x00\x0c\x00\x02\x00\x00\x00\x01\x00\x00\x00\x03\
\x00\x00\x00\x00\x00\x00\x00\x00\
\x00\x00\x00\x1a\x00\x02\x00\x00\x00\x08\x00\x00\x00\x04\
\x00\x00\x00\x00\x00\x00\x00\x00\
\x00\x00\x00H\x00\x00\x00\x00\x00\x01\x00\x00\x04\x8b\
\x00\x00\x01\x9b:5\xbf\x19\
\x00\x00\x00\xe6\x00\x00\x00\x00\x00\x01\x00\x00\x1be\
\x00\x00\x01\x9b:3\xaa\x18\
\x00\x00\x00\xc8\x00\x01\x00\x00\x00\x01\x00\x00\x19\xa6\
\x00\x00\x01\x9b:3\xda\xad\
\x00\x00\x00^\x00\x00\x00\x00\x00\x01\x00\x00\x0c\xcc\
\x00\x00\x01\x9b:3\xfd\xf7\
\x00\x00\x00z\x00\x00\x00\x00\x00\x01\x00\x00\x0f\x9e\
\x00\x00\x01\x9b\x18\xc5\xc9\xe8\
\x00\x00\x00\xb0\x00\x00\x00\x00\x00\x01\x00\x00\x16\xa6\
\x00\x00\x01\x9b:4@\xbd\
\x00\x00\x00&\x00\x00\x00\x00\x00\x01\x00\x00\x00\x00\
\x00\x00\x01\x9b:4i\x9a\
\x00\x00\x00\x92\x00\x00\x00\x00\x00\x01\x00\x00\x11\xdd\
\x00\x00\x01\x9b\x18\xe6\xf1\xc4\
\x00\x00\x00\x1a\x00\x02\x00\x00\x00\x01\x00\x00\x00\x0d\
\x00\x00\x00\x00\x00\x00\x00\x00\
\x00\x00\x01\x02\x00\x00\x00\x00\x00\x01\x00\x00%e\
\x00\x00\x01\x9b:/\xbf\xa3\
"

def qInitResources():
    QtCore.qRegisterResourceData(0x03, qt_resource_struct, qt_resource_name, qt_resource_data)

def qCleanupResources():
    QtCore.qUnregisterResourceData(0x03, qt_resource_struct, qt_resource_name, qt_resource_data)

qInitResources()
